perplexity,early_exaggeration,pca_components,metric,explained_variance,spearman_rho,p_value,n_pairs,pdf,status,error
100,10,40,euclidean,0.16680955975035866,0.794591138319637,0.0,99990,tsne_shepard_results/pdf/tsne_shepard _p100_e10_pca40_euclidean.pdf,OK,
90,10,40,euclidean,0.16680955975035866,0.7935745901241364,0.0,99990,tsne_shepard_results/pdf/tsne_shepard _p90_e10_pca40_euclidean.pdf,OK,
100,12,40,euclidean,0.16680955975035866,0.7930125404204993,0.0,99990,tsne_shepard_results/pdf/tsne_shepard _p100_e12_pca40_euclidean.pdf,OK,
80,10,40,euclidean,0.16680955975035866,0.7925355007088825,0.0,99990,tsne_shepard_results/pdf/tsne_shepard _p80_e10_pca40_euclidean.pdf,OK,
90,12,40,euclidean,0.16680955975035866,0.7920393944695859,0.0,99990,tsne_shepard_results/pdf/tsne_shepard _p90_e12_pca40_euclidean.pdf,OK,
100,14,40,euclidean,0.16680955975035866,0.7908825505764306,0.0,99990,tsne_shepard_results/pdf/tsne_shepard _p100_e14_pca40_euclidean.pdf,OK,
70,10,40,euclidean,0.16680955975035866,0.7905266380570213,0.0,99990,tsne_shepard_results/pdf/tsne_shepard _p70_e10_pca40_euclidean.pdf,OK,
80,12,40,euclidean,0.16680955975035866,0.7895683954855399,0.0,99990,tsne_shepard_results/pdf/tsne_shepard _p80_e12_pca40_euclidean.pdf,OK,
90,14,40,euclidean,0.16680955975035866,0.7894276336181277,0.0,99990,tsne_shepard_results/pdf/tsne_shepard _p90_e14_pca40_euclidean.pdf,OK,
80,14,40,euclidean,0.16680955975035866,0.7891222435137355,0.0,99990,tsne_shepard_results/pdf/tsne_shepard _p80_e14_pca40_euclidean.pdf,OK,
60,10,40,euclidean,0.16680955975035866,0.7885890644717334,0.0,99990,tsne_shepard_results/pdf/tsne_shepard _p60_e10_pca40_euclidean.pdf,OK,
70,12,40,euclidean,0.16680955975035866,0.7878431098698981,0.0,99990,tsne_shepard_results/pdf/tsne_shepard _p70_e12_pca40_euclidean.pdf,OK,
10,14,40,euclidean,0.16680955975035866,0.7877290977833505,0.0,99990,tsne_shepard_results/pdf/tsne_shepard _p10_e14_pca40_euclidean.pdf,OK,
20,10,40,euclidean,0.16680955975035866,0.7874206256497188,0.0,99990,tsne_shepard_results/pdf/tsne_shepard _p20_e10_pca40_euclidean.pdf,OK,
50,10,40,euclidean,0.16680955975035866,0.7873906608028481,0.0,99990,tsne_shepard_results/pdf/tsne_shepard _p50_e10_pca40_euclidean.pdf,OK,
60,14,40,euclidean,0.16680955975035866,0.7873651068796826,0.0,99990,tsne_shepard_results/pdf/tsne_shepard _p60_e14_pca40_euclidean.pdf,OK,
20,12,40,euclidean,0.16680955975035866,0.787326818477093,0.0,99990,tsne_shepard_results/pdf/tsne_shepard _p20_e12_pca40_euclidean.pdf,OK,
100,20,40,euclidean,0.16680955975035866,0.787212697395574,0.0,99990,tsne_shepard_results/pdf/tsne_shepard _p100_e20_pca40_euclidean.pdf,OK,
10,10,40,euclidean,0.16680955975035866,0.7870404733067181,0.0,99990,tsne_shepard_results/pdf/tsne_shepard _p10_e10_pca40_euclidean.pdf,OK,
10,12,40,euclidean,0.16680955975035866,0.7870098484344679,0.0,99990,tsne_shepard_results/pdf/tsne_shepard _p10_e12_pca40_euclidean.pdf,OK,
60,12,40,euclidean,0.16680955975035866,0.7869730679516734,0.0,99990,tsne_shepard_results/pdf/tsne_shepard _p60_e12_pca40_euclidean.pdf,OK,
20,14,40,euclidean,0.16680955975035866,0.7867918609011126,0.0,99990,tsne_shepard_results/pdf/tsne_shepard _p20_e14_pca40_euclidean.pdf,OK,
70,14,40,euclidean,0.16680955975035866,0.7865300432870677,0.0,99990,tsne_shepard_results/pdf/tsne_shepard _p70_e14_pca40_euclidean.pdf,OK,
40,10,40,euclidean,0.16680955975035866,0.7865189898566348,0.0,99990,tsne_shepard_results/pdf/tsne_shepard _p40_e10_pca40_euclidean.pdf,OK,
90,20,40,euclidean,0.16680955975035866,0.7864852386104827,0.0,99990,tsne_shepard_results/pdf/tsne_shepard _p90_e20_pca40_euclidean.pdf,OK,
80,20,40,euclidean,0.16680955975035866,0.786067809822594,0.0,99990,tsne_shepard_results/pdf/tsne_shepard _p80_e20_pca40_euclidean.pdf,OK,
10,14,40,manhattan,0.16680955975035866,0.7860343539552928,0.0,99990,tsne_shepard_results/pdf/tsne_shepard _p10_e14_pca40_manhattan.pdf,OK,
10,12,40,manhattan,0.16680955975035866,0.7859690651004115,0.0,99990,tsne_shepard_results/pdf/tsne_shepard _p10_e12_pca40_manhattan.pdf,OK,
20,20,40,euclidean,0.16680955975035866,0.7858700971569877,0.0,99990,tsne_shepard_results/pdf/tsne_shepard _p20_e20_pca40_euclidean.pdf,OK,
50,12,40,euclidean,0.16680955975035866,0.7854862845121344,0.0,99990,tsne_shepard_results/pdf/tsne_shepard _p50_e12_pca40_euclidean.pdf,OK,
10,20,40,euclidean,0.16680955975035866,0.7852637790400182,0.0,99990,tsne_shepard_results/pdf/tsne_shepard _p10_e20_pca40_euclidean.pdf,OK,
50,14,40,euclidean,0.16680955975035866,0.7852235798110799,0.0,99990,tsne_shepard_results/pdf/tsne_shepard _p50_e14_pca40_euclidean.pdf,OK,
10,10,40,manhattan,0.16680955975035866,0.785055214095565,0.0,99990,tsne_shepard_results/pdf/tsne_shepard _p10_e10_pca40_manhattan.pdf,OK,
30,10,40,euclidean,0.16680955975035866,0.7850087132425974,0.0,99990,tsne_shepard_results/pdf/tsne_shepard _p30_e10_pca40_euclidean.pdf,OK,
60,20,40,euclidean,0.16680955975035866,0.7849700309852031,0.0,99990,tsne_shepard_results/pdf/tsne_shepard _p60_e20_pca40_euclidean.pdf,OK,
70,20,40,euclidean,0.16680955975035866,0.7848765187602591,0.0,99990,tsne_shepard_results/pdf/tsne_shepard _p70_e20_pca40_euclidean.pdf,OK,
40,12,40,euclidean,0.16680955975035866,0.7848254050989965,0.0,99990,tsne_shepard_results/pdf/tsne_shepard _p40_e12_pca40_euclidean.pdf,OK,
30,12,40,euclidean,0.16680955975035866,0.7844592869080036,0.0,99990,tsne_shepard_results/pdf/tsne_shepard _p30_e12_pca40_euclidean.pdf,OK,
40,14,40,euclidean,0.16680955975035866,0.78426046342611,0.0,99990,tsne_shepard_results/pdf/tsne_shepard _p40_e14_pca40_euclidean.pdf,OK,
10,20,40,manhattan,0.16680955975035866,0.7841246245679881,0.0,99990,tsne_shepard_results/pdf/tsne_shepard _p10_e20_pca40_manhattan.pdf,OK,
90,10,40,manhattan,0.16680955975035866,0.7840264014620763,0.0,99990,tsne_shepard_results/pdf/tsne_shepard _p90_e10_pca40_manhattan.pdf,OK,
30,14,40,euclidean,0.16680955975035866,0.7839457477917248,0.0,99990,tsne_shepard_results/pdf/tsne_shepard _p30_e14_pca40_euclidean.pdf,OK,
30,20,40,euclidean,0.16680955975035866,0.7838220332793497,0.0,99990,tsne_shepard_results/pdf/tsne_shepard _p30_e20_pca40_euclidean.pdf,OK,
10,300,40,euclidean,0.16680955975035866,0.7838075434448067,0.0,99990,tsne_shepard_results/pdf/tsne_shepard _p10_e300_pca40_euclidean.pdf,OK,
50,20,40,euclidean,0.16680955975035866,0.7837321172483109,0.0,99990,tsne_shepard_results/pdf/tsne_shepard _p50_e20_pca40_euclidean.pdf,OK,
100,10,40,manhattan,0.16680955975035866,0.7834328819477775,0.0,99990,tsne_shepard_results/pdf/tsne_shepard _p100_e10_pca40_manhattan.pdf,OK,
40,20,40,euclidean,0.16680955975035866,0.7833358224969271,0.0,99990,tsne_shepard_results/pdf/tsne_shepard _p40_e20_pca40_euclidean.pdf,OK,
10,300,40,manhattan,0.16680955975035866,0.782940600537562,0.0,99990,tsne_shepard_results/pdf/tsne_shepard _p10_e300_pca40_manhattan.pdf,OK,
80,10,40,manhattan,0.16680955975035866,0.7828037940237154,0.0,99990,tsne_shepard_results/pdf/tsne_shepard _p80_e10_pca40_manhattan.pdf,OK,
20,1000,40,euclidean,0.16680955975035866,0.7827586956686613,0.0,99990,tsne_shepard_results/pdf/tsne_shepard _p20_e1000_pca40_euclidean.pdf,OK,
100,12,40,manhattan,0.16680955975035866,0.7819849874634591,0.0,99990,tsne_shepard_results/pdf/tsne_shepard _p100_e12_pca40_manhattan.pdf,OK,
10,100,40,euclidean,0.16680955975035866,0.7818717802881248,0.0,99990,tsne_shepard_results/pdf/tsne_shepard _p10_e100_pca40_euclidean.pdf,OK,
20,10,40,manhattan,0.16680955975035866,0.7814273049501247,0.0,99990,tsne_shepard_results/pdf/tsne_shepard _p20_e10_pca40_manhattan.pdf,OK,
90,12,40,manhattan,0.16680955975035866,0.7813205233018812,0.0,99990,tsne_shepard_results/pdf/tsne_shepard _p90_e12_pca40_manhattan.pdf,OK,
20,12,40,manhattan,0.16680955975035866,0.7811200078701939,0.0,99990,tsne_shepard_results/pdf/tsne_shepard _p20_e12_pca40_manhattan.pdf,OK,
20,14,40,manhattan,0.16680955975035866,0.7810861587600179,0.0,99990,tsne_shepard_results/pdf/tsne_shepard _p20_e14_pca40_manhattan.pdf,OK,
20,20,40,manhattan,0.16680955975035866,0.7809260931257774,0.0,99990,tsne_shepard_results/pdf/tsne_shepard _p20_e20_pca40_manhattan.pdf,OK,
100,100,40,euclidean,0.16680955975035866,0.7808790487507878,0.0,99990,tsne_shepard_results/pdf/tsne_shepard _p100_e100_pca40_euclidean.pdf,OK,
80,12,40,manhattan,0.16680955975035866,0.7808322320465833,0.0,99990,tsne_shepard_results/pdf/tsne_shepard _p80_e12_pca40_manhattan.pdf,OK,
10,100,40,manhattan,0.16680955975035866,0.780622193649163,0.0,99990,tsne_shepard_results/pdf/tsne_shepard _p10_e100_pca40_manhattan.pdf,OK,
70,10,40,manhattan,0.16680955975035866,0.7804166661945873,0.0,99990,tsne_shepard_results/pdf/tsne_shepard _p70_e10_pca40_manhattan.pdf,OK,
50,10,40,manhattan,0.16680955975035866,0.7804099571910109,0.0,99990,tsne_shepard_results/pdf/tsne_shepard _p50_e10_pca40_manhattan.pdf,OK,
60,10,40,manhattan,0.16680955975035866,0.7802572704167902,0.0,99990,tsne_shepard_results/pdf/tsne_shepard _p60_e10_pca40_manhattan.pdf,OK,
100,14,40,manhattan,0.16680955975035866,0.7801449983349589,0.0,99990,tsne_shepard_results/pdf/tsne_shepard _p100_e14_pca40_manhattan.pdf,OK,
100,300,40,euclidean,0.16680955975035866,0.7801092941239601,0.0,99990,tsne_shepard_results/pdf/tsne_shepard _p100_e300_pca40_euclidean.pdf,OK,
60,12,40,manhattan,0.16680955975035866,0.780087452694209,0.0,99990,tsne_shepard_results/pdf/tsne_shepard _p60_e12_pca40_manhattan.pdf,OK,
50,12,40,manhattan,0.16680955975035866,0.7799807432071216,0.0,99990,tsne_shepard_results/pdf/tsne_shepard _p50_e12_pca40_manhattan.pdf,OK,
70,12,40,manhattan,0.16680955975035866,0.7796104967564381,0.0,99990,tsne_shepard_results/pdf/tsne_shepard _p70_e12_pca40_manhattan.pdf,OK,
80,14,40,manhattan,0.16680955975035866,0.7795418757105294,0.0,99990,tsne_shepard_results/pdf/tsne_shepard _p80_e14_pca40_manhattan.pdf,OK,
60,14,40,manhattan,0.16680955975035866,0.7791719224285613,0.0,99990,tsne_shepard_results/pdf/tsne_shepard _p60_e14_pca40_manhattan.pdf,OK,
90,14,40,manhattan,0.16680955975035866,0.7789603805243297,0.0,99990,tsne_shepard_results/pdf/tsne_shepard _p90_e14_pca40_manhattan.pdf,OK,
100,1000,40,euclidean,0.16680955975035866,0.7789073077902056,0.0,99990,tsne_shepard_results/pdf/tsne_shepard _p100_e1000_pca40_euclidean.pdf,OK,
50,14,40,manhattan,0.16680955975035866,0.778758406727261,0.0,99990,tsne_shepard_results/pdf/tsne_shepard _p50_e14_pca40_manhattan.pdf,OK,
70,14,40,manhattan,0.16680955975035866,0.778602069828167,0.0,99990,tsne_shepard_results/pdf/tsne_shepard _p70_e14_pca40_manhattan.pdf,OK,
100,20,40,manhattan,0.16680955975035866,0.7783945430563558,0.0,99990,tsne_shepard_results/pdf/tsne_shepard _p100_e20_pca40_manhattan.pdf,OK,
80,20,40,manhattan,0.16680955975035866,0.7781301752697186,0.0,99990,tsne_shepard_results/pdf/tsne_shepard _p80_e20_pca40_manhattan.pdf,OK,
40,10,40,manhattan,0.16680955975035866,0.7779654445889979,0.0,99990,tsne_shepard_results/pdf/tsne_shepard _p40_e10_pca40_manhattan.pdf,OK,
70,20,40,manhattan,0.16680955975035866,0.7779223787557952,0.0,99990,tsne_shepard_results/pdf/tsne_shepard _p70_e20_pca40_manhattan.pdf,OK,
40,12,40,manhattan,0.16680955975035866,0.7778978467233558,0.0,99990,tsne_shepard_results/pdf/tsne_shepard _p40_e12_pca40_manhattan.pdf,OK,
30,10,40,manhattan,0.16680955975035866,0.7774703062747622,0.0,99990,tsne_shepard_results/pdf/tsne_shepard _p30_e10_pca40_manhattan.pdf,OK,
30,14,40,manhattan,0.16680955975035866,0.7774394398616264,0.0,99990,tsne_shepard_results/pdf/tsne_shepard _p30_e14_pca40_manhattan.pdf,OK,
20,1000,40,manhattan,0.16680955975035866,0.777390253805516,0.0,99990,tsne_shepard_results/pdf/tsne_shepard _p20_e1000_pca40_manhattan.pdf,OK,
60,20,40,manhattan,0.16680955975035866,0.7773339092063652,0.0,99990,tsne_shepard_results/pdf/tsne_shepard _p60_e20_pca40_manhattan.pdf,OK,
90,20,40,manhattan,0.16680955975035866,0.7772946151917424,0.0,99990,tsne_shepard_results/pdf/tsne_shepard _p90_e20_pca40_manhattan.pdf,OK,
30,12,40,manhattan,0.16680955975035866,0.7770766154704001,0.0,99990,tsne_shepard_results/pdf/tsne_shepard _p30_e12_pca40_manhattan.pdf,OK,
30,20,40,manhattan,0.16680955975035866,0.7770547362843271,0.0,99990,tsne_shepard_results/pdf/tsne_shepard _p30_e20_pca40_manhattan.pdf,OK,
40,14,40,manhattan,0.16680955975035866,0.7766405349994224,0.0,99990,tsne_shepard_results/pdf/tsne_shepard _p40_e14_pca40_manhattan.pdf,OK,
50,20,40,manhattan,0.16680955975035866,0.7762661978460608,0.0,99990,tsne_shepard_results/pdf/tsne_shepard _p50_e20_pca40_manhattan.pdf,OK,
40,20,40,manhattan,0.16680955975035866,0.7762070335138543,0.0,99990,tsne_shepard_results/pdf/tsne_shepard _p40_e20_pca40_manhattan.pdf,OK,
20,300,40,euclidean,0.16680955975035866,0.7756521342949392,0.0,99990,tsne_shepard_results/pdf/tsne_shepard _p20_e300_pca40_euclidean.pdf,OK,
90,300,40,euclidean,0.16680955975035866,0.7752055374582307,0.0,99990,tsne_shepard_results/pdf/tsne_shepard _p90_e300_pca40_euclidean.pdf,OK,
90,100,40,euclidean,0.16680955975035866,0.7744393591709909,0.0,99990,tsne_shepard_results/pdf/tsne_shepard _p90_e100_pca40_euclidean.pdf,OK,
30,1000,40,euclidean,0.16680955975035866,0.7737913085057607,0.0,99990,tsne_shepard_results/pdf/tsne_shepard _p30_e1000_pca40_euclidean.pdf,OK,
90,1000,40,euclidean,0.16680955975035866,0.7736269075452719,0.0,99990,tsne_shepard_results/pdf/tsne_shepard _p90_e1000_pca40_euclidean.pdf,OK,
80,100,40,euclidean,0.16680955975035866,0.7731795793829709,0.0,99990,tsne_shepard_results/pdf/tsne_shepard _p80_e100_pca40_euclidean.pdf,OK,
100,1000,40,manhattan,0.16680955975035866,0.7731205491983432,0.0,99990,tsne_shepard_results/pdf/tsne_shepard _p100_e1000_pca40_manhattan.pdf,OK,
80,300,40,euclidean,0.16680955975035866,0.7728920489748038,0.0,99990,tsne_shepard_results/pdf/tsne_shepard _p80_e300_pca40_euclidean.pdf,OK,
40,1000,40,euclidean,0.16680955975035866,0.7728379496551725,0.0,99990,tsne_shepard_results/pdf/tsne_shepard _p40_e1000_pca40_euclidean.pdf,OK,
100,100,40,manhattan,0.16680955975035866,0.7726741067673143,0.0,99990,tsne_shepard_results/pdf/tsne_shepard _p100_e100_pca40_manhattan.pdf,OK,
30,1000,40,manhattan,0.16680955975035866,0.7725682385950573,0.0,99990,tsne_shepard_results/pdf/tsne_shepard _p30_e1000_pca40_manhattan.pdf,OK,
20,300,40,manhattan,0.16680955975035866,0.7724305564566146,0.0,99990,tsne_shepard_results/pdf/tsne_shepard _p20_e300_pca40_manhattan.pdf,OK,
90,1000,40,manhattan,0.16680955975035866,0.7723588760377231,0.0,99990,tsne_shepard_results/pdf/tsne_shepard _p90_e1000_pca40_manhattan.pdf,OK,
20,100,40,euclidean,0.16680955975035866,0.7722879115482303,0.0,99990,tsne_shepard_results/pdf/tsne_shepard _p20_e100_pca40_euclidean.pdf,OK,
100,300,40,manhattan,0.16680955975035866,0.7722413001527009,0.0,99990,tsne_shepard_results/pdf/tsne_shepard _p100_e300_pca40_manhattan.pdf,OK,
80,1000,40,euclidean,0.16680955975035866,0.7721416835407227,0.0,99990,tsne_shepard_results/pdf/tsne_shepard _p80_e1000_pca40_euclidean.pdf,OK,
60,1000,40,euclidean,0.16680955975035866,0.7719393348700502,0.0,99990,tsne_shepard_results/pdf/tsne_shepard _p60_e1000_pca40_euclidean.pdf,OK,
70,300,40,euclidean,0.16680955975035866,0.7710608746185142,0.0,99990,tsne_shepard_results/pdf/tsne_shepard _p70_e300_pca40_euclidean.pdf,OK,
30,300,40,euclidean,0.16680955975035866,0.7708866837970206,0.0,99990,tsne_shepard_results/pdf/tsne_shepard _p30_e300_pca40_euclidean.pdf,OK,
70,1000,40,euclidean,0.16680955975035866,0.770575518652985,0.0,99990,tsne_shepard_results/pdf/tsne_shepard _p70_e1000_pca40_euclidean.pdf,OK,
70,100,40,euclidean,0.16680955975035866,0.7705441715680289,0.0,99990,tsne_shepard_results/pdf/tsne_shepard _p70_e100_pca40_euclidean.pdf,OK,
90,300,40,manhattan,0.16680955975035866,0.7700629185382312,0.0,99990,tsne_shepard_results/pdf/tsne_shepard _p90_e300_pca40_manhattan.pdf,OK,
50,1000,40,euclidean,0.16680955975035866,0.7698098304922952,0.0,99990,tsne_shepard_results/pdf/tsne_shepard _p50_e1000_pca40_euclidean.pdf,OK,
40,300,40,euclidean,0.16680955975035866,0.7687211888666198,0.0,99990,tsne_shepard_results/pdf/tsne_shepard _p40_e300_pca40_euclidean.pdf,OK,
60,100,40,euclidean,0.16680955975035866,0.768605657671063,0.0,99990,tsne_shepard_results/pdf/tsne_shepard _p60_e100_pca40_euclidean.pdf,OK,
60,300,40,euclidean,0.16680955975035866,0.7684660857983872,0.0,99990,tsne_shepard_results/pdf/tsne_shepard _p60_e300_pca40_euclidean.pdf,OK,
50,300,40,euclidean,0.16680955975035866,0.7678185370532838,0.0,99990,tsne_shepard_results/pdf/tsne_shepard _p50_e300_pca40_euclidean.pdf,OK,
40,100,40,euclidean,0.16680955975035866,0.767300388629684,0.0,99990,tsne_shepard_results/pdf/tsne_shepard _p40_e100_pca40_euclidean.pdf,OK,
50,100,40,euclidean,0.16680955975035866,0.7671041330154867,0.0,99990,tsne_shepard_results/pdf/tsne_shepard _p50_e100_pca40_euclidean.pdf,OK,
20,100,40,manhattan,0.16680955975035866,0.7666099847986416,0.0,99990,tsne_shepard_results/pdf/tsne_shepard _p20_e100_pca40_manhattan.pdf,OK,
90,100,40,manhattan,0.16680955975035866,0.7665853594607486,0.0,99990,tsne_shepard_results/pdf/tsne_shepard _p90_e100_pca40_manhattan.pdf,OK,
30,100,40,euclidean,0.16680955975035866,0.7665523360971739,0.0,99990,tsne_shepard_results/pdf/tsne_shepard _p30_e100_pca40_euclidean.pdf,OK,
40,1000,40,manhattan,0.16680955975035866,0.7657839221889957,0.0,99990,tsne_shepard_results/pdf/tsne_shepard _p40_e1000_pca40_manhattan.pdf,OK,
30,300,40,manhattan,0.16680955975035866,0.7652930118115066,0.0,99990,tsne_shepard_results/pdf/tsne_shepard _p30_e300_pca40_manhattan.pdf,OK,
80,100,40,manhattan,0.16680955975035866,0.7650525961719145,0.0,99990,tsne_shepard_results/pdf/tsne_shepard _p80_e100_pca40_manhattan.pdf,OK,
60,1000,40,manhattan,0.16680955975035866,0.764764714143452,0.0,99990,tsne_shepard_results/pdf/tsne_shepard _p60_e1000_pca40_manhattan.pdf,OK,
70,1000,40,manhattan,0.16680955975035866,0.7647378813508765,0.0,99990,tsne_shepard_results/pdf/tsne_shepard _p70_e1000_pca40_manhattan.pdf,OK,
80,1000,40,manhattan,0.16680955975035866,0.7645474346698204,0.0,99990,tsne_shepard_results/pdf/tsne_shepard _p80_e1000_pca40_manhattan.pdf,OK,
70,300,40,manhattan,0.16680955975035866,0.7635921920182017,0.0,99990,tsne_shepard_results/pdf/tsne_shepard _p70_e300_pca40_manhattan.pdf,OK,
80,300,40,manhattan,0.16680955975035866,0.7632473591601864,0.0,99990,tsne_shepard_results/pdf/tsne_shepard _p80_e300_pca40_manhattan.pdf,OK,
50,1000,40,manhattan,0.16680955975035866,0.7625641898336036,0.0,99990,tsne_shepard_results/pdf/tsne_shepard _p50_e1000_pca40_manhattan.pdf,OK,
60,300,40,manhattan,0.16680955975035866,0.7625197166606035,0.0,99990,tsne_shepard_results/pdf/tsne_shepard _p60_e300_pca40_manhattan.pdf,OK,
70,100,40,manhattan,0.16680955975035866,0.7620999794382705,0.0,99990,tsne_shepard_results/pdf/tsne_shepard _p70_e100_pca40_manhattan.pdf,OK,
30,100,40,manhattan,0.16680955975035866,0.7618181994707837,0.0,99990,tsne_shepard_results/pdf/tsne_shepard _p30_e100_pca40_manhattan.pdf,OK,
60,100,40,manhattan,0.16680955975035866,0.7604196111626151,0.0,99990,tsne_shepard_results/pdf/tsne_shepard _p60_e100_pca40_manhattan.pdf,OK,
50,100,40,manhattan,0.16680955975035866,0.7592190003295074,0.0,99990,tsne_shepard_results/pdf/tsne_shepard _p50_e100_pca40_manhattan.pdf,OK,
40,300,40,manhattan,0.16680955975035866,0.7589173640010143,0.0,99990,tsne_shepard_results/pdf/tsne_shepard _p40_e300_pca40_manhattan.pdf,OK,
50,300,40,manhattan,0.16680955975035866,0.7580653301496504,0.0,99990,tsne_shepard_results/pdf/tsne_shepard _p50_e300_pca40_manhattan.pdf,OK,
40,100,40,manhattan,0.16680955975035866,0.7575598145082401,0.0,99990,tsne_shepard_results/pdf/tsne_shepard _p40_e100_pca40_manhattan.pdf,OK,
20,1000,40,cosine,0.16680955975035866,0.7431690091736041,0.0,99990,tsne_shepard_results/pdf/tsne_shepard _p20_e1000_pca40_cosine.pdf,OK,
70,1000,40,cosine,0.16680955975035866,0.7418537579008888,0.0,99990,tsne_shepard_results/pdf/tsne_shepard _p70_e1000_pca40_cosine.pdf,OK,
80,14,40,cosine,0.16680955975035866,0.7332403410498449,0.0,99990,tsne_shepard_results/pdf/tsne_shepard _p80_e14_pca40_cosine.pdf,OK,
30,1000,40,cosine,0.16680955975035866,0.7323166056938405,0.0,99990,tsne_shepard_results/pdf/tsne_shepard _p30_e1000_pca40_cosine.pdf,OK,
100,20,40,cosine,0.16680955975035866,0.7322173999136302,0.0,99990,tsne_shepard_results/pdf/tsne_shepard _p100_e20_pca40_cosine.pdf,OK,
90,20,40,cosine,0.16680955975035866,0.7321844307539926,0.0,99990,tsne_shepard_results/pdf/tsne_shepard _p90_e20_pca40_cosine.pdf,OK,
90,12,40,cosine,0.16680955975035866,0.7312894136443236,0.0,99990,tsne_shepard_results/pdf/tsne_shepard _p90_e12_pca40_cosine.pdf,OK,
80,20,40,cosine,0.16680955975035866,0.7311135558917305,0.0,99990,tsne_shepard_results/pdf/tsne_shepard _p80_e20_pca40_cosine.pdf,OK,
100,10,40,cosine,0.16680955975035866,0.7308313159356656,0.0,99990,tsne_shepard_results/pdf/tsne_shepard _p100_e10_pca40_cosine.pdf,OK,
90,10,40,cosine,0.16680955975035866,0.7306102688160896,0.0,99990,tsne_shepard_results/pdf/tsne_shepard _p90_e10_pca40_cosine.pdf,OK,
60,1000,40,cosine,0.16680955975035866,0.7306050440770739,0.0,99990,tsne_shepard_results/pdf/tsne_shepard _p60_e1000_pca40_cosine.pdf,OK,
20,10,40,cosine,0.16680955975035866,0.7304878322659057,0.0,99990,tsne_shepard_results/pdf/tsne_shepard _p20_e10_pca40_cosine.pdf,OK,
100,1000,40,cosine,0.16680955975035866,0.7300924300461482,0.0,99990,tsne_shepard_results/pdf/tsne_shepard _p100_e1000_pca40_cosine.pdf,OK,
80,10,40,cosine,0.16680955975035866,0.7299903522377715,0.0,99990,tsne_shepard_results/pdf/tsne_shepard _p80_e10_pca40_cosine.pdf,OK,
90,14,40,cosine,0.16680955975035866,0.7299341134096817,0.0,99990,tsne_shepard_results/pdf/tsne_shepard _p90_e14_pca40_cosine.pdf,OK,
10,12,40,cosine,0.16680955975035866,0.7289951892253005,0.0,99990,tsne_shepard_results/pdf/tsne_shepard _p10_e12_pca40_cosine.pdf,OK,
10,10,40,cosine,0.16680955975035866,0.7288183225394211,0.0,99990,tsne_shepard_results/pdf/tsne_shepard _p10_e10_pca40_cosine.pdf,OK,
80,1000,40,cosine,0.16680955975035866,0.7288161249958472,0.0,99990,tsne_shepard_results/pdf/tsne_shepard _p80_e1000_pca40_cosine.pdf,OK,
20,20,40,cosine,0.16680955975035866,0.7286983263082133,0.0,99990,tsne_shepard_results/pdf/tsne_shepard _p20_e20_pca40_cosine.pdf,OK,
20,14,40,cosine,0.16680955975035866,0.7278091333709427,0.0,99990,tsne_shepard_results/pdf/tsne_shepard _p20_e14_pca40_cosine.pdf,OK,
100,14,40,cosine,0.16680955975035866,0.7277709940145342,0.0,99990,tsne_shepard_results/pdf/tsne_shepard _p100_e14_pca40_cosine.pdf,OK,
70,20,40,cosine,0.16680955975035866,0.7277176736355588,0.0,99990,tsne_shepard_results/pdf/tsne_shepard _p70_e20_pca40_cosine.pdf,OK,
10,14,40,cosine,0.16680955975035866,0.7275542752735336,0.0,99990,tsne_shepard_results/pdf/tsne_shepard _p10_e14_pca40_cosine.pdf,OK,
70,14,40,cosine,0.16680955975035866,0.7272640302600414,0.0,99990,tsne_shepard_results/pdf/tsne_shepard _p70_e14_pca40_cosine.pdf,OK,
10,20,40,cosine,0.16680955975035866,0.7267312767283842,0.0,99990,tsne_shepard_results/pdf/tsne_shepard _p10_e20_pca40_cosine.pdf,OK,
50,1000,40,cosine,0.16680955975035866,0.726307064624293,0.0,99990,tsne_shepard_results/pdf/tsne_shepard _p50_e1000_pca40_cosine.pdf,OK,
70,10,40,cosine,0.16680955975035866,0.7262452044844767,0.0,99990,tsne_shepard_results/pdf/tsne_shepard _p70_e10_pca40_cosine.pdf,OK,
90,1000,40,cosine,0.16680955975035866,0.7260484787771868,0.0,99990,tsne_shepard_results/pdf/tsne_shepard _p90_e1000_pca40_cosine.pdf,OK,
40,20,40,cosine,0.16680955975035866,0.7256236357014509,0.0,99990,tsne_shepard_results/pdf/tsne_shepard _p40_e20_pca40_cosine.pdf,OK,
30,14,40,cosine,0.16680955975035866,0.725104367520777,0.0,99990,tsne_shepard_results/pdf/tsne_shepard _p30_e14_pca40_cosine.pdf,OK,
30,10,40,cosine,0.16680955975035866,0.7242735301026241,0.0,99990,tsne_shepard_results/pdf/tsne_shepard _p30_e10_pca40_cosine.pdf,OK,
40,1000,40,cosine,0.16680955975035866,0.7235258883241421,0.0,99990,tsne_shepard_results/pdf/tsne_shepard _p40_e1000_pca40_cosine.pdf,OK,
60,20,40,cosine,0.16680955975035866,0.723212598165201,0.0,99990,tsne_shepard_results/pdf/tsne_shepard _p60_e20_pca40_cosine.pdf,OK,
30,20,40,cosine,0.16680955975035866,0.7222463147250721,0.0,99990,tsne_shepard_results/pdf/tsne_shepard _p30_e20_pca40_cosine.pdf,OK,
20,12,40,cosine,0.16680955975035866,0.7219527749180066,0.0,99990,tsne_shepard_results/pdf/tsne_shepard _p20_e12_pca40_cosine.pdf,OK,
10,100,40,cosine,0.16680955975035866,0.7215121614013794,0.0,99990,tsne_shepard_results/pdf/tsne_shepard _p10_e100_pca40_cosine.pdf,OK,
50,20,40,cosine,0.16680955975035866,0.7214250725369133,0.0,99990,tsne_shepard_results/pdf/tsne_shepard _p50_e20_pca40_cosine.pdf,OK,
100,12,40,cosine,0.16680955975035866,0.7212834604743499,0.0,99990,tsne_shepard_results/pdf/tsne_shepard _p100_e12_pca40_cosine.pdf,OK,
70,12,40,cosine,0.16680955975035866,0.7208031374641204,0.0,99990,tsne_shepard_results/pdf/tsne_shepard _p70_e12_pca40_cosine.pdf,OK,
60,12,40,cosine,0.16680955975035866,0.720302692056212,0.0,99990,tsne_shepard_results/pdf/tsne_shepard _p60_e12_pca40_cosine.pdf,OK,
50,10,40,cosine,0.16680955975035866,0.7199550072297917,0.0,99990,tsne_shepard_results/pdf/tsne_shepard _p50_e10_pca40_cosine.pdf,OK,
30,12,40,cosine,0.16680955975035866,0.7194178752666588,0.0,99990,tsne_shepard_results/pdf/tsne_shepard _p30_e12_pca40_cosine.pdf,OK,
40,10,40,cosine,0.16680955975035866,0.7182269453336444,0.0,99990,tsne_shepard_results/pdf/tsne_shepard _p40_e10_pca40_cosine.pdf,OK,
10,300,40,cosine,0.16680955975035866,0.7176739484165232,0.0,99990,tsne_shepard_results/pdf/tsne_shepard _p10_e300_pca40_cosine.pdf,OK,
20,300,40,cosine,0.16680955975035866,0.7176345756347603,0.0,99990,tsne_shepard_results/pdf/tsne_shepard _p20_e300_pca40_cosine.pdf,OK,
90,100,40,cosine,0.16680955975035866,0.7173730103487223,0.0,99990,tsne_shepard_results/pdf/tsne_shepard _p90_e100_pca40_cosine.pdf,OK,
40,14,40,cosine,0.16680955975035866,0.7172324213092619,0.0,99990,tsne_shepard_results/pdf/tsne_shepard _p40_e14_pca40_cosine.pdf,OK,
20,100,40,cosine,0.16680955975035866,0.7169409014707927,0.0,99990,tsne_shepard_results/pdf/tsne_shepard _p20_e100_pca40_cosine.pdf,OK,
60,10,40,cosine,0.16680955975035866,0.7163873700476042,0.0,99990,tsne_shepard_results/pdf/tsne_shepard _p60_e10_pca40_cosine.pdf,OK,
30,300,40,cosine,0.16680955975035866,0.7159760254877912,0.0,99990,tsne_shepard_results/pdf/tsne_shepard _p30_e300_pca40_cosine.pdf,OK,
100,300,40,cosine,0.16680955975035866,0.7144909835253471,0.0,99990,tsne_shepard_results/pdf/tsne_shepard _p100_e300_pca40_cosine.pdf,OK,
50,100,40,cosine,0.16680955975035866,0.7140768356249091,0.0,99990,tsne_shepard_results/pdf/tsne_shepard _p50_e100_pca40_cosine.pdf,OK,
50,14,40,cosine,0.16680955975035866,0.7133599976305371,0.0,99990,tsne_shepard_results/pdf/tsne_shepard _p50_e14_pca40_cosine.pdf,OK,
100,100,40,cosine,0.16680955975035866,0.713355509400964,0.0,99990,tsne_shepard_results/pdf/tsne_shepard _p100_e100_pca40_cosine.pdf,OK,
80,12,40,cosine,0.16680955975035866,0.7128663465380263,0.0,99990,tsne_shepard_results/pdf/tsne_shepard _p80_e12_pca40_cosine.pdf,OK,
50,12,40,cosine,0.16680955975035866,0.7128069468981268,0.0,99990,tsne_shepard_results/pdf/tsne_shepard _p50_e12_pca40_cosine.pdf,OK,
60,14,40,cosine,0.16680955975035866,0.7127996508041987,0.0,99990,tsne_shepard_results/pdf/tsne_shepard _p60_e14_pca40_cosine.pdf,OK,
40,300,40,cosine,0.16680955975035866,0.7122149717749866,0.0,99990,tsne_shepard_results/pdf/tsne_shepard _p40_e300_pca40_cosine.pdf,OK,
40,12,40,cosine,0.16680955975035866,0.712127204299781,0.0,99990,tsne_shepard_results/pdf/tsne_shepard _p40_e12_pca40_cosine.pdf,OK,
90,300,40,cosine,0.16680955975035866,0.7118865111225039,0.0,99990,tsne_shepard_results/pdf/tsne_shepard _p90_e300_pca40_cosine.pdf,OK,
60,300,40,cosine,0.16680955975035866,0.7116727553264784,0.0,99990,tsne_shepard_results/pdf/tsne_shepard _p60_e300_pca40_cosine.pdf,OK,
80,100,40,cosine,0.16680955975035866,0.7115671261713572,0.0,99990,tsne_shepard_results/pdf/tsne_shepard _p80_e100_pca40_cosine.pdf,OK,
70,300,40,cosine,0.16680955975035866,0.7110243490287301,0.0,99990,tsne_shepard_results/pdf/tsne_shepard _p70_e300_pca40_cosine.pdf,OK,
60,100,40,cosine,0.16680955975035866,0.7106868974628348,0.0,99990,tsne_shepard_results/pdf/tsne_shepard _p60_e100_pca40_cosine.pdf,OK,
30,100,40,cosine,0.16680955975035866,0.7102472161718193,0.0,99990,tsne_shepard_results/pdf/tsne_shepard _p30_e100_pca40_cosine.pdf,OK,
80,300,40,cosine,0.16680955975035866,0.7096009171251884,0.0,99990,tsne_shepard_results/pdf/tsne_shepard _p80_e300_pca40_cosine.pdf,OK,
50,300,40,cosine,0.16680955975035866,0.7094316215136466,0.0,99990,tsne_shepard_results/pdf/tsne_shepard _p50_e300_pca40_cosine.pdf,OK,
40,100,40,cosine,0.16680955975035866,0.7071870353694555,0.0,99990,tsne_shepard_results/pdf/tsne_shepard _p40_e100_pca40_cosine.pdf,OK,
70,100,40,cosine,0.16680955975035866,0.704654380808929,0.0,99990,tsne_shepard_results/pdf/tsne_shepard _p70_e100_pca40_cosine.pdf,OK,
100,300,40,cosine,0.35349168965872885,0.6492364438945788,0.0,99990,tsne_shepard_results/pdf/tsne_shepard _p100_e300_pca40_cosine.pdf,OK,
100,20,40,cosine,0.35349168965872885,0.6352550507733438,0.0,99990,tsne_shepard_results/pdf/tsne_shepard _p100_e20_pca40_cosine.pdf,OK,
90,20,40,cosine,0.35349168965872885,0.6341338664840067,0.0,99990,tsne_shepard_results/pdf/tsne_shepard _p90_e20_pca40_cosine.pdf,OK,
100,14,40,cosine,0.35349168965872885,0.6337357494377147,0.0,99990,tsne_shepard_results/pdf/tsne_shepard _p100_e14_pca40_cosine.pdf,OK,
80,20,40,cosine,0.35349168965872885,0.6335666165955502,0.0,99990,tsne_shepard_results/pdf/tsne_shepard _p80_e20_pca40_cosine.pdf,OK,
60,20,40,cosine,0.35349168965872885,0.6320914259689021,0.0,99990,tsne_shepard_results/pdf/tsne_shepard _p60_e20_pca40_cosine.pdf,OK,
40,20,40,cosine,0.35349168965872885,0.6320048128655508,0.0,99990,tsne_shepard_results/pdf/tsne_shepard _p40_e20_pca40_cosine.pdf,OK,
90,14,40,cosine,0.35349168965872885,0.6319412805011649,0.0,99990,tsne_shepard_results/pdf/tsne_shepard _p90_e14_pca40_cosine.pdf,OK,
70,20,40,cosine,0.35349168965872885,0.6319172035441488,0.0,99990,tsne_shepard_results/pdf/tsne_shepard _p70_e20_pca40_cosine.pdf,OK,
50,20,40,cosine,0.35349168965872885,0.6318596998241393,0.0,99990,tsne_shepard_results/pdf/tsne_shepard _p50_e20_pca40_cosine.pdf,OK,
90,100,40,cosine,0.35349168965872885,0.6282986725309937,0.0,99990,tsne_shepard_results/pdf/tsne_shepard _p90_e100_pca40_cosine.pdf,OK,
20,12,40,cosine,0.35349168965872885,0.6242035550519652,0.0,99990,tsne_shepard_results/pdf/tsne_shepard _p20_e12_pca40_cosine.pdf,OK,
20,14,40,cosine,0.35349168965872885,0.6232641375429461,0.0,99990,tsne_shepard_results/pdf/tsne_shepard _p20_e14_pca40_cosine.pdf,OK,
20,20,40,cosine,0.35349168965872885,0.620347478456751,0.0,99990,tsne_shepard_results/pdf/tsne_shepard _p20_e20_pca40_cosine.pdf,OK,
20,10,40,cosine,0.35349168965872885,0.6195031123352104,0.0,99990,tsne_shepard_results/pdf/tsne_shepard _p20_e10_pca40_cosine.pdf,OK,
10,12,40,cosine,0.35349168965872885,0.6189402745363498,0.0,99990,tsne_shepard_results/pdf/tsne_shepard _p10_e12_pca40_cosine.pdf,OK,
10,10,40,cosine,0.35349168965872885,0.6188935651792121,0.0,99990,tsne_shepard_results/pdf/tsne_shepard _p10_e10_pca40_cosine.pdf,OK,
100,10,40,euclidean,0.35349168965872885,0.6182861047866114,0.0,99990,tsne_shepard_results/pdf/tsne_shepard _p100_e10_pca40_euclidean.pdf,OK,
10,14,40,cosine,0.35349168965872885,0.6180862797299812,0.0,99990,tsne_shepard_results/pdf/tsne_shepard _p10_e14_pca40_cosine.pdf,OK,
90,10,40,euclidean,0.35349168965872885,0.6143896219851469,0.0,99990,tsne_shepard_results/pdf/tsne_shepard _p90_e10_pca40_euclidean.pdf,OK,
10,20,40,cosine,0.35349168965872885,0.6142710449706416,0.0,99990,tsne_shepard_results/pdf/tsne_shepard _p10_e20_pca40_cosine.pdf,OK,
80,10,40,euclidean,0.35349168965872885,0.6141690469619941,0.0,99990,tsne_shepard_results/pdf/tsne_shepard _p80_e10_pca40_euclidean.pdf,OK,
100,12,40,euclidean,0.35349168965872885,0.6123518107201458,0.0,99990,tsne_shepard_results/pdf/tsne_shepard _p100_e12_pca40_euclidean.pdf,OK,
70,10,40,euclidean,0.35349168965872885,0.6112015739099611,0.0,99990,tsne_shepard_results/pdf/tsne_shepard _p70_e10_pca40_euclidean.pdf,OK,
90,12,40,euclidean,0.35349168965872885,0.6100136175968564,0.0,99990,tsne_shepard_results/pdf/tsne_shepard _p90_e12_pca40_euclidean.pdf,OK,
70,300,40,cosine,0.35349168965872885,0.6099083702557591,0.0,99990,tsne_shepard_results/pdf/tsne_shepard _p70_e300_pca40_cosine.pdf,OK,
70,100,40,cosine,0.35349168965872885,0.6099054648914571,0.0,99990,tsne_shepard_results/pdf/tsne_shepard _p70_e100_pca40_cosine.pdf,OK,
80,12,40,euclidean,0.35349168965872885,0.6081052486584266,0.0,99990,tsne_shepard_results/pdf/tsne_shepard _p80_e12_pca40_euclidean.pdf,OK,
60,12,40,euclidean,0.35349168965872885,0.6071832190053347,0.0,99990,tsne_shepard_results/pdf/tsne_shepard _p60_e12_pca40_euclidean.pdf,OK,
70,12,40,euclidean,0.35349168965872885,0.6071014604400792,0.0,99990,tsne_shepard_results/pdf/tsne_shepard _p70_e12_pca40_euclidean.pdf,OK,
30,10,40,cosine,0.35349168965872885,0.6056399514297106,0.0,99990,tsne_shepard_results/pdf/tsne_shepard _p30_e10_pca40_cosine.pdf,OK,
60,10,40,euclidean,0.35349168965872885,0.6052988641289249,0.0,99990,tsne_shepard_results/pdf/tsne_shepard _p60_e10_pca40_euclidean.pdf,OK,
100,10,40,cosine,0.35349168965872885,0.6048458216163433,0.0,99990,tsne_shepard_results/pdf/tsne_shepard _p100_e10_pca40_cosine.pdf,OK,
90,300,40,cosine,0.35349168965872885,0.6045300684969566,0.0,99990,tsne_shepard_results/pdf/tsne_shepard _p90_e300_pca40_cosine.pdf,OK,
100,12,40,cosine,0.35349168965872885,0.6031395413187491,0.0,99990,tsne_shepard_results/pdf/tsne_shepard _p100_e12_pca40_cosine.pdf,OK,
70,10,40,cosine,0.35349168965872885,0.6029127078100499,0.0,99990,tsne_shepard_results/pdf/tsne_shepard _p70_e10_pca40_cosine.pdf,OK,
30,20,40,cosine,0.35349168965872885,0.6025220978401625,0.0,99990,tsne_shepard_results/pdf/tsne_shepard _p30_e20_pca40_cosine.pdf,OK,
30,12,40,cosine,0.35349168965872885,0.6021981183335534,0.0,99990,tsne_shepard_results/pdf/tsne_shepard _p30_e12_pca40_cosine.pdf,OK,
90,10,40,cosine,0.35349168965872885,0.602084978177587,0.0,99990,tsne_shepard_results/pdf/tsne_shepard _p90_e10_pca40_cosine.pdf,OK,
80,14,40,cosine,0.35349168965872885,0.6020007766434103,0.0,99990,tsne_shepard_results/pdf/tsne_shepard _p80_e14_pca40_cosine.pdf,OK,
70,12,40,cosine,0.35349168965872885,0.6017541201763906,0.0,99990,tsne_shepard_results/pdf/tsne_shepard _p70_e12_pca40_cosine.pdf,OK,
90,12,40,cosine,0.35349168965872885,0.6016040638226707,0.0,99990,tsne_shepard_results/pdf/tsne_shepard _p90_e12_pca40_cosine.pdf,OK,
50,14,40,euclidean,0.35349168965872885,0.6012788767574027,0.0,99990,tsne_shepard_results/pdf/tsne_shepard _p50_e14_pca40_euclidean.pdf,OK,
80,10,40,cosine,0.35349168965872885,0.6009446155943974,0.0,99990,tsne_shepard_results/pdf/tsne_shepard _p80_e10_pca40_cosine.pdf,OK,
60,10,40,cosine,0.35349168965872885,0.600804491309488,0.0,99990,tsne_shepard_results/pdf/tsne_shepard _p60_e10_pca40_cosine.pdf,OK,
80,12,40,cosine,0.35349168965872885,0.6007820201605902,0.0,99990,tsne_shepard_results/pdf/tsne_shepard _p80_e12_pca40_cosine.pdf,OK,
70,14,40,cosine,0.35349168965872885,0.6005565920516404,0.0,99990,tsne_shepard_results/pdf/tsne_shepard _p70_e14_pca40_cosine.pdf,OK,
30,20,40,euclidean,0.35349168965872885,0.6004139816923737,0.0,99990,tsne_shepard_results/pdf/tsne_shepard _p30_e20_pca40_euclidean.pdf,OK,
30,14,40,cosine,0.35349168965872885,0.5995107067713975,0.0,99990,tsne_shepard_results/pdf/tsne_shepard _p30_e14_pca40_cosine.pdf,OK,
60,12,40,cosine,0.35349168965872885,0.5993122788133054,0.0,99990,tsne_shepard_results/pdf/tsne_shepard _p60_e12_pca40_cosine.pdf,OK,
50,10,40,cosine,0.35349168965872885,0.599267813167264,0.0,99990,tsne_shepard_results/pdf/tsne_shepard _p50_e10_pca40_cosine.pdf,OK,
60,14,40,cosine,0.35349168965872885,0.5988346000217094,0.0,99990,tsne_shepard_results/pdf/tsne_shepard _p60_e14_pca40_cosine.pdf,OK,
40,10,40,cosine,0.35349168965872885,0.5985500559806548,0.0,99990,tsne_shepard_results/pdf/tsne_shepard _p40_e10_pca40_cosine.pdf,OK,
50,10,40,euclidean,0.35349168965872885,0.5983511461240943,0.0,99990,tsne_shepard_results/pdf/tsne_shepard _p50_e10_pca40_euclidean.pdf,OK,
50,12,40,cosine,0.35349168965872885,0.5967720723624342,0.0,99990,tsne_shepard_results/pdf/tsne_shepard _p50_e12_pca40_cosine.pdf,OK,
50,14,40,cosine,0.35349168965872885,0.596743741502778,0.0,99990,tsne_shepard_results/pdf/tsne_shepard _p50_e14_pca40_cosine.pdf,OK,
40,10,40,euclidean,0.35349168965872885,0.5964443144806268,0.0,99990,tsne_shepard_results/pdf/tsne_shepard _p40_e10_pca40_euclidean.pdf,OK,
60,14,40,euclidean,0.35349168965872885,0.5959359253381905,0.0,99990,tsne_shepard_results/pdf/tsne_shepard _p60_e14_pca40_euclidean.pdf,OK,
50,20,40,euclidean,0.35349168965872885,0.5958608768574184,0.0,99990,tsne_shepard_results/pdf/tsne_shepard _p50_e20_pca40_euclidean.pdf,OK,
40,12,40,cosine,0.35349168965872885,0.5950485288237986,0.0,99990,tsne_shepard_results/pdf/tsne_shepard _p40_e12_pca40_cosine.pdf,OK,
80,14,40,euclidean,0.35349168965872885,0.594482127014216,0.0,99990,tsne_shepard_results/pdf/tsne_shepard _p80_e14_pca40_euclidean.pdf,OK,
40,12,40,euclidean,0.35349168965872885,0.593604782972452,0.0,99990,tsne_shepard_results/pdf/tsne_shepard _p40_e12_pca40_euclidean.pdf,OK,
40,14,40,cosine,0.35349168965872885,0.5933599703327471,0.0,99990,tsne_shepard_results/pdf/tsne_shepard _p40_e14_pca40_cosine.pdf,OK,
50,12,40,euclidean,0.35349168965872885,0.5932443543686095,0.0,99990,tsne_shepard_results/pdf/tsne_shepard _p50_e12_pca40_euclidean.pdf,OK,
10,10,40,euclidean,0.35349168965872885,0.5928813969010631,0.0,99990,tsne_shepard_results/pdf/tsne_shepard _p10_e10_pca40_euclidean.pdf,OK,
30,14,40,euclidean,0.35349168965872885,0.5926398237896049,0.0,99990,tsne_shepard_results/pdf/tsne_shepard _p30_e14_pca40_euclidean.pdf,OK,
100,14,40,euclidean,0.35349168965872885,0.5926315794764837,0.0,99990,tsne_shepard_results/pdf/tsne_shepard _p100_e14_pca40_euclidean.pdf,OK,
40,14,40,euclidean,0.35349168965872885,0.5922937116246965,0.0,99990,tsne_shepard_results/pdf/tsne_shepard _p40_e14_pca40_euclidean.pdf,OK,
10,12,40,euclidean,0.35349168965872885,0.5920736445404848,0.0,99990,tsne_shepard_results/pdf/tsne_shepard _p10_e12_pca40_euclidean.pdf,OK,
20,20,40,euclidean,0.35349168965872885,0.5918747896606705,0.0,99990,tsne_shepard_results/pdf/tsne_shepard _p20_e20_pca40_euclidean.pdf,OK,
30,10,40,euclidean,0.35349168965872885,0.591830119279414,0.0,99990,tsne_shepard_results/pdf/tsne_shepard _p30_e10_pca40_euclidean.pdf,OK,
30,12,40,euclidean,0.35349168965872885,0.5911215034262749,0.0,99990,tsne_shepard_results/pdf/tsne_shepard _p30_e12_pca40_euclidean.pdf,OK,
70,14,40,euclidean,0.35349168965872885,0.5909613798786162,0.0,99990,tsne_shepard_results/pdf/tsne_shepard _p70_e14_pca40_euclidean.pdf,OK,
100,20,40,euclidean,0.35349168965872885,0.5895912391723142,0.0,99990,tsne_shepard_results/pdf/tsne_shepard _p100_e20_pca40_euclidean.pdf,OK,
90,14,40,euclidean,0.35349168965872885,0.5893893037121098,0.0,99990,tsne_shepard_results/pdf/tsne_shepard _p90_e14_pca40_euclidean.pdf,OK,
80,300,40,cosine,0.35349168965872885,0.5888375459758028,0.0,99990,tsne_shepard_results/pdf/tsne_shepard _p80_e300_pca40_cosine.pdf,OK,
100,100,40,cosine,0.35349168965872885,0.5888150940727674,0.0,99990,tsne_shepard_results/pdf/tsne_shepard _p100_e100_pca40_cosine.pdf,OK,
40,300,40,cosine,0.35349168965872885,0.5888038343802073,0.0,99990,tsne_shepard_results/pdf/tsne_shepard _p40_e300_pca40_cosine.pdf,OK,
40,20,40,euclidean,0.35349168965872885,0.5886112015648549,0.0,99990,tsne_shepard_results/pdf/tsne_shepard _p40_e20_pca40_euclidean.pdf,OK,
20,10,40,euclidean,0.35349168965872885,0.5885830692196199,0.0,99990,tsne_shepard_results/pdf/tsne_shepard _p20_e10_pca40_euclidean.pdf,OK,
90,20,40,euclidean,0.35349168965872885,0.5876267162371217,0.0,99990,tsne_shepard_results/pdf/tsne_shepard _p90_e20_pca40_euclidean.pdf,OK,
20,12,40,euclidean,0.35349168965872885,0.5875389520944081,0.0,99990,tsne_shepard_results/pdf/tsne_shepard _p20_e12_pca40_euclidean.pdf,OK,
20,14,40,euclidean,0.35349168965872885,0.5861121978791644,0.0,99990,tsne_shepard_results/pdf/tsne_shepard _p20_e14_pca40_euclidean.pdf,OK,
80,300,40,cosine,0.4456639269872491,0.5853473867410907,0.0,99990,tsne_shepard_results/pdf/tsne_shepard _p80_e300_pca40_cosine.pdf,OK,
50,300,40,euclidean,0.35349168965872885,0.5831443971897599,0.0,99990,tsne_shepard_results/pdf/tsne_shepard _p50_e300_pca40_euclidean.pdf,OK,
90,100,40,cosine,0.4456639269872491,0.5830842043566479,0.0,99990,tsne_shepard_results/pdf/tsne_shepard _p90_e100_pca40_cosine.pdf,OK,
60,20,40,euclidean,0.35349168965872885,0.5828686604373221,0.0,99990,tsne_shepard_results/pdf/tsne_shepard _p60_e20_pca40_euclidean.pdf,OK,
10,14,40,euclidean,0.35349168965872885,0.5816998424166051,0.0,99990,tsne_shepard_results/pdf/tsne_shepard _p10_e14_pca40_euclidean.pdf,OK,
80,10,40,manhattan,0.35349168965872885,0.5800862666646495,0.0,99990,tsne_shepard_results/pdf/tsne_shepard _p80_e10_pca40_manhattan.pdf,OK,
40,100,40,cosine,0.35349168965872885,0.5800032634057469,0.0,99990,tsne_shepard_results/pdf/tsne_shepard _p40_e100_pca40_cosine.pdf,OK,
100,12,40,manhattan,0.35349168965872885,0.5795369706746191,0.0,99990,tsne_shepard_results/pdf/tsne_shepard _p100_e12_pca40_manhattan.pdf,OK,
60,300,40,euclidean,0.35349168965872885,0.5778671322271963,0.0,99990,tsne_shepard_results/pdf/tsne_shepard _p60_e300_pca40_euclidean.pdf,OK,
10,20,40,euclidean,0.35349168965872885,0.5774913343239275,0.0,99990,tsne_shepard_results/pdf/tsne_shepard _p10_e20_pca40_euclidean.pdf,OK,
100,10,40,manhattan,0.35349168965872885,0.5768256797018927,0.0,99990,tsne_shepard_results/pdf/tsne_shepard _p100_e10_pca40_manhattan.pdf,OK,
70,10,40,manhattan,0.35349168965872885,0.5768191349813565,0.0,99990,tsne_shepard_results/pdf/tsne_shepard _p70_e10_pca40_manhattan.pdf,OK,
90,12,40,manhattan,0.35349168965872885,0.5755589205576849,0.0,99990,tsne_shepard_results/pdf/tsne_shepard _p90_e12_pca40_manhattan.pdf,OK,
50,100,40,cosine,0.35349168965872885,0.5741080437441185,0.0,99990,tsne_shepard_results/pdf/tsne_shepard _p50_e100_pca40_cosine.pdf,OK,
60,10,40,manhattan,0.35349168965872885,0.5740278799206383,0.0,99990,tsne_shepard_results/pdf/tsne_shepard _p60_e10_pca40_manhattan.pdf,OK,
80,12,40,manhattan,0.35349168965872885,0.5733946676313416,0.0,99990,tsne_shepard_results/pdf/tsne_shepard _p80_e12_pca40_manhattan.pdf,OK,
70,12,40,manhattan,0.35349168965872885,0.5730551818801161,0.0,99990,tsne_shepard_results/pdf/tsne_shepard _p70_e12_pca40_manhattan.pdf,OK,
70,14,40,manhattan,0.35349168965872885,0.5730330004323269,0.0,99990,tsne_shepard_results/pdf/tsne_shepard _p70_e14_pca40_manhattan.pdf,OK,
70,20,40,euclidean,0.35349168965872885,0.5726120757460866,0.0,99990,tsne_shepard_results/pdf/tsne_shepard _p70_e20_pca40_euclidean.pdf,OK,
60,100,40,cosine,0.35349168965872885,0.5725953780658457,0.0,99990,tsne_shepard_results/pdf/tsne_shepard _p60_e100_pca40_cosine.pdf,OK,
30,300,40,euclidean,0.35349168965872885,0.5720077354172508,0.0,99990,tsne_shepard_results/pdf/tsne_shepard _p30_e300_pca40_euclidean.pdf,OK,
100,10,40,cosine,0.4456639269872491,0.571381906970147,0.0,99990,tsne_shepard_results/pdf/tsne_shepard _p100_e10_pca40_cosine.pdf,OK,
80,300,40,euclidean,0.35349168965872885,0.570729030336253,0.0,99990,tsne_shepard_results/pdf/tsne_shepard _p80_e300_pca40_euclidean.pdf,OK,
80,14,40,manhattan,0.35349168965872885,0.5705179091181883,0.0,99990,tsne_shepard_results/pdf/tsne_shepard _p80_e14_pca40_manhattan.pdf,OK,
50,10,40,manhattan,0.35349168965872885,0.5703841997525186,0.0,99990,tsne_shepard_results/pdf/tsne_shepard _p50_e10_pca40_manhattan.pdf,OK,
90,10,40,manhattan,0.35349168965872885,0.5702576853477749,0.0,99990,tsne_shepard_results/pdf/tsne_shepard _p90_e10_pca40_manhattan.pdf,OK,
80,20,40,euclidean,0.35349168965872885,0.5701590391303851,0.0,99990,tsne_shepard_results/pdf/tsne_shepard _p80_e20_pca40_euclidean.pdf,OK,
50,14,40,manhattan,0.35349168965872885,0.5699937461754168,0.0,99990,tsne_shepard_results/pdf/tsne_shepard _p50_e14_pca40_manhattan.pdf,OK,
70,20,40,manhattan,0.35349168965872885,0.5697160252976088,0.0,99990,tsne_shepard_results/pdf/tsne_shepard _p70_e20_pca40_manhattan.pdf,OK,
60,14,40,manhattan,0.35349168965872885,0.5694529050660679,0.0,99990,tsne_shepard_results/pdf/tsne_shepard _p60_e14_pca40_manhattan.pdf,OK,
80,20,40,manhattan,0.35349168965872885,0.5690291007433306,0.0,99990,tsne_shepard_results/pdf/tsne_shepard _p80_e20_pca40_manhattan.pdf,OK,
10,300,40,cosine,0.35349168965872885,0.5682271599844528,0.0,99990,tsne_shepard_results/pdf/tsne_shepard _p10_e300_pca40_cosine.pdf,OK,
90,20,40,manhattan,0.35349168965872885,0.5680848487994046,0.0,99990,tsne_shepard_results/pdf/tsne_shepard _p90_e20_pca40_manhattan.pdf,OK,
40,20,40,manhattan,0.35349168965872885,0.5677387245005787,0.0,99990,tsne_shepard_results/pdf/tsne_shepard _p40_e20_pca40_manhattan.pdf,OK,
30,100,40,cosine,0.35349168965872885,0.5675971974370655,0.0,99990,tsne_shepard_results/pdf/tsne_shepard _p30_e100_pca40_cosine.pdf,OK,
60,12,40,manhattan,0.35349168965872885,0.5675671825181385,0.0,99990,tsne_shepard_results/pdf/tsne_shepard _p60_e12_pca40_manhattan.pdf,OK,
30,20,40,manhattan,0.35349168965872885,0.5675596945230834,0.0,99990,tsne_shepard_results/pdf/tsne_shepard _p30_e20_pca40_manhattan.pdf,OK,
100,20,40,manhattan,0.35349168965872885,0.5672868739045206,0.0,99990,tsne_shepard_results/pdf/tsne_shepard _p100_e20_pca40_manhattan.pdf,OK,
40,14,40,manhattan,0.35349168965872885,0.5672704884673281,0.0,99990,tsne_shepard_results/pdf/tsne_shepard _p40_e14_pca40_manhattan.pdf,OK,
90,10,40,cosine,0.4456639269872491,0.5663587614571884,0.0,99990,tsne_shepard_results/pdf/tsne_shepard _p90_e10_pca40_cosine.pdf,OK,
90,14,40,manhattan,0.35349168965872885,0.564938258135698,0.0,99990,tsne_shepard_results/pdf/tsne_shepard _p90_e14_pca40_manhattan.pdf,OK,
80,10,40,cosine,0.4456639269872491,0.564360929975011,0.0,99990,tsne_shepard_results/pdf/tsne_shepard _p80_e10_pca40_cosine.pdf,OK,
40,10,40,manhattan,0.35349168965872885,0.5638882912595601,0.0,99990,tsne_shepard_results/pdf/tsne_shepard _p40_e10_pca40_manhattan.pdf,OK,
80,100,40,cosine,0.35349168965872885,0.5635425314513293,0.0,99990,tsne_shepard_results/pdf/tsne_shepard _p80_e100_pca40_cosine.pdf,OK,
40,12,40,manhattan,0.35349168965872885,0.5630115567968497,0.0,99990,tsne_shepard_results/pdf/tsne_shepard _p40_e12_pca40_manhattan.pdf,OK,
20,300,40,cosine,0.35349168965872885,0.5619823238346816,0.0,99990,tsne_shepard_results/pdf/tsne_shepard _p20_e300_pca40_cosine.pdf,OK,
70,10,40,cosine,0.4456639269872491,0.5618537167283987,0.0,99990,tsne_shepard_results/pdf/tsne_shepard _p70_e10_pca40_cosine.pdf,OK,
20,100,40,cosine,0.35349168965872885,0.5614949484081572,0.0,99990,tsne_shepard_results/pdf/tsne_shepard _p20_e100_pca40_cosine.pdf,OK,
10,100,40,cosine,0.35349168965872885,0.5605475313018498,0.0,99990,tsne_shepard_results/pdf/tsne_shepard _p10_e100_pca40_cosine.pdf,OK,
60,10,40,cosine,0.4456639269872491,0.5604880304755582,0.0,99990,tsne_shepard_results/pdf/tsne_shepard _p60_e10_pca40_cosine.pdf,OK,
50,12,40,cosine,0.4456639269872491,0.5600134202732241,0.0,99990,tsne_shepard_results/pdf/tsne_shepard _p50_e12_pca40_cosine.pdf,OK,
60,12,40,cosine,0.4456639269872491,0.5599770957606056,0.0,99990,tsne_shepard_results/pdf/tsne_shepard _p60_e12_pca40_cosine.pdf,OK,
50,100,40,cosine,0.4456639269872491,0.5594959573443925,0.0,99990,tsne_shepard_results/pdf/tsne_shepard _p50_e100_pca40_cosine.pdf,OK,
30,10,40,manhattan,0.35349168965872885,0.5592513156305923,0.0,99990,tsne_shepard_results/pdf/tsne_shepard _p30_e10_pca40_manhattan.pdf,OK,
50,10,40,cosine,0.4456639269872491,0.5585855924215642,0.0,99990,tsne_shepard_results/pdf/tsne_shepard _p50_e10_pca40_cosine.pdf,OK,
30,12,40,manhattan,0.35349168965872885,0.5585196848629754,0.0,99990,tsne_shepard_results/pdf/tsne_shepard _p30_e12_pca40_manhattan.pdf,OK,
90,100,40,euclidean,0.35349168965872885,0.5584566319554358,0.0,99990,tsne_shepard_results/pdf/tsne_shepard _p90_e100_pca40_euclidean.pdf,OK,
20,20,40,manhattan,0.35349168965872885,0.5576990329906506,0.0,99990,tsne_shepard_results/pdf/tsne_shepard _p20_e20_pca40_manhattan.pdf,OK,
30,14,40,manhattan,0.35349168965872885,0.5575477166841121,0.0,99990,tsne_shepard_results/pdf/tsne_shepard _p30_e14_pca40_manhattan.pdf,OK,
80,100,40,euclidean,0.35349168965872885,0.5571935326587109,0.0,99990,tsne_shepard_results/pdf/tsne_shepard _p80_e100_pca40_euclidean.pdf,OK,
60,300,40,cosine,0.5462545759172515,0.5571861322878282,0.0,99990,tsne_shepard_results/pdf/tsne_shepard _p60_e300_pca40_cosine.pdf,OK,
20,10,40,manhattan,0.35349168965872885,0.5568352909826931,0.0,99990,tsne_shepard_results/pdf/tsne_shepard _p20_e10_pca40_manhattan.pdf,OK,
30,300,40,cosine,0.35349168965872885,0.5567678255028777,0.0,99990,tsne_shepard_results/pdf/tsne_shepard _p30_e300_pca40_cosine.pdf,OK,
40,14,40,cosine,0.4456639269872491,0.5567675465095939,0.0,99990,tsne_shepard_results/pdf/tsne_shepard _p40_e14_pca40_cosine.pdf,OK,
100,300,40,cosine,0.4456639269872491,0.5566365862898882,0.0,99990,tsne_shepard_results/pdf/tsne_shepard _p100_e300_pca40_cosine.pdf,OK,
50,14,40,cosine,0.4456639269872491,0.5564878539002298,0.0,99990,tsne_shepard_results/pdf/tsne_shepard _p50_e14_pca40_cosine.pdf,OK,
40,12,40,cosine,0.4456639269872491,0.5559583428166048,0.0,99990,tsne_shepard_results/pdf/tsne_shepard _p40_e12_pca40_cosine.pdf,OK,
40,10,40,cosine,0.4456639269872491,0.5557554084270832,0.0,99990,tsne_shepard_results/pdf/tsne_shepard _p40_e10_pca40_cosine.pdf,OK,
20,12,40,manhattan,0.35349168965872885,0.5552823979314979,0.0,99990,tsne_shepard_results/pdf/tsne_shepard _p20_e12_pca40_manhattan.pdf,OK,
10,100,40,euclidean,0.35349168965872885,0.5547251296525896,0.0,99990,tsne_shepard_results/pdf/tsne_shepard _p10_e100_pca40_euclidean.pdf,OK,
30,14,40,cosine,0.4456639269872491,0.553849950602975,0.0,99990,tsne_shepard_results/pdf/tsne_shepard _p30_e14_pca40_cosine.pdf,OK,
30,10,40,cosine,0.4456639269872491,0.553776551920556,0.0,99990,tsne_shepard_results/pdf/tsne_shepard _p30_e10_pca40_cosine.pdf,OK,
100,12,40,cosine,0.4456639269872491,0.5537004670883019,0.0,99990,tsne_shepard_results/pdf/tsne_shepard _p100_e12_pca40_cosine.pdf,OK,
20,10,40,cosine,0.4456639269872491,0.5536560701919676,0.0,99990,tsne_shepard_results/pdf/tsne_shepard _p20_e10_pca40_cosine.pdf,OK,
30,12,40,cosine,0.4456639269872491,0.5535293024654229,0.0,99990,tsne_shepard_results/pdf/tsne_shepard _p30_e12_pca40_cosine.pdf,OK,
20,14,40,manhattan,0.35349168965872885,0.55307618168177,0.0,99990,tsne_shepard_results/pdf/tsne_shepard _p20_e14_pca40_manhattan.pdf,OK,
100,100,40,manhattan,0.35349168965872885,0.5524579754031909,0.0,99990,tsne_shepard_results/pdf/tsne_shepard _p100_e100_pca40_manhattan.pdf,OK,
20,12,40,cosine,0.4456639269872491,0.5523697479316506,0.0,99990,tsne_shepard_results/pdf/tsne_shepard _p20_e12_pca40_cosine.pdf,OK,
80,14,40,cosine,0.4456639269872491,0.5518589858933067,0.0,99990,tsne_shepard_results/pdf/tsne_shepard _p80_e14_pca40_cosine.pdf,OK,
90,14,40,cosine,0.4456639269872491,0.5515307053867642,0.0,99990,tsne_shepard_results/pdf/tsne_shepard _p90_e14_pca40_cosine.pdf,OK,
70,12,40,cosine,0.4456639269872491,0.551325380483543,0.0,99990,tsne_shepard_results/pdf/tsne_shepard _p70_e12_pca40_cosine.pdf,OK,
50,20,40,manhattan,0.35349168965872885,0.5508421033299328,0.0,99990,tsne_shepard_results/pdf/tsne_shepard _p50_e20_pca40_manhattan.pdf,OK,
90,12,40,cosine,0.4456639269872491,0.5507671437026002,0.0,99990,tsne_shepard_results/pdf/tsne_shepard _p90_e12_pca40_cosine.pdf,OK,
20,14,40,cosine,0.4456639269872491,0.5505983687124603,0.0,99990,tsne_shepard_results/pdf/tsne_shepard _p20_e14_pca40_cosine.pdf,OK,
60,100,40,cosine,0.5462545759172515,0.5504260087833425,0.0,99990,tsne_shepard_results/pdf/tsne_shepard _p60_e100_pca40_cosine.pdf,OK,
10,10,40,manhattan,0.35349168965872885,0.5500093522129643,0.0,99990,tsne_shepard_results/pdf/tsne_shepard _p10_e10_pca40_manhattan.pdf,OK,
100,20,40,cosine,0.4456639269872491,0.5497899024065922,0.0,99990,tsne_shepard_results/pdf/tsne_shepard _p100_e20_pca40_cosine.pdf,OK,
10,300,40,euclidean,0.35349168965872885,0.5496709914802954,0.0,99990,tsne_shepard_results/pdf/tsne_shepard _p10_e300_pca40_euclidean.pdf,OK,
90,300,40,euclidean,0.35349168965872885,0.5494959290060579,0.0,99990,tsne_shepard_results/pdf/tsne_shepard _p90_e300_pca40_euclidean.pdf,OK,
80,20,40,cosine,0.4456639269872491,0.5493237970348628,0.0,99990,tsne_shepard_results/pdf/tsne_shepard _p80_e20_pca40_cosine.pdf,OK,
100,14,40,cosine,0.4456639269872491,0.5492578872124357,0.0,99990,tsne_shepard_results/pdf/tsne_shepard _p100_e14_pca40_cosine.pdf,OK,
10,14,40,cosine,0.4456639269872491,0.5491896405714553,0.0,99990,tsne_shepard_results/pdf/tsne_shepard _p10_e14_pca40_cosine.pdf,OK,
10,12,40,cosine,0.4456639269872491,0.5489511072638442,0.0,99990,tsne_shepard_results/pdf/tsne_shepard _p10_e12_pca40_cosine.pdf,OK,
90,20,40,cosine,0.4456639269872491,0.5485655445231793,0.0,99990,tsne_shepard_results/pdf/tsne_shepard _p90_e20_pca40_cosine.pdf,OK,
70,100,40,manhattan,0.35349168965872885,0.5484840677575252,0.0,99990,tsne_shepard_results/pdf/tsne_shepard _p70_e100_pca40_manhattan.pdf,OK,
10,10,40,cosine,0.4456639269872491,0.5484775072982274,0.0,99990,tsne_shepard_results/pdf/tsne_shepard _p10_e10_pca40_cosine.pdf,OK,
20,300,40,euclidean,0.35349168965872885,0.5478284042563406,0.0,99990,tsne_shepard_results/pdf/tsne_shepard _p20_e300_pca40_euclidean.pdf,OK,
60,300,40,cosine,0.35349168965872885,0.5477732942844862,0.0,99990,tsne_shepard_results/pdf/tsne_shepard _p60_e300_pca40_cosine.pdf,OK,
10,20,40,cosine,0.4456639269872491,0.5475173090563057,0.0,99990,tsne_shepard_results/pdf/tsne_shepard _p10_e20_pca40_cosine.pdf,OK,
50,300,40,cosine,0.35349168965872885,0.5475084884413823,0.0,99990,tsne_shepard_results/pdf/tsne_shepard _p50_e300_pca40_cosine.pdf,OK,
10,12,40,manhattan,0.35349168965872885,0.5473822008812435,0.0,99990,tsne_shepard_results/pdf/tsne_shepard _p10_e12_pca40_manhattan.pdf,OK,
60,20,40,manhattan,0.35349168965872885,0.5472161595258065,0.0,99990,tsne_shepard_results/pdf/tsne_shepard _p60_e20_pca40_manhattan.pdf,OK,
20,300,40,manhattan,0.35349168965872885,0.5470093431397058,0.0,99990,tsne_shepard_results/pdf/tsne_shepard _p20_e300_pca40_manhattan.pdf,OK,
30,100,40,cosine,0.4456639269872491,0.5462690330574461,0.0,99990,tsne_shepard_results/pdf/tsne_shepard _p30_e100_pca40_cosine.pdf,OK,
10,14,40,manhattan,0.35349168965872885,0.5454538621889554,0.0,99990,tsne_shepard_results/pdf/tsne_shepard _p10_e14_pca40_manhattan.pdf,OK,
50,12,40,manhattan,0.35349168965872885,0.5453536131961321,0.0,99990,tsne_shepard_results/pdf/tsne_shepard _p50_e12_pca40_manhattan.pdf,OK,
10,20,40,manhattan,0.35349168965872885,0.5451747811793397,0.0,99990,tsne_shepard_results/pdf/tsne_shepard _p10_e20_pca40_manhattan.pdf,OK,
60,300,40,manhattan,0.35349168965872885,0.545088264035576,0.0,99990,tsne_shepard_results/pdf/tsne_shepard _p60_e300_pca40_manhattan.pdf,OK,
20,20,40,cosine,0.4456639269872491,0.5450435049921524,0.0,99990,tsne_shepard_results/pdf/tsne_shepard _p20_e20_pca40_cosine.pdf,OK,
80,12,40,cosine,0.4456639269872491,0.5447678863172752,0.0,99990,tsne_shepard_results/pdf/tsne_shepard _p80_e12_pca40_cosine.pdf,OK,
40,100,40,cosine,0.4456639269872491,0.5446975134909122,0.0,99990,tsne_shepard_results/pdf/tsne_shepard _p40_e100_pca40_cosine.pdf,OK,
80,100,40,cosine,0.4456639269872491,0.5441729103041657,0.0,99990,tsne_shepard_results/pdf/tsne_shepard _p80_e100_pca40_cosine.pdf,OK,
90,300,40,cosine,0.4456639269872491,0.5441009241888924,0.0,99990,tsne_shepard_results/pdf/tsne_shepard _p90_e300_pca40_cosine.pdf,OK,
70,20,40,cosine,0.4456639269872491,0.5438649438837866,0.0,99990,tsne_shepard_results/pdf/tsne_shepard _p70_e20_pca40_cosine.pdf,OK,
60,14,40,cosine,0.4456639269872491,0.5429095027470767,0.0,99990,tsne_shepard_results/pdf/tsne_shepard _p60_e14_pca40_cosine.pdf,OK,
100,100,40,cosine,0.5462545759172515,0.5407519946694561,0.0,99990,tsne_shepard_results/pdf/tsne_shepard _p100_e100_pca40_cosine.pdf,OK,
50,20,40,cosine,0.4456639269872491,0.5406370959484397,0.0,99990,tsne_shepard_results/pdf/tsne_shepard _p50_e20_pca40_cosine.pdf,OK,
60,20,40,cosine,0.4456639269872491,0.5400348007122419,0.0,99990,tsne_shepard_results/pdf/tsne_shepard _p60_e20_pca40_cosine.pdf,OK,
30,100,40,euclidean,0.35349168965872885,0.5394400317938637,0.0,99990,tsne_shepard_results/pdf/tsne_shepard _p30_e100_pca40_euclidean.pdf,OK,
40,100,40,euclidean,0.35349168965872885,0.5394347222378163,0.0,99990,tsne_shepard_results/pdf/tsne_shepard _p40_e100_pca40_euclidean.pdf,OK,
40,20,40,cosine,0.4456639269872491,0.5384838691730437,0.0,99990,tsne_shepard_results/pdf/tsne_shepard _p40_e20_pca40_cosine.pdf,OK,
40,300,40,cosine,0.4456639269872491,0.538347227271878,0.0,99990,tsne_shepard_results/pdf/tsne_shepard _p40_e300_pca40_cosine.pdf,OK,
30,20,40,cosine,0.4456639269872491,0.5375475625396943,0.0,99990,tsne_shepard_results/pdf/tsne_shepard _p30_e20_pca40_cosine.pdf,OK,
70,14,40,cosine,0.4456639269872491,0.5368735043147224,0.0,99990,tsne_shepard_results/pdf/tsne_shepard _p70_e14_pca40_cosine.pdf,OK,
60,100,40,euclidean,0.35349168965872885,0.5361941867337467,0.0,99990,tsne_shepard_results/pdf/tsne_shepard _p60_e100_pca40_euclidean.pdf,OK,
100,100,40,cosine,0.4456639269872491,0.5350953108076183,0.0,99990,tsne_shepard_results/pdf/tsne_shepard _p100_e100_pca40_cosine.pdf,OK,
90,10,40,euclidean,0.4456639269872491,0.534405029291609,0.0,99990,tsne_shepard_results/pdf/tsne_shepard _p90_e10_pca40_euclidean.pdf,OK,
100,10,40,euclidean,0.4456639269872491,0.5342325643139717,0.0,99990,tsne_shepard_results/pdf/tsne_shepard _p100_e10_pca40_euclidean.pdf,OK,
70,10,40,euclidean,0.4456639269872491,0.5337646149072921,0.0,99990,tsne_shepard_results/pdf/tsne_shepard _p70_e10_pca40_euclidean.pdf,OK,
90,300,40,cosine,0.5462545759172515,0.5335697595087244,0.0,99990,tsne_shepard_results/pdf/tsne_shepard _p90_e300_pca40_cosine.pdf,OK,
50,20,40,euclidean,0.4456639269872491,0.5323305873413836,0.0,99990,tsne_shepard_results/pdf/tsne_shepard _p50_e20_pca40_euclidean.pdf,OK,
80,10,40,euclidean,0.4456639269872491,0.53230482729912,0.0,99990,tsne_shepard_results/pdf/tsne_shepard _p80_e10_pca40_euclidean.pdf,OK,
70,300,40,euclidean,0.35349168965872885,0.5317518100580162,0.0,99990,tsne_shepard_results/pdf/tsne_shepard _p70_e300_pca40_euclidean.pdf,OK,
100,12,40,euclidean,0.4456639269872491,0.5314625689799641,0.0,99990,tsne_shepard_results/pdf/tsne_shepard _p100_e12_pca40_euclidean.pdf,OK,
90,12,40,cosine,0.5462545759172515,0.531061534701534,0.0,99990,tsne_shepard_results/pdf/tsne_shepard _p90_e12_pca40_cosine.pdf,OK,
60,100,40,cosine,0.4456639269872491,0.5310551215829695,0.0,99990,tsne_shepard_results/pdf/tsne_shepard _p60_e100_pca40_cosine.pdf,OK,
20,100,40,cosine,0.5462545759172515,0.5307670218263704,0.0,99990,tsne_shepard_results/pdf/tsne_shepard _p20_e100_pca40_cosine.pdf,OK,
100,14,40,manhattan,0.35349168965872885,0.5302681417511117,0.0,99990,tsne_shepard_results/pdf/tsne_shepard _p100_e14_pca40_manhattan.pdf,OK,
40,300,40,euclidean,0.35349168965872885,0.5301486746012177,0.0,99990,tsne_shepard_results/pdf/tsne_shepard _p40_e300_pca40_euclidean.pdf,OK,
20,100,40,cosine,0.4456639269872491,0.5300973069921167,0.0,99990,tsne_shepard_results/pdf/tsne_shepard _p20_e100_pca40_cosine.pdf,OK,
60,10,40,euclidean,0.4456639269872491,0.5295246123441684,0.0,99990,tsne_shepard_results/pdf/tsne_shepard _p60_e10_pca40_euclidean.pdf,OK,
60,100,40,manhattan,0.35349168965872885,0.5291316923109909,0.0,99990,tsne_shepard_results/pdf/tsne_shepard _p60_e100_pca40_manhattan.pdf,OK,
70,12,40,euclidean,0.4456639269872491,0.5288567836493748,0.0,99990,tsne_shepard_results/pdf/tsne_shepard _p70_e12_pca40_euclidean.pdf,OK,
60,12,40,euclidean,0.4456639269872491,0.5286937794931567,0.0,99990,tsne_shepard_results/pdf/tsne_shepard _p60_e12_pca40_euclidean.pdf,OK,
90,12,40,euclidean,0.4456639269872491,0.528629372783958,0.0,99990,tsne_shepard_results/pdf/tsne_shepard _p90_e12_pca40_euclidean.pdf,OK,
100,300,40,euclidean,0.35349168965872885,0.5282144771746775,0.0,99990,tsne_shepard_results/pdf/tsne_shepard _p100_e300_pca40_euclidean.pdf,OK,
50,100,40,cosine,0.5462545759172515,0.5279996880040886,0.0,99990,tsne_shepard_results/pdf/tsne_shepard _p50_e100_pca40_cosine.pdf,OK,
20,100,40,euclidean,0.35349168965872885,0.5279393519061633,0.0,99990,tsne_shepard_results/pdf/tsne_shepard _p20_e100_pca40_euclidean.pdf,OK,
50,10,40,euclidean,0.4456639269872491,0.5276560014154948,0.0,99990,tsne_shepard_results/pdf/tsne_shepard _p50_e10_pca40_euclidean.pdf,OK,
80,12,40,euclidean,0.4456639269872491,0.527406646321866,0.0,99990,tsne_shepard_results/pdf/tsne_shepard _p80_e12_pca40_euclidean.pdf,OK,
100,12,40,cosine,0.5462545759172515,0.5273980648770227,0.0,99990,tsne_shepard_results/pdf/tsne_shepard _p100_e12_pca40_cosine.pdf,OK,
50,14,40,cosine,0.5462545759172515,0.526983390912664,0.0,99990,tsne_shepard_results/pdf/tsne_shepard _p50_e14_pca40_cosine.pdf,OK,
50,12,40,euclidean,0.4456639269872491,0.5260867645582422,0.0,99990,tsne_shepard_results/pdf/tsne_shepard _p50_e12_pca40_euclidean.pdf,OK,
40,10,40,euclidean,0.4456639269872491,0.5260133584213037,0.0,99990,tsne_shepard_results/pdf/tsne_shepard _p40_e10_pca40_euclidean.pdf,OK,
70,14,40,euclidean,0.4456639269872491,0.5257979275141961,0.0,99990,tsne_shepard_results/pdf/tsne_shepard _p70_e14_pca40_euclidean.pdf,OK,
60,300,40,cosine,0.4456639269872491,0.5255457582649993,0.0,99990,tsne_shepard_results/pdf/tsne_shepard _p60_e300_pca40_cosine.pdf,OK,
80,14,40,cosine,0.5462545759172515,0.5254494241516284,0.0,99990,tsne_shepard_results/pdf/tsne_shepard _p80_e14_pca40_cosine.pdf,OK,
40,100,40,cosine,0.5462545759172515,0.5250146821319832,0.0,99990,tsne_shepard_results/pdf/tsne_shepard _p40_e100_pca40_cosine.pdf,OK,
100,100,40,euclidean,0.35349168965872885,0.5248583320556285,0.0,99990,tsne_shepard_results/pdf/tsne_shepard _p100_e100_pca40_euclidean.pdf,OK,
90,14,40,euclidean,0.4456639269872491,0.5247566469596796,0.0,99990,tsne_shepard_results/pdf/tsne_shepard _p90_e14_pca40_euclidean.pdf,OK,
70,14,40,cosine,0.5462545759172515,0.5247187451192961,0.0,99990,tsne_shepard_results/pdf/tsne_shepard _p70_e14_pca40_cosine.pdf,OK,
100,100,40,euclidean,0.4456639269872491,0.5244816353980514,0.0,99990,tsne_shepard_results/pdf/tsne_shepard _p100_e100_pca40_euclidean.pdf,OK,
80,100,40,cosine,0.5462545759172515,0.5240782769507331,0.0,99990,tsne_shepard_results/pdf/tsne_shepard _p80_e100_pca40_cosine.pdf,OK,
80,14,40,euclidean,0.4456639269872491,0.5239743895829035,0.0,99990,tsne_shepard_results/pdf/tsne_shepard _p80_e14_pca40_euclidean.pdf,OK,
90,14,40,cosine,0.5462545759172515,0.5238895757532304,0.0,99990,tsne_shepard_results/pdf/tsne_shepard _p90_e14_pca40_cosine.pdf,OK,
50,10,40,cosine,0.5462545759172515,0.5231813317981847,0.0,99990,tsne_shepard_results/pdf/tsne_shepard _p50_e10_pca40_cosine.pdf,OK,
70,100,40,cosine,0.4456639269872491,0.5227872412805107,0.0,99990,tsne_shepard_results/pdf/tsne_shepard _p70_e100_pca40_cosine.pdf,OK,
60,14,40,cosine,0.5462545759172515,0.5227651476336542,0.0,99990,tsne_shepard_results/pdf/tsne_shepard _p60_e14_pca40_cosine.pdf,OK,
50,14,40,euclidean,0.4456639269872491,0.5224571655289431,0.0,99990,tsne_shepard_results/pdf/tsne_shepard _p50_e14_pca40_euclidean.pdf,OK,
100,20,40,cosine,0.5462545759172515,0.5224351666829843,0.0,99990,tsne_shepard_results/pdf/tsne_shepard _p100_e20_pca40_cosine.pdf,OK,
100,14,40,cosine,0.5462545759172515,0.5216854625513914,0.0,99990,tsne_shepard_results/pdf/tsne_shepard _p100_e14_pca40_cosine.pdf,OK,
100,14,40,euclidean,0.4456639269872491,0.5216551876695019,0.0,99990,tsne_shepard_results/pdf/tsne_shepard _p100_e14_pca40_euclidean.pdf,OK,
10,300,40,manhattan,0.35349168965872885,0.5216198340782588,0.0,99990,tsne_shepard_results/pdf/tsne_shepard _p10_e300_pca40_manhattan.pdf,OK,
40,12,40,euclidean,0.4456639269872491,0.5216124963408822,0.0,99990,tsne_shepard_results/pdf/tsne_shepard _p40_e12_pca40_euclidean.pdf,OK,
60,10,40,cosine,0.5462545759172515,0.5216009866770457,0.0,99990,tsne_shepard_results/pdf/tsne_shepard _p60_e10_pca40_cosine.pdf,OK,
100,10,40,cosine,0.5462545759172515,0.5211827564653664,0.0,99990,tsne_shepard_results/pdf/tsne_shepard _p100_e10_pca40_cosine.pdf,OK,
30,10,40,euclidean,0.4456639269872491,0.5211219004768439,0.0,99990,tsne_shepard_results/pdf/tsne_shepard _p30_e10_pca40_euclidean.pdf,OK,
80,100,40,euclidean,0.4456639269872491,0.5208472114508128,0.0,99990,tsne_shepard_results/pdf/tsne_shepard _p80_e100_pca40_euclidean.pdf,OK,
60,14,40,euclidean,0.4456639269872491,0.5208221181171697,0.0,99990,tsne_shepard_results/pdf/tsne_shepard _p60_e14_pca40_euclidean.pdf,OK,
40,14,40,euclidean,0.4456639269872491,0.5208124018603628,0.0,99990,tsne_shepard_results/pdf/tsne_shepard _p40_e14_pca40_euclidean.pdf,OK,
70,300,40,cosine,0.5462545759172515,0.5207626657939968,0.0,99990,tsne_shepard_results/pdf/tsne_shepard _p70_e300_pca40_cosine.pdf,OK,
90,20,40,cosine,0.5462545759172515,0.5206753377833537,0.0,99990,tsne_shepard_results/pdf/tsne_shepard _p90_e20_pca40_cosine.pdf,OK,
70,10,40,cosine,0.5462545759172515,0.5204801529040761,0.0,99990,tsne_shepard_results/pdf/tsne_shepard _p70_e10_pca40_cosine.pdf,OK,
80,10,40,cosine,0.5462545759172515,0.5201963161920724,0.0,99990,tsne_shepard_results/pdf/tsne_shepard _p80_e10_pca40_cosine.pdf,OK,
40,10,40,cosine,0.5462545759172515,0.5201590992379381,0.0,99990,tsne_shepard_results/pdf/tsne_shepard _p40_e10_pca40_cosine.pdf,OK,
10,100,40,cosine,0.4456639269872491,0.5196842140131193,0.0,99990,tsne_shepard_results/pdf/tsne_shepard _p10_e100_pca40_cosine.pdf,OK,
90,10,40,cosine,0.5462545759172515,0.5196606945944894,0.0,99990,tsne_shepard_results/pdf/tsne_shepard _p90_e10_pca40_cosine.pdf,OK,
20,12,40,cosine,0.5462545759172515,0.5195593350759413,0.0,99990,tsne_shepard_results/pdf/tsne_shepard _p20_e12_pca40_cosine.pdf,OK,
80,12,40,cosine,0.5462545759172515,0.5191374596841268,0.0,99990,tsne_shepard_results/pdf/tsne_shepard _p80_e12_pca40_cosine.pdf,OK,
20,100,40,manhattan,0.35349168965872885,0.5187888626700624,0.0,99990,tsne_shepard_results/pdf/tsne_shepard _p20_e100_pca40_manhattan.pdf,OK,
30,12,40,cosine,0.5462545759172515,0.518190313507072,0.0,99990,tsne_shepard_results/pdf/tsne_shepard _p30_e12_pca40_cosine.pdf,OK,
30,12,40,euclidean,0.4456639269872491,0.5181183969339347,0.0,99990,tsne_shepard_results/pdf/tsne_shepard _p30_e12_pca40_euclidean.pdf,OK,
10,100,40,manhattan,0.35349168965872885,0.5179575647894175,0.0,99990,tsne_shepard_results/pdf/tsne_shepard _p10_e100_pca40_manhattan.pdf,OK,
50,300,40,cosine,0.4456639269872491,0.5177456039157236,0.0,99990,tsne_shepard_results/pdf/tsne_shepard _p50_e300_pca40_cosine.pdf,OK,
90,100,40,manhattan,0.35349168965872885,0.5170704738886037,0.0,99990,tsne_shepard_results/pdf/tsne_shepard _p90_e100_pca40_manhattan.pdf,OK,
10,12,40,cosine,0.5462545759172515,0.5170330227152978,0.0,99990,tsne_shepard_results/pdf/tsne_shepard _p10_e12_pca40_cosine.pdf,OK,
20,14,40,cosine,0.5462545759172515,0.5168734042552466,0.0,99990,tsne_shepard_results/pdf/tsne_shepard _p20_e14_pca40_cosine.pdf,OK,
30,20,40,cosine,0.5462545759172515,0.5162491916117938,0.0,99990,tsne_shepard_results/pdf/tsne_shepard _p30_e20_pca40_cosine.pdf,OK,
40,12,40,cosine,0.5462545759172515,0.5160624575760014,0.0,99990,tsne_shepard_results/pdf/tsne_shepard _p40_e12_pca40_cosine.pdf,OK,
30,300,40,cosine,0.4456639269872491,0.5158202896326495,0.0,99990,tsne_shepard_results/pdf/tsne_shepard _p30_e300_pca40_cosine.pdf,OK,
40,20,40,euclidean,0.4456639269872491,0.5152087823672836,0.0,99990,tsne_shepard_results/pdf/tsne_shepard _p40_e20_pca40_euclidean.pdf,OK,
20,20,40,cosine,0.5462545759172515,0.5149616521989803,0.0,99990,tsne_shepard_results/pdf/tsne_shepard _p20_e20_pca40_cosine.pdf,OK,
70,300,40,cosine,0.4456639269872491,0.5148321526616302,0.0,99990,tsne_shepard_results/pdf/tsne_shepard _p70_e300_pca40_cosine.pdf,OK,
80,20,40,cosine,0.5462545759172515,0.5144981971247304,0.0,99990,tsne_shepard_results/pdf/tsne_shepard _p80_e20_pca40_cosine.pdf,OK,
10,300,40,euclidean,0.4456639269872491,0.5141179628995259,0.0,99990,tsne_shepard_results/pdf/tsne_shepard _p10_e300_pca40_euclidean.pdf,OK,
20,10,40,euclidean,0.4456639269872491,0.513147897954164,0.0,99990,tsne_shepard_results/pdf/tsne_shepard _p20_e10_pca40_euclidean.pdf,OK,
70,20,40,euclidean,0.4456639269872491,0.5130281979532574,0.0,99990,tsne_shepard_results/pdf/tsne_shepard _p70_e20_pca40_euclidean.pdf,OK,
60,20,40,euclidean,0.4456639269872491,0.513018212254454,0.0,99990,tsne_shepard_results/pdf/tsne_shepard _p60_e20_pca40_euclidean.pdf,OK,
100,20,40,euclidean,0.4456639269872491,0.5130098766783976,0.0,99990,tsne_shepard_results/pdf/tsne_shepard _p100_e20_pca40_euclidean.pdf,OK,
80,300,40,cosine,0.5462545759172515,0.5126920218832486,0.0,99990,tsne_shepard_results/pdf/tsne_shepard _p80_e300_pca40_cosine.pdf,OK,
20,14,40,euclidean,0.4456639269872491,0.5126627525639413,0.0,99990,tsne_shepard_results/pdf/tsne_shepard _p20_e14_pca40_euclidean.pdf,OK,
80,20,40,euclidean,0.4456639269872491,0.5126310481710084,0.0,99990,tsne_shepard_results/pdf/tsne_shepard _p80_e20_pca40_euclidean.pdf,OK,
20,12,40,euclidean,0.4456639269872491,0.5121883557694639,0.0,99990,tsne_shepard_results/pdf/tsne_shepard _p20_e12_pca40_euclidean.pdf,OK,
30,14,40,euclidean,0.4456639269872491,0.512091801590982,0.0,99990,tsne_shepard_results/pdf/tsne_shepard _p30_e14_pca40_euclidean.pdf,OK,
70,20,40,cosine,0.5462545759172515,0.5119610745507518,0.0,99990,tsne_shepard_results/pdf/tsne_shepard _p70_e20_pca40_cosine.pdf,OK,
90,20,40,euclidean,0.4456639269872491,0.5117252804491903,0.0,99990,tsne_shepard_results/pdf/tsne_shepard _p90_e20_pca40_euclidean.pdf,OK,
30,10,40,cosine,0.5462545759172515,0.5112569965302503,0.0,99990,tsne_shepard_results/pdf/tsne_shepard _p30_e10_pca40_cosine.pdf,OK,
70,12,40,cosine,0.5462545759172515,0.5110705188501736,0.0,99990,tsne_shepard_results/pdf/tsne_shepard _p70_e12_pca40_cosine.pdf,OK,
50,100,40,euclidean,0.4456639269872491,0.5110381875088446,0.0,99990,tsne_shepard_results/pdf/tsne_shepard _p50_e100_pca40_euclidean.pdf,OK,
10,10,40,cosine,0.5462545759172515,0.5110211747397413,0.0,99990,tsne_shepard_results/pdf/tsne_shepard _p10_e10_pca40_cosine.pdf,OK,
40,20,40,cosine,0.5462545759172515,0.5109985751541944,0.0,99990,tsne_shepard_results/pdf/tsne_shepard _p40_e20_pca40_cosine.pdf,OK,
50,300,40,euclidean,0.4456639269872491,0.5100261095977271,0.0,99990,tsne_shepard_results/pdf/tsne_shepard _p50_e300_pca40_euclidean.pdf,OK,
90,100,40,cosine,0.5462545759172515,0.5098922364299683,0.0,99990,tsne_shepard_results/pdf/tsne_shepard _p90_e100_pca40_cosine.pdf,OK,
100,300,40,manhattan,0.35349168965872885,0.5095613550556968,0.0,99990,tsne_shepard_results/pdf/tsne_shepard _p100_e300_pca40_manhattan.pdf,OK,
60,20,40,cosine,0.5462545759172515,0.509369562415922,0.0,99990,tsne_shepard_results/pdf/tsne_shepard _p60_e20_pca40_cosine.pdf,OK,
10,20,40,cosine,0.5462545759172515,0.5092580622158699,0.0,99990,tsne_shepard_results/pdf/tsne_shepard _p10_e20_pca40_cosine.pdf,OK,
10,300,40,cosine,0.4456639269872491,0.5091813898971617,0.0,99990,tsne_shepard_results/pdf/tsne_shepard _p10_e300_pca40_cosine.pdf,OK,
50,12,40,cosine,0.5462545759172515,0.5090532864640013,0.0,99990,tsne_shepard_results/pdf/tsne_shepard _p50_e12_pca40_cosine.pdf,OK,
20,300,40,cosine,0.4456639269872491,0.5086388348436301,0.0,99990,tsne_shepard_results/pdf/tsne_shepard _p20_e300_pca40_cosine.pdf,OK,
50,100,40,manhattan,0.35349168965872885,0.5084814504075003,0.0,99990,tsne_shepard_results/pdf/tsne_shepard _p50_e100_pca40_manhattan.pdf,OK,
60,12,40,cosine,0.5462545759172515,0.5079658293312695,0.0,99990,tsne_shepard_results/pdf/tsne_shepard _p60_e12_pca40_cosine.pdf,OK,
50,20,40,cosine,0.5462545759172515,0.5075414466857491,0.0,99990,tsne_shepard_results/pdf/tsne_shepard _p50_e20_pca40_cosine.pdf,OK,
40,14,40,cosine,0.5462545759172515,0.5074562839674901,0.0,99990,tsne_shepard_results/pdf/tsne_shepard _p40_e14_pca40_cosine.pdf,OK,
30,14,40,cosine,0.5462545759172515,0.5073453403706355,0.0,99990,tsne_shepard_results/pdf/tsne_shepard _p30_e14_pca40_cosine.pdf,OK,
70,100,40,cosine,0.5462545759172515,0.5066857712738854,0.0,99990,tsne_shepard_results/pdf/tsne_shepard _p70_e100_pca40_cosine.pdf,OK,
10,10,40,euclidean,0.4456639269872491,0.5059370090544758,0.0,99990,tsne_shepard_results/pdf/tsne_shepard _p10_e10_pca40_euclidean.pdf,OK,
10,14,40,euclidean,0.4456639269872491,0.5038105106048605,0.0,99990,tsne_shepard_results/pdf/tsne_shepard _p10_e14_pca40_euclidean.pdf,OK,
100,300,40,cosine,0.5462545759172515,0.5037289941143824,0.0,99990,tsne_shepard_results/pdf/tsne_shepard _p100_e300_pca40_cosine.pdf,OK,
10,12,40,euclidean,0.4456639269872491,0.5034776130160006,0.0,99990,tsne_shepard_results/pdf/tsne_shepard _p10_e12_pca40_euclidean.pdf,OK,
30,20,40,euclidean,0.4456639269872491,0.5026137896481669,0.0,99990,tsne_shepard_results/pdf/tsne_shepard _p30_e20_pca40_euclidean.pdf,OK,
50,100,40,euclidean,0.35349168965872885,0.5004371459682595,0.0,99990,tsne_shepard_results/pdf/tsne_shepard _p50_e100_pca40_euclidean.pdf,OK,
40,300,40,manhattan,0.35349168965872885,0.5002692352369624,0.0,99990,tsne_shepard_results/pdf/tsne_shepard _p40_e300_pca40_manhattan.pdf,OK,
20,20,40,euclidean,0.4456639269872491,0.4999317043769519,0.0,99990,tsne_shepard_results/pdf/tsne_shepard _p20_e20_pca40_euclidean.pdf,OK,
10,20,40,euclidean,0.4456639269872491,0.4996395775207237,0.0,99990,tsne_shepard_results/pdf/tsne_shepard _p10_e20_pca40_euclidean.pdf,OK,
20,100,40,euclidean,0.4456639269872491,0.4992898135226165,0.0,99990,tsne_shepard_results/pdf/tsne_shepard _p20_e100_pca40_euclidean.pdf,OK,
100,1000,40,cosine,0.35349168965872885,0.49699013460957603,0.0,99990,tsne_shepard_results/pdf/tsne_shepard _p100_e1000_pca40_cosine.pdf,OK,
70,100,40,euclidean,0.35349168965872885,0.4962414732279966,0.0,99990,tsne_shepard_results/pdf/tsne_shepard _p70_e100_pca40_euclidean.pdf,OK,
80,300,40,euclidean,0.4456639269872491,0.49567639925212287,0.0,99990,tsne_shepard_results/pdf/tsne_shepard _p80_e300_pca40_euclidean.pdf,OK,
10,300,40,cosine,0.5462545759172515,0.4936365071679196,0.0,99990,tsne_shepard_results/pdf/tsne_shepard _p10_e300_pca40_cosine.pdf,OK,
60,300,40,euclidean,0.4456639269872491,0.49336187334608717,0.0,99990,tsne_shepard_results/pdf/tsne_shepard _p60_e300_pca40_euclidean.pdf,OK,
90,300,40,manhattan,0.35349168965872885,0.49120212159843096,0.0,99990,tsne_shepard_results/pdf/tsne_shepard _p90_e300_pca40_manhattan.pdf,OK,
30,300,40,manhattan,0.35349168965872885,0.4901258474779273,0.0,99990,tsne_shepard_results/pdf/tsne_shepard _p30_e300_pca40_manhattan.pdf,OK,
10,100,40,cosine,0.5462545759172515,0.4879464007647357,0.0,99990,tsne_shepard_results/pdf/tsne_shepard _p10_e100_pca40_cosine.pdf,OK,
40,20,40,manhattan,0.4456639269872491,0.48471912861054833,0.0,99990,tsne_shepard_results/pdf/tsne_shepard _p40_e20_pca40_manhattan.pdf,OK,
60,100,40,euclidean,0.4456639269872491,0.4832843296110784,0.0,99990,tsne_shepard_results/pdf/tsne_shepard _p60_e100_pca40_euclidean.pdf,OK,
20,10,40,cosine,0.5462545759172515,0.48311103170965985,0.0,99990,tsne_shepard_results/pdf/tsne_shepard _p20_e10_pca40_cosine.pdf,OK,
30,100,40,cosine,0.5462545759172515,0.4812553126511104,0.0,99990,tsne_shepard_results/pdf/tsne_shepard _p30_e100_pca40_cosine.pdf,OK,
70,100,40,manhattan,0.4456639269872491,0.4810567992202556,0.0,99990,tsne_shepard_results/pdf/tsne_shepard _p70_e100_pca40_manhattan.pdf,OK,
10,1000,40,manhattan,0.35349168965872885,0.48072669618124114,0.0,99990,tsne_shepard_results/pdf/tsne_shepard _p10_e1000_pca40_manhattan.pdf,OK,
20,1000,40,manhattan,0.35349168965872885,0.4804258377368983,0.0,99990,tsne_shepard_results/pdf/tsne_shepard _p20_e1000_pca40_manhattan.pdf,OK,
10,14,40,cosine,0.5462545759172515,0.4798185805876101,0.0,99990,tsne_shepard_results/pdf/tsne_shepard _p10_e14_pca40_cosine.pdf,OK,
100,10,40,manhattan,0.4456639269872491,0.4796854961388797,0.0,99990,tsne_shepard_results/pdf/tsne_shepard _p100_e10_pca40_manhattan.pdf,OK,
90,12,40,manhattan,0.4456639269872491,0.4796381768099441,0.0,99990,tsne_shepard_results/pdf/tsne_shepard _p90_e12_pca40_manhattan.pdf,OK,
30,100,40,manhattan,0.35349168965872885,0.47961749651124397,0.0,99990,tsne_shepard_results/pdf/tsne_shepard _p30_e100_pca40_manhattan.pdf,OK,
30,20,40,manhattan,0.4456639269872491,0.4789633203549859,0.0,99990,tsne_shepard_results/pdf/tsne_shepard _p30_e20_pca40_manhattan.pdf,OK,
100,12,40,manhattan,0.4456639269872491,0.4780130801742038,0.0,99990,tsne_shepard_results/pdf/tsne_shepard _p100_e12_pca40_manhattan.pdf,OK,
90,20,40,euclidean,0.5462545759172515,0.4757197916922327,0.0,99990,tsne_shepard_results/pdf/tsne_shepard _p90_e20_pca40_euclidean.pdf,OK,
80,10,40,manhattan,0.4456639269872491,0.4747966782380025,0.0,99990,tsne_shepard_results/pdf/tsne_shepard _p80_e10_pca40_manhattan.pdf,OK,
40,300,40,euclidean,0.4456639269872491,0.4743857213162172,0.0,99990,tsne_shepard_results/pdf/tsne_shepard _p40_e300_pca40_euclidean.pdf,OK,
90,10,40,manhattan,0.4456639269872491,0.4742161014940581,0.0,99990,tsne_shepard_results/pdf/tsne_shepard _p90_e10_pca40_manhattan.pdf,OK,
70,10,40,manhattan,0.4456639269872491,0.47417704544433725,0.0,99990,tsne_shepard_results/pdf/tsne_shepard _p70_e10_pca40_manhattan.pdf,OK,
70,100,40,euclidean,0.4456639269872491,0.4740104434058957,0.0,99990,tsne_shepard_results/pdf/tsne_shepard _p70_e100_pca40_euclidean.pdf,OK,
30,1000,40,manhattan,0.35349168965872885,0.47388840411829325,0.0,99990,tsne_shepard_results/pdf/tsne_shepard _p30_e1000_pca40_manhattan.pdf,OK,
80,12,40,manhattan,0.4456639269872491,0.4737152428389582,0.0,99990,tsne_shepard_results/pdf/tsne_shepard _p80_e12_pca40_manhattan.pdf,OK,
20,20,40,manhattan,0.4456639269872491,0.473386883002416,0.0,99990,tsne_shepard_results/pdf/tsne_shepard _p20_e20_pca40_manhattan.pdf,OK,
70,300,40,manhattan,0.35349168965872885,0.47267087775751526,0.0,99990,tsne_shepard_results/pdf/tsne_shepard _p70_e300_pca40_manhattan.pdf,OK,
80,100,40,manhattan,0.35349168965872885,0.47219134773176463,0.0,99990,tsne_shepard_results/pdf/tsne_shepard _p80_e100_pca40_manhattan.pdf,OK,
50,20,40,manhattan,0.4456639269872491,0.4719187146928036,0.0,99990,tsne_shepard_results/pdf/tsne_shepard _p50_e20_pca40_manhattan.pdf,OK,
80,20,40,manhattan,0.4456639269872491,0.4719004891095109,0.0,99990,tsne_shepard_results/pdf/tsne_shepard _p80_e20_pca40_manhattan.pdf,OK,
90,14,40,manhattan,0.4456639269872491,0.47146386084286407,0.0,99990,tsne_shepard_results/pdf/tsne_shepard _p90_e14_pca40_manhattan.pdf,OK,
60,10,40,manhattan,0.4456639269872491,0.4714444829433684,0.0,99990,tsne_shepard_results/pdf/tsne_shepard _p60_e10_pca40_manhattan.pdf,OK,
100,14,40,manhattan,0.4456639269872491,0.47128193106166677,0.0,99990,tsne_shepard_results/pdf/tsne_shepard _p100_e14_pca40_manhattan.pdf,OK,
20,300,40,euclidean,0.4456639269872491,0.47122644850315654,0.0,99990,tsne_shepard_results/pdf/tsne_shepard _p20_e300_pca40_euclidean.pdf,OK,
70,12,40,manhattan,0.4456639269872491,0.4710581939981667,0.0,99990,tsne_shepard_results/pdf/tsne_shepard _p70_e12_pca40_manhattan.pdf,OK,
90,300,40,manhattan,0.4456639269872491,0.4695640223434284,0.0,99990,tsne_shepard_results/pdf/tsne_shepard _p90_e300_pca40_manhattan.pdf,OK,
60,14,40,manhattan,0.4456639269872491,0.4691812092465137,0.0,99990,tsne_shepard_results/pdf/tsne_shepard _p60_e14_pca40_manhattan.pdf,OK,
60,20,40,manhattan,0.4456639269872491,0.467981293921177,0.0,99990,tsne_shepard_results/pdf/tsne_shepard _p60_e20_pca40_manhattan.pdf,OK,
70,20,40,manhattan,0.4456639269872491,0.4679656220595065,0.0,99990,tsne_shepard_results/pdf/tsne_shepard _p70_e20_pca40_manhattan.pdf,OK,
80,14,40,manhattan,0.4456639269872491,0.46761354684222267,0.0,99990,tsne_shepard_results/pdf/tsne_shepard _p80_e14_pca40_manhattan.pdf,OK,
70,14,40,manhattan,0.4456639269872491,0.4673645821578147,0.0,99990,tsne_shepard_results/pdf/tsne_shepard _p70_e14_pca40_manhattan.pdf,OK,
60,12,40,manhattan,0.4456639269872491,0.4668801724411952,0.0,99990,tsne_shepard_results/pdf/tsne_shepard _p60_e12_pca40_manhattan.pdf,OK,
80,300,40,manhattan,0.35349168965872885,0.4665922916429636,0.0,99990,tsne_shepard_results/pdf/tsne_shepard _p80_e300_pca40_manhattan.pdf,OK,
50,12,40,manhattan,0.4456639269872491,0.46616991508476363,0.0,99990,tsne_shepard_results/pdf/tsne_shepard _p50_e12_pca40_manhattan.pdf,OK,
70,14,40,euclidean,0.5462545759172515,0.46575433587464615,0.0,99990,tsne_shepard_results/pdf/tsne_shepard _p70_e14_pca40_euclidean.pdf,OK,
50,10,40,manhattan,0.4456639269872491,0.46551345086764817,0.0,99990,tsne_shepard_results/pdf/tsne_shepard _p50_e10_pca40_manhattan.pdf,OK,
100,10,40,euclidean,0.5462545759172515,0.46521606333209065,0.0,99990,tsne_shepard_results/pdf/tsne_shepard _p100_e10_pca40_euclidean.pdf,OK,
80,12,40,euclidean,0.5462545759172515,0.46517024069179147,0.0,99990,tsne_shepard_results/pdf/tsne_shepard _p80_e12_pca40_euclidean.pdf,OK,
60,12,40,euclidean,0.5462545759172515,0.46506177001563226,0.0,99990,tsne_shepard_results/pdf/tsne_shepard _p60_e12_pca40_euclidean.pdf,OK,
60,100,40,euclidean,0.5462545759172515,0.46487144021037646,0.0,99990,tsne_shepard_results/pdf/tsne_shepard _p60_e100_pca40_euclidean.pdf,OK,
80,10,40,euclidean,0.5462545759172515,0.46467061001123394,0.0,99990,tsne_shepard_results/pdf/tsne_shepard _p80_e10_pca40_euclidean.pdf,OK,
60,14,40,euclidean,0.5462545759172515,0.46442810216691044,0.0,99990,tsne_shepard_results/pdf/tsne_shepard _p60_e14_pca40_euclidean.pdf,OK,
50,14,40,euclidean,0.5462545759172515,0.46440026266387263,0.0,99990,tsne_shepard_results/pdf/tsne_shepard _p50_e14_pca40_euclidean.pdf,OK,
50,12,40,euclidean,0.5462545759172515,0.46439330802336304,0.0,99990,tsne_shepard_results/pdf/tsne_shepard _p50_e12_pca40_euclidean.pdf,OK,
90,100,40,euclidean,0.4456639269872491,0.46429555900941816,0.0,99990,tsne_shepard_results/pdf/tsne_shepard _p90_e100_pca40_euclidean.pdf,OK,
90,10,40,euclidean,0.5462545759172515,0.4639614125811423,0.0,99990,tsne_shepard_results/pdf/tsne_shepard _p90_e10_pca40_euclidean.pdf,OK,
50,14,40,manhattan,0.4456639269872491,0.46342211422235885,0.0,99990,tsne_shepard_results/pdf/tsne_shepard _p50_e14_pca40_manhattan.pdf,OK,
30,300,40,cosine,0.5462545759172515,0.46328053300166155,0.0,99990,tsne_shepard_results/pdf/tsne_shepard _p30_e300_pca40_cosine.pdf,OK,
90,14,40,euclidean,0.5462545759172515,0.46322710433384684,0.0,99990,tsne_shepard_results/pdf/tsne_shepard _p90_e14_pca40_euclidean.pdf,OK,
70,10,40,euclidean,0.5462545759172515,0.46290180167473655,0.0,99990,tsne_shepard_results/pdf/tsne_shepard _p70_e10_pca40_euclidean.pdf,OK,
70,12,40,euclidean,0.5462545759172515,0.4626104693481154,0.0,99990,tsne_shepard_results/pdf/tsne_shepard _p70_e12_pca40_euclidean.pdf,OK,
10,1000,40,cosine,0.16680955975035866,0.46153627847123885,0.0,99990,tsne_shepard_results/pdf/tsne_shepard _p10_e1000_pca40_cosine.pdf,OK,
40,10,40,manhattan,0.4456639269872491,0.46152043059955644,0.0,99990,tsne_shepard_results/pdf/tsne_shepard _p40_e10_pca40_manhattan.pdf,OK,
60,10,40,euclidean,0.5462545759172515,0.46128603943985197,0.0,99990,tsne_shepard_results/pdf/tsne_shepard _p60_e10_pca40_euclidean.pdf,OK,
40,100,40,manhattan,0.4456639269872491,0.4608724927240735,0.0,99990,tsne_shepard_results/pdf/tsne_shepard _p40_e100_pca40_manhattan.pdf,OK,
40,12,40,manhattan,0.4456639269872491,0.46084274353777877,0.0,99990,tsne_shepard_results/pdf/tsne_shepard _p40_e12_pca40_manhattan.pdf,OK,
50,10,40,euclidean,0.5462545759172515,0.4606303843039996,0.0,99990,tsne_shepard_results/pdf/tsne_shepard _p50_e10_pca40_euclidean.pdf,OK,
100,12,40,euclidean,0.5462545759172515,0.45934011758020055,0.0,99990,tsne_shepard_results/pdf/tsne_shepard _p100_e12_pca40_euclidean.pdf,OK,
40,14,40,euclidean,0.5462545759172515,0.4590284156935122,0.0,99990,tsne_shepard_results/pdf/tsne_shepard _p40_e14_pca40_euclidean.pdf,OK,
40,14,40,manhattan,0.4456639269872491,0.4588778720403766,0.0,99990,tsne_shepard_results/pdf/tsne_shepard _p40_e14_pca40_manhattan.pdf,OK,
50,300,40,euclidean,0.5462545759172515,0.4581010343537828,0.0,99990,tsne_shepard_results/pdf/tsne_shepard _p50_e300_pca40_euclidean.pdf,OK,
40,300,40,manhattan,0.4456639269872491,0.457993604227038,0.0,99990,tsne_shepard_results/pdf/tsne_shepard _p40_e300_pca40_manhattan.pdf,OK,
90,300,40,euclidean,0.4456639269872491,0.4579222301038055,0.0,99990,tsne_shepard_results/pdf/tsne_shepard _p90_e300_pca40_euclidean.pdf,OK,
30,10,40,manhattan,0.4456639269872491,0.4576140673699734,0.0,99990,tsne_shepard_results/pdf/tsne_shepard _p30_e10_pca40_manhattan.pdf,OK,
40,100,40,euclidean,0.4456639269872491,0.4573208455780296,0.0,99990,tsne_shepard_results/pdf/tsne_shepard _p40_e100_pca40_euclidean.pdf,OK,
90,12,40,euclidean,0.5462545759172515,0.45721606493964734,0.0,99990,tsne_shepard_results/pdf/tsne_shepard _p90_e12_pca40_euclidean.pdf,OK,
100,20,40,manhattan,0.4456639269872491,0.45711897462984563,0.0,99990,tsne_shepard_results/pdf/tsne_shepard _p100_e20_pca40_manhattan.pdf,OK,
80,14,40,euclidean,0.5462545759172515,0.4570172404871354,0.0,99990,tsne_shepard_results/pdf/tsne_shepard _p80_e14_pca40_euclidean.pdf,OK,
100,14,40,euclidean,0.5462545759172515,0.45654095732051647,0.0,99990,tsne_shepard_results/pdf/tsne_shepard _p100_e14_pca40_euclidean.pdf,OK,
30,14,40,manhattan,0.4456639269872491,0.4547994531202668,0.0,99990,tsne_shepard_results/pdf/tsne_shepard _p30_e14_pca40_manhattan.pdf,OK,
40,12,40,euclidean,0.5462545759172515,0.45456399033491807,0.0,99990,tsne_shepard_results/pdf/tsne_shepard _p40_e12_pca40_euclidean.pdf,OK,
50,300,40,manhattan,0.35349168965872885,0.45435898935621954,0.0,99990,tsne_shepard_results/pdf/tsne_shepard _p50_e300_pca40_manhattan.pdf,OK,
30,12,40,manhattan,0.4456639269872491,0.45415866655271475,0.0,99990,tsne_shepard_results/pdf/tsne_shepard _p30_e12_pca40_manhattan.pdf,OK,
80,20,40,euclidean,0.5462545759172515,0.45384729076259317,0.0,99990,tsne_shepard_results/pdf/tsne_shepard _p80_e20_pca40_euclidean.pdf,OK,
100,300,40,euclidean,0.4456639269872491,0.4537300723262078,0.0,99990,tsne_shepard_results/pdf/tsne_shepard _p100_e300_pca40_euclidean.pdf,OK,
40,10,40,euclidean,0.5462545759172515,0.45338620134997115,0.0,99990,tsne_shepard_results/pdf/tsne_shepard _p40_e10_pca40_euclidean.pdf,OK,
10,14,40,manhattan,0.4456639269872491,0.452892400987535,0.0,99990,tsne_shepard_results/pdf/tsne_shepard _p10_e14_pca40_manhattan.pdf,OK,
30,14,40,euclidean,0.5462545759172515,0.45242727259424437,0.0,99990,tsne_shepard_results/pdf/tsne_shepard _p30_e14_pca40_euclidean.pdf,OK,
30,1000,40,euclidean,0.35349168965872885,0.4523635424908424,0.0,99990,tsne_shepard_results/pdf/tsne_shepard _p30_e1000_pca40_euclidean.pdf,OK,
80,100,40,euclidean,0.5462545759172515,0.45177816338395177,0.0,99990,tsne_shepard_results/pdf/tsne_shepard _p80_e100_pca40_euclidean.pdf,OK,
40,20,40,euclidean,0.5462545759172515,0.45161453117309597,0.0,99990,tsne_shepard_results/pdf/tsne_shepard _p40_e20_pca40_euclidean.pdf,OK,
30,12,40,euclidean,0.5462545759172515,0.45141036503508136,0.0,99990,tsne_shepard_results/pdf/tsne_shepard _p30_e12_pca40_euclidean.pdf,OK,
20,12,40,manhattan,0.4456639269872491,0.4507697125325307,0.0,99990,tsne_shepard_results/pdf/tsne_shepard _p20_e12_pca40_manhattan.pdf,OK,
10,10,40,manhattan,0.4456639269872491,0.4506869245065495,0.0,99990,tsne_shepard_results/pdf/tsne_shepard _p10_e10_pca40_manhattan.pdf,OK,
10,20,40,manhattan,0.4456639269872491,0.4498162995259447,0.0,99990,tsne_shepard_results/pdf/tsne_shepard _p10_e20_pca40_manhattan.pdf,OK,
30,10,40,euclidean,0.5462545759172515,0.44980161208788194,0.0,99990,tsne_shepard_results/pdf/tsne_shepard _p30_e10_pca40_euclidean.pdf,OK,
10,12,40,manhattan,0.4456639269872491,0.44958780813330507,0.0,99990,tsne_shepard_results/pdf/tsne_shepard _p10_e12_pca40_manhattan.pdf,OK,
70,20,40,euclidean,0.5462545759172515,0.44940901599854377,0.0,99990,tsne_shepard_results/pdf/tsne_shepard _p70_e20_pca40_euclidean.pdf,OK,
20,10,40,manhattan,0.4456639269872491,0.4484462704343026,0.0,99990,tsne_shepard_results/pdf/tsne_shepard _p20_e10_pca40_manhattan.pdf,OK,
30,100,40,manhattan,0.4456639269872491,0.447993746644669,0.0,99990,tsne_shepard_results/pdf/tsne_shepard _p30_e100_pca40_manhattan.pdf,OK,
20,12,40,euclidean,0.5462545759172515,0.44792814544737125,0.0,99990,tsne_shepard_results/pdf/tsne_shepard _p20_e12_pca40_euclidean.pdf,OK,
20,14,40,euclidean,0.5462545759172515,0.4477626497837436,0.0,99990,tsne_shepard_results/pdf/tsne_shepard _p20_e14_pca40_euclidean.pdf,OK,
20,14,40,manhattan,0.4456639269872491,0.44734558589350726,0.0,99990,tsne_shepard_results/pdf/tsne_shepard _p20_e14_pca40_manhattan.pdf,OK,
70,300,40,euclidean,0.4456639269872491,0.4466215937542011,0.0,99990,tsne_shepard_results/pdf/tsne_shepard _p70_e300_pca40_euclidean.pdf,OK,
70,1000,40,manhattan,0.35349168965872885,0.4464851090699479,0.0,99990,tsne_shepard_results/pdf/tsne_shepard _p70_e1000_pca40_manhattan.pdf,OK,
90,20,40,manhattan,0.4456639269872491,0.44605645603132893,0.0,99990,tsne_shepard_results/pdf/tsne_shepard _p90_e20_pca40_manhattan.pdf,OK,
30,20,40,euclidean,0.5462545759172515,0.4456373253386163,0.0,99990,tsne_shepard_results/pdf/tsne_shepard _p30_e20_pca40_euclidean.pdf,OK,
90,1000,40,euclidean,0.35349168965872885,0.4449775359617917,0.0,99990,tsne_shepard_results/pdf/tsne_shepard _p90_e1000_pca40_euclidean.pdf,OK,
10,100,40,euclidean,0.5462545759172515,0.44464005887032565,0.0,99990,tsne_shepard_results/pdf/tsne_shepard _p10_e100_pca40_euclidean.pdf,OK,
60,20,40,euclidean,0.5462545759172515,0.4445461504884975,0.0,99990,tsne_shepard_results/pdf/tsne_shepard _p60_e20_pca40_euclidean.pdf,OK,
90,100,40,euclidean,0.5462545759172515,0.4443025739806623,0.0,99990,tsne_shepard_results/pdf/tsne_shepard _p90_e100_pca40_euclidean.pdf,OK,
50,20,40,euclidean,0.5462545759172515,0.44398816388314594,0.0,99990,tsne_shepard_results/pdf/tsne_shepard _p50_e20_pca40_euclidean.pdf,OK,
30,300,40,euclidean,0.4456639269872491,0.4438415110821003,0.0,99990,tsne_shepard_results/pdf/tsne_shepard _p30_e300_pca40_euclidean.pdf,OK,
20,20,40,euclidean,0.5462545759172515,0.44368646644337695,0.0,99990,tsne_shepard_results/pdf/tsne_shepard _p20_e20_pca40_euclidean.pdf,OK,
100,100,40,manhattan,0.4456639269872491,0.44335640159978684,0.0,99990,tsne_shepard_results/pdf/tsne_shepard _p100_e100_pca40_manhattan.pdf,OK,
50,100,40,euclidean,0.5462545759172515,0.4425588958350496,0.0,99990,tsne_shepard_results/pdf/tsne_shepard _p50_e100_pca40_euclidean.pdf,OK,
80,100,40,manhattan,0.4456639269872491,0.4417943447645191,0.0,99990,tsne_shepard_results/pdf/tsne_shepard _p80_e100_pca40_manhattan.pdf,OK,
20,10,40,euclidean,0.5462545759172515,0.4413542737275619,0.0,99990,tsne_shepard_results/pdf/tsne_shepard _p20_e10_pca40_euclidean.pdf,OK,
50,1000,40,manhattan,0.35349168965872885,0.4400783510522103,0.0,99990,tsne_shepard_results/pdf/tsne_shepard _p50_e1000_pca40_manhattan.pdf,OK,
70,300,40,manhattan,0.4456639269872491,0.43932341911481065,0.0,99990,tsne_shepard_results/pdf/tsne_shepard _p70_e300_pca40_manhattan.pdf,OK,
40,100,40,manhattan,0.35349168965872885,0.4387222045011215,0.0,99990,tsne_shepard_results/pdf/tsne_shepard _p40_e100_pca40_manhattan.pdf,OK,
100,100,40,euclidean,0.5462545759172515,0.4383216956651031,0.0,99990,tsne_shepard_results/pdf/tsne_shepard _p100_e100_pca40_euclidean.pdf,OK,
90,100,40,manhattan,0.4456639269872491,0.4383084793296582,0.0,99990,tsne_shepard_results/pdf/tsne_shepard _p90_e100_pca40_manhattan.pdf,OK,
10,20,40,euclidean,0.5462545759172515,0.4371011513468374,0.0,99990,tsne_shepard_results/pdf/tsne_shepard _p10_e20_pca40_euclidean.pdf,OK,
70,300,40,euclidean,0.5462545759172515,0.43541463769268357,0.0,99990,tsne_shepard_results/pdf/tsne_shepard _p70_e300_pca40_euclidean.pdf,OK,
60,300,40,manhattan,0.4456639269872491,0.4347308477858923,0.0,99990,tsne_shepard_results/pdf/tsne_shepard _p60_e300_pca40_manhattan.pdf,OK,
10,100,40,manhattan,0.4456639269872491,0.4347159940377506,0.0,99990,tsne_shepard_results/pdf/tsne_shepard _p10_e100_pca40_manhattan.pdf,OK,
10,14,40,euclidean,0.5462545759172515,0.4346675245179073,0.0,99990,tsne_shepard_results/pdf/tsne_shepard _p10_e14_pca40_euclidean.pdf,OK,
10,10,40,euclidean,0.5462545759172515,0.43466424934034686,0.0,99990,tsne_shepard_results/pdf/tsne_shepard _p10_e10_pca40_euclidean.pdf,OK,
20,100,40,manhattan,0.4456639269872491,0.4344242422323791,0.0,99990,tsne_shepard_results/pdf/tsne_shepard _p20_e100_pca40_manhattan.pdf,OK,
30,100,40,euclidean,0.5462545759172515,0.43311188546614593,0.0,99990,tsne_shepard_results/pdf/tsne_shepard _p30_e100_pca40_euclidean.pdf,OK,
10,12,40,euclidean,0.5462545759172515,0.4320594258916779,0.0,99990,tsne_shepard_results/pdf/tsne_shepard _p10_e12_pca40_euclidean.pdf,OK,
80,1000,40,euclidean,0.35349168965872885,0.4300502245684932,0.0,99990,tsne_shepard_results/pdf/tsne_shepard _p80_e1000_pca40_euclidean.pdf,OK,
70,100,40,euclidean,0.5462545759172515,0.42882739110274,0.0,99990,tsne_shepard_results/pdf/tsne_shepard _p70_e100_pca40_euclidean.pdf,OK,
70,1000,40,euclidean,0.35349168965872885,0.4283223942931853,0.0,99990,tsne_shepard_results/pdf/tsne_shepard _p70_e1000_pca40_euclidean.pdf,OK,
90,1000,40,manhattan,0.4456639269872491,0.4277937977927979,0.0,99990,tsne_shepard_results/pdf/tsne_shepard _p90_e1000_pca40_manhattan.pdf,OK,
20,100,40,euclidean,0.5462545759172515,0.42652552143136563,0.0,99990,tsne_shepard_results/pdf/tsne_shepard _p20_e100_pca40_euclidean.pdf,OK,
40,1000,40,manhattan,0.35349168965872885,0.4260634669518966,0.0,99990,tsne_shepard_results/pdf/tsne_shepard _p40_e1000_pca40_manhattan.pdf,OK,
80,300,40,manhattan,0.4456639269872491,0.4256352839502178,0.0,99990,tsne_shepard_results/pdf/tsne_shepard _p80_e300_pca40_manhattan.pdf,OK,
100,300,40,manhattan,0.4456639269872491,0.4240513972680657,0.0,99990,tsne_shepard_results/pdf/tsne_shepard _p100_e300_pca40_manhattan.pdf,OK,
60,100,40,manhattan,0.4456639269872491,0.42367772182019836,0.0,99990,tsne_shepard_results/pdf/tsne_shepard _p60_e100_pca40_manhattan.pdf,OK,
100,20,40,euclidean,0.5462545759172515,0.4227816983929544,0.0,99990,tsne_shepard_results/pdf/tsne_shepard _p100_e20_pca40_euclidean.pdf,OK,
30,100,40,euclidean,0.4456639269872491,0.4201299787113767,0.0,99990,tsne_shepard_results/pdf/tsne_shepard _p30_e100_pca40_euclidean.pdf,OK,
100,300,40,euclidean,0.5462545759172515,0.4197304893290146,0.0,99990,tsne_shepard_results/pdf/tsne_shepard _p100_e300_pca40_euclidean.pdf,OK,
60,1000,40,euclidean,0.35349168965872885,0.4173958038564972,0.0,99990,tsne_shepard_results/pdf/tsne_shepard _p60_e1000_pca40_euclidean.pdf,OK,
40,100,40,euclidean,0.5462545759172515,0.41715569210417636,0.0,99990,tsne_shepard_results/pdf/tsne_shepard _p40_e100_pca40_euclidean.pdf,OK,
100,1000,40,manhattan,0.4456639269872491,0.41674839888588877,0.0,99990,tsne_shepard_results/pdf/tsne_shepard _p100_e1000_pca40_manhattan.pdf,OK,
80,1000,40,manhattan,0.35349168965872885,0.416215993108596,0.0,99990,tsne_shepard_results/pdf/tsne_shepard _p80_e1000_pca40_manhattan.pdf,OK,
30,300,40,manhattan,0.4456639269872491,0.41543498367993803,0.0,99990,tsne_shepard_results/pdf/tsne_shepard _p30_e300_pca40_manhattan.pdf,OK,
50,100,40,manhattan,0.4456639269872491,0.4154082810936735,0.0,99990,tsne_shepard_results/pdf/tsne_shepard _p50_e100_pca40_manhattan.pdf,OK,
90,1000,40,manhattan,0.35349168965872885,0.41507798720534583,0.0,99990,tsne_shepard_results/pdf/tsne_shepard _p90_e1000_pca40_manhattan.pdf,OK,
20,300,40,manhattan,0.4456639269872491,0.41313782530264914,0.0,99990,tsne_shepard_results/pdf/tsne_shepard _p20_e300_pca40_manhattan.pdf,OK,
10,300,40,manhattan,0.4456639269872491,0.41257906295784935,0.0,99990,tsne_shepard_results/pdf/tsne_shepard _p10_e300_pca40_manhattan.pdf,OK,
80,1000,40,cosine,0.35349168965872885,0.40766745186067543,0.0,99990,tsne_shepard_results/pdf/tsne_shepard _p80_e1000_pca40_cosine.pdf,OK,
10,100,40,euclidean,0.4456639269872491,0.4070176729346737,0.0,99990,tsne_shepard_results/pdf/tsne_shepard _p10_e100_pca40_euclidean.pdf,OK,
60,300,40,euclidean,0.5462545759172515,0.4055111660005088,0.0,99990,tsne_shepard_results/pdf/tsne_shepard _p60_e300_pca40_euclidean.pdf,OK,
10,1000,40,euclidean,0.16680955975035866,0.4041723509000009,0.0,99990,tsne_shepard_results/pdf/tsne_shepard _p10_e1000_pca40_euclidean.pdf,OK,
20,1000,40,euclidean,0.35349168965872885,0.4013892909665324,0.0,99990,tsne_shepard_results/pdf/tsne_shepard _p20_e1000_pca40_euclidean.pdf,OK,
60,1000,40,euclidean,0.4456639269872491,0.4007990958462375,0.0,99990,tsne_shepard_results/pdf/tsne_shepard _p60_e1000_pca40_euclidean.pdf,OK,
40,1000,40,euclidean,0.35349168965872885,0.3997386978062643,0.0,99990,tsne_shepard_results/pdf/tsne_shepard _p40_e1000_pca40_euclidean.pdf,OK,
100,14,40,manhattan,0.5462545759172515,0.39818315252911174,0.0,99990,tsne_shepard_results/pdf/tsne_shepard _p100_e14_pca40_manhattan.pdf,OK,
80,1000,40,cosine,0.4456639269872491,0.3970039779101208,0.0,99990,tsne_shepard_results/pdf/tsne_shepard _p80_e1000_pca40_cosine.pdf,OK,
90,14,40,manhattan,0.5462545759172515,0.3966647861553932,0.0,99990,tsne_shepard_results/pdf/tsne_shepard _p90_e14_pca40_manhattan.pdf,OK,
100,100,40,manhattan,0.5462545759172515,0.39485935069586986,0.0,99990,tsne_shepard_results/pdf/tsne_shepard _p100_e100_pca40_manhattan.pdf,OK,
10,1000,40,euclidean,0.35349168965872885,0.39377972720453613,0.0,99990,tsne_shepard_results/pdf/tsne_shepard _p10_e1000_pca40_euclidean.pdf,OK,
50,1000,40,euclidean,0.35349168965872885,0.39376654878594414,0.0,99990,tsne_shepard_results/pdf/tsne_shepard _p50_e1000_pca40_euclidean.pdf,OK,
60,1000,40,cosine,0.35349168965872885,0.3919053290627534,0.0,99990,tsne_shepard_results/pdf/tsne_shepard _p60_e1000_pca40_cosine.pdf,OK,
100,1000,40,manhattan,0.35349168965872885,0.3911179935590415,0.0,99990,tsne_shepard_results/pdf/tsne_shepard _p100_e1000_pca40_manhattan.pdf,OK,
50,20,40,manhattan,0.5462545759172515,0.3857985479155028,0.0,99990,tsne_shepard_results/pdf/tsne_shepard _p50_e20_pca40_manhattan.pdf,OK,
30,1000,40,euclidean,0.4456639269872491,0.38506808688231364,0.0,99990,tsne_shepard_results/pdf/tsne_shepard _p30_e1000_pca40_euclidean.pdf,OK,
90,1000,40,euclidean,0.4456639269872491,0.3848405126202405,0.0,99990,tsne_shepard_results/pdf/tsne_shepard _p90_e1000_pca40_euclidean.pdf,OK,
40,100,40,manhattan,0.5462545759172515,0.38467357552114173,0.0,99990,tsne_shepard_results/pdf/tsne_shepard _p40_e100_pca40_manhattan.pdf,OK,
80,1000,40,manhattan,0.4456639269872491,0.3839721466790565,0.0,99990,tsne_shepard_results/pdf/tsne_shepard _p80_e1000_pca40_manhattan.pdf,OK,
100,12,40,manhattan,0.5462545759172515,0.38277456483814065,0.0,99990,tsne_shepard_results/pdf/tsne_shepard _p100_e12_pca40_manhattan.pdf,OK,
90,12,40,manhattan,0.5462545759172515,0.3823830117683064,0.0,99990,tsne_shepard_results/pdf/tsne_shepard _p90_e12_pca40_manhattan.pdf,OK,
40,20,40,manhattan,0.5462545759172515,0.3813743074811766,0.0,99990,tsne_shepard_results/pdf/tsne_shepard _p40_e20_pca40_manhattan.pdf,OK,
50,100,40,manhattan,0.5462545759172515,0.37986639147343626,0.0,99990,tsne_shepard_results/pdf/tsne_shepard _p50_e100_pca40_manhattan.pdf,OK,
60,1000,40,euclidean,0.5462545759172515,0.3782344960291441,0.0,99990,tsne_shepard_results/pdf/tsne_shepard _p60_e1000_pca40_euclidean.pdf,OK,
80,12,40,manhattan,0.5462545759172515,0.37815597958714414,0.0,99990,tsne_shepard_results/pdf/tsne_shepard _p80_e12_pca40_manhattan.pdf,OK,
50,300,40,manhattan,0.4456639269872491,0.37737722323060746,0.0,99990,tsne_shepard_results/pdf/tsne_shepard _p50_e300_pca40_manhattan.pdf,OK,
50,10,40,manhattan,0.5462545759172515,0.3771493522224384,0.0,99990,tsne_shepard_results/pdf/tsne_shepard _p50_e10_pca40_manhattan.pdf,OK,
20,300,40,cosine,0.5462545759172515,0.3769570012990515,0.0,99990,tsne_shepard_results/pdf/tsne_shepard _p20_e300_pca40_cosine.pdf,OK,
60,1000,40,cosine,0.4456639269872491,0.37648849419484093,0.0,99990,tsne_shepard_results/pdf/tsne_shepard _p60_e1000_pca40_cosine.pdf,OK,
20,1000,40,euclidean,0.4456639269872491,0.3761459380850994,0.0,99990,tsne_shepard_results/pdf/tsne_shepard _p20_e1000_pca40_euclidean.pdf,OK,
60,20,40,manhattan,0.5462545759172515,0.37603746110652253,0.0,99990,tsne_shepard_results/pdf/tsne_shepard _p60_e20_pca40_manhattan.pdf,OK,
70,14,40,manhattan,0.5462545759172515,0.3759018742584906,0.0,99990,tsne_shepard_results/pdf/tsne_shepard _p70_e14_pca40_manhattan.pdf,OK,
80,100,40,manhattan,0.5462545759172515,0.3753651537476771,0.0,99990,tsne_shepard_results/pdf/tsne_shepard _p80_e100_pca40_manhattan.pdf,OK,
100,10,40,manhattan,0.5462545759172515,0.3749579641818693,0.0,99990,tsne_shepard_results/pdf/tsne_shepard _p100_e10_pca40_manhattan.pdf,OK,
90,10,40,manhattan,0.5462545759172515,0.37455429292318165,0.0,99990,tsne_shepard_results/pdf/tsne_shepard _p90_e10_pca40_manhattan.pdf,OK,
30,300,40,euclidean,0.5462545759172515,0.3741574583024893,0.0,99990,tsne_shepard_results/pdf/tsne_shepard _p30_e300_pca40_euclidean.pdf,OK,
90,100,40,manhattan,0.5462545759172515,0.3740345215620494,0.0,99990,tsne_shepard_results/pdf/tsne_shepard _p90_e100_pca40_manhattan.pdf,OK,
100,1000,40,cosine,0.4456639269872491,0.3738419792637263,0.0,99990,tsne_shepard_results/pdf/tsne_shepard _p100_e1000_pca40_cosine.pdf,OK,
70,20,40,manhattan,0.5462545759172515,0.3735029765954877,0.0,99990,tsne_shepard_results/pdf/tsne_shepard _p70_e20_pca40_manhattan.pdf,OK,
40,10,40,manhattan,0.5462545759172515,0.37177137359431733,0.0,99990,tsne_shepard_results/pdf/tsne_shepard _p40_e10_pca40_manhattan.pdf,OK,
80,10,40,manhattan,0.5462545759172515,0.37100022682148515,0.0,99990,tsne_shepard_results/pdf/tsne_shepard _p80_e10_pca40_manhattan.pdf,OK,
80,14,40,manhattan,0.5462545759172515,0.37088866224487976,0.0,99990,tsne_shepard_results/pdf/tsne_shepard _p80_e14_pca40_manhattan.pdf,OK,
50,300,40,cosine,0.5462545759172515,0.3696840102099608,0.0,99990,tsne_shepard_results/pdf/tsne_shepard _p50_e300_pca40_cosine.pdf,OK,
60,14,40,manhattan,0.5462545759172515,0.3696085325618369,0.0,99990,tsne_shepard_results/pdf/tsne_shepard _p60_e14_pca40_manhattan.pdf,OK,
80,20,40,manhattan,0.5462545759172515,0.36872828112564604,0.0,99990,tsne_shepard_results/pdf/tsne_shepard _p80_e20_pca40_manhattan.pdf,OK,
80,1000,40,euclidean,0.4456639269872491,0.3687243286849468,0.0,99990,tsne_shepard_results/pdf/tsne_shepard _p80_e1000_pca40_euclidean.pdf,OK,
70,10,40,manhattan,0.5462545759172515,0.368623237934579,0.0,99990,tsne_shepard_results/pdf/tsne_shepard _p70_e10_pca40_manhattan.pdf,OK,
70,12,40,manhattan,0.5462545759172515,0.3684291387467041,0.0,99990,tsne_shepard_results/pdf/tsne_shepard _p70_e12_pca40_manhattan.pdf,OK,
60,12,40,manhattan,0.5462545759172515,0.367424184768497,0.0,99990,tsne_shepard_results/pdf/tsne_shepard _p60_e12_pca40_manhattan.pdf,OK,
10,300,40,euclidean,0.5462545759172515,0.36738410355588963,0.0,99990,tsne_shepard_results/pdf/tsne_shepard _p10_e300_pca40_euclidean.pdf,OK,
40,12,40,manhattan,0.5462545759172515,0.36720387906809215,0.0,99990,tsne_shepard_results/pdf/tsne_shepard _p40_e12_pca40_manhattan.pdf,OK,
50,14,40,manhattan,0.5462545759172515,0.3665187820750738,0.0,99990,tsne_shepard_results/pdf/tsne_shepard _p50_e14_pca40_manhattan.pdf,OK,
70,1000,40,cosine,0.4456639269872491,0.3663294941122744,0.0,99990,tsne_shepard_results/pdf/tsne_shepard _p70_e1000_pca40_cosine.pdf,OK,
60,10,40,manhattan,0.5462545759172515,0.3658719978025726,0.0,99990,tsne_shepard_results/pdf/tsne_shepard _p60_e10_pca40_manhattan.pdf,OK,
30,10,40,manhattan,0.5462545759172515,0.3654342483549936,0.0,99990,tsne_shepard_results/pdf/tsne_shepard _p30_e10_pca40_manhattan.pdf,OK,
40,300,40,euclidean,0.5462545759172515,0.3642743209698073,0.0,99990,tsne_shepard_results/pdf/tsne_shepard _p40_e300_pca40_euclidean.pdf,OK,
50,12,40,manhattan,0.5462545759172515,0.36419414447235193,0.0,99990,tsne_shepard_results/pdf/tsne_shepard _p50_e12_pca40_manhattan.pdf,OK,
70,300,40,manhattan,0.5462545759172515,0.3633851939288193,0.0,99990,tsne_shepard_results/pdf/tsne_shepard _p70_e300_pca40_manhattan.pdf,OK,
30,20,40,manhattan,0.5462545759172515,0.36299415201545127,0.0,99990,tsne_shepard_results/pdf/tsne_shepard _p30_e20_pca40_manhattan.pdf,OK,
50,300,40,manhattan,0.5462545759172515,0.3627110481623872,0.0,99990,tsne_shepard_results/pdf/tsne_shepard _p50_e300_pca40_manhattan.pdf,OK,
100,1000,40,euclidean,0.5462545759172515,0.3624103477863438,0.0,99990,tsne_shepard_results/pdf/tsne_shepard _p100_e1000_pca40_euclidean.pdf,OK,
30,14,40,manhattan,0.5462545759172515,0.3620670802935392,0.0,99990,tsne_shepard_results/pdf/tsne_shepard _p30_e14_pca40_manhattan.pdf,OK,
30,12,40,manhattan,0.5462545759172515,0.361360120306389,0.0,99990,tsne_shepard_results/pdf/tsne_shepard _p30_e12_pca40_manhattan.pdf,OK,
40,14,40,manhattan,0.5462545759172515,0.36085529152758744,0.0,99990,tsne_shepard_results/pdf/tsne_shepard _p40_e14_pca40_manhattan.pdf,OK,
100,1000,40,euclidean,0.35349168965872885,0.3601287842527409,0.0,99990,tsne_shepard_results/pdf/tsne_shepard _p100_e1000_pca40_euclidean.pdf,OK,
90,20,40,manhattan,0.5462545759172515,0.36009120331248734,0.0,99990,tsne_shepard_results/pdf/tsne_shepard _p90_e20_pca40_manhattan.pdf,OK,
70,1000,40,cosine,0.5462545759172515,0.3593277975236485,0.0,99990,tsne_shepard_results/pdf/tsne_shepard _p70_e1000_pca40_cosine.pdf,OK,
70,100,40,manhattan,0.5462545759172515,0.3574581379921506,0.0,99990,tsne_shepard_results/pdf/tsne_shepard _p70_e100_pca40_manhattan.pdf,OK,
100,20,40,manhattan,0.5462545759172515,0.35683865881122745,0.0,99990,tsne_shepard_results/pdf/tsne_shepard _p100_e20_pca40_manhattan.pdf,OK,
90,1000,40,euclidean,0.5462545759172515,0.3567758744773706,0.0,99990,tsne_shepard_results/pdf/tsne_shepard _p90_e1000_pca40_euclidean.pdf,OK,
20,10,40,manhattan,0.5462545759172515,0.3566044987501141,0.0,99990,tsne_shepard_results/pdf/tsne_shepard _p20_e10_pca40_manhattan.pdf,OK,
20,12,40,manhattan,0.5462545759172515,0.3562299901125966,0.0,99990,tsne_shepard_results/pdf/tsne_shepard _p20_e12_pca40_manhattan.pdf,OK,
20,300,40,euclidean,0.5462545759172515,0.3549064288996272,0.0,99990,tsne_shepard_results/pdf/tsne_shepard _p20_e300_pca40_euclidean.pdf,OK,
20,100,40,manhattan,0.5462545759172515,0.35483170475253745,0.0,99990,tsne_shepard_results/pdf/tsne_shepard _p20_e100_pca40_manhattan.pdf,OK,
100,1000,40,manhattan,0.5462545759172515,0.3547534239129473,0.0,99990,tsne_shepard_results/pdf/tsne_shepard _p100_e1000_pca40_manhattan.pdf,OK,
20,14,40,manhattan,0.5462545759172515,0.3540368873552656,0.0,99990,tsne_shepard_results/pdf/tsne_shepard _p20_e14_pca40_manhattan.pdf,OK,
40,1000,40,euclidean,0.4456639269872491,0.3531677194040695,0.0,99990,tsne_shepard_results/pdf/tsne_shepard _p40_e1000_pca40_euclidean.pdf,OK,
60,100,40,manhattan,0.5462545759172515,0.3531203635260451,0.0,99990,tsne_shepard_results/pdf/tsne_shepard _p60_e100_pca40_manhattan.pdf,OK,
20,1000,40,manhattan,0.5462545759172515,0.35232993170019405,0.0,99990,tsne_shepard_results/pdf/tsne_shepard _p20_e1000_pca40_manhattan.pdf,OK,
80,300,40,euclidean,0.5462545759172515,0.35176897472225405,0.0,99990,tsne_shepard_results/pdf/tsne_shepard _p80_e300_pca40_euclidean.pdf,OK,
30,100,40,manhattan,0.5462545759172515,0.349993301784298,0.0,99990,tsne_shepard_results/pdf/tsne_shepard _p30_e100_pca40_manhattan.pdf,OK,
80,300,40,manhattan,0.5462545759172515,0.34929174271548663,0.0,99990,tsne_shepard_results/pdf/tsne_shepard _p80_e300_pca40_manhattan.pdf,OK,
40,1000,40,cosine,0.4456639269872491,0.3485779242696492,0.0,99990,tsne_shepard_results/pdf/tsne_shepard _p40_e1000_pca40_cosine.pdf,OK,
10,14,40,manhattan,0.5462545759172515,0.3479179942673252,0.0,99990,tsne_shepard_results/pdf/tsne_shepard _p10_e14_pca40_manhattan.pdf,OK,
10,1000,40,manhattan,0.4456639269872491,0.34780782571608226,0.0,99990,tsne_shepard_results/pdf/tsne_shepard _p10_e1000_pca40_manhattan.pdf,OK,
10,12,40,manhattan,0.5462545759172515,0.34662736045941667,0.0,99990,tsne_shepard_results/pdf/tsne_shepard _p10_e12_pca40_manhattan.pdf,OK,
30,1000,40,manhattan,0.5462545759172515,0.3464073502604716,0.0,99990,tsne_shepard_results/pdf/tsne_shepard _p30_e1000_pca40_manhattan.pdf,OK,
90,300,40,euclidean,0.5462545759172515,0.34468497571220497,0.0,99990,tsne_shepard_results/pdf/tsne_shepard _p90_e300_pca40_euclidean.pdf,OK,
60,1000,40,cosine,0.5462545759172515,0.34412977151866625,0.0,99990,tsne_shepard_results/pdf/tsne_shepard _p60_e1000_pca40_cosine.pdf,OK,
20,20,40,manhattan,0.5462545759172515,0.34385010641015457,0.0,99990,tsne_shepard_results/pdf/tsne_shepard _p20_e20_pca40_manhattan.pdf,OK,
10,10,40,manhattan,0.5462545759172515,0.34368337217333805,0.0,99990,tsne_shepard_results/pdf/tsne_shepard _p10_e10_pca40_manhattan.pdf,OK,
50,1000,40,euclidean,0.5462545759172515,0.34192888445643943,0.0,99990,tsne_shepard_results/pdf/tsne_shepard _p50_e1000_pca40_euclidean.pdf,OK,
90,1000,40,cosine,0.4456639269872491,0.34089695931115566,0.0,99990,tsne_shepard_results/pdf/tsne_shepard _p90_e1000_pca40_cosine.pdf,OK,
10,20,40,manhattan,0.5462545759172515,0.33876539043093706,0.0,99990,tsne_shepard_results/pdf/tsne_shepard _p10_e20_pca40_manhattan.pdf,OK,
20,1000,40,manhattan,0.4456639269872491,0.33655304787168916,0.0,99990,tsne_shepard_results/pdf/tsne_shepard _p20_e1000_pca40_manhattan.pdf,OK,
20,1000,40,euclidean,0.5462545759172515,0.33631412187804255,0.0,99990,tsne_shepard_results/pdf/tsne_shepard _p20_e1000_pca40_euclidean.pdf,OK,
80,1000,40,euclidean,0.5462545759172515,0.3355216647916624,0.0,99990,tsne_shepard_results/pdf/tsne_shepard _p80_e1000_pca40_euclidean.pdf,OK,
50,1000,40,manhattan,0.5462545759172515,0.3321007772473077,0.0,99990,tsne_shepard_results/pdf/tsne_shepard _p50_e1000_pca40_manhattan.pdf,OK,
70,1000,40,manhattan,0.5462545759172515,0.33136106697145595,0.0,99990,tsne_shepard_results/pdf/tsne_shepard _p70_e1000_pca40_manhattan.pdf,OK,
70,1000,40,euclidean,0.5462545759172515,0.32925316554400025,0.0,99990,tsne_shepard_results/pdf/tsne_shepard _p70_e1000_pca40_euclidean.pdf,OK,
60,1000,40,manhattan,0.4456639269872491,0.32903176820054086,0.0,99990,tsne_shepard_results/pdf/tsne_shepard _p60_e1000_pca40_manhattan.pdf,OK,
40,300,40,manhattan,0.5462545759172515,0.32868649753715656,0.0,99990,tsne_shepard_results/pdf/tsne_shepard _p40_e300_pca40_manhattan.pdf,OK,
30,1000,40,cosine,0.35349168965872885,0.3249211647150451,0.0,99990,tsne_shepard_results/pdf/tsne_shepard _p30_e1000_pca40_cosine.pdf,OK,
70,1000,40,cosine,0.35349168965872885,0.3244967361657662,0.0,99990,tsne_shepard_results/pdf/tsne_shepard _p70_e1000_pca40_cosine.pdf,OK,
10,100,40,manhattan,0.5462545759172515,0.3243595045873359,0.0,99990,tsne_shepard_results/pdf/tsne_shepard _p10_e100_pca40_manhattan.pdf,OK,
10,300,40,manhattan,0.5462545759172515,0.32410647257491,0.0,99990,tsne_shepard_results/pdf/tsne_shepard _p10_e300_pca40_manhattan.pdf,OK,
30,1000,40,manhattan,0.4456639269872491,0.323981076435181,0.0,99990,tsne_shepard_results/pdf/tsne_shepard _p30_e1000_pca40_manhattan.pdf,OK,
90,300,40,manhattan,0.5462545759172515,0.3194193245046158,0.0,99990,tsne_shepard_results/pdf/tsne_shepard _p90_e300_pca40_manhattan.pdf,OK,
10,1000,40,manhattan,0.16680955975035866,0.31796188062406666,0.0,99990,tsne_shepard_results/pdf/tsne_shepard _p10_e1000_pca40_manhattan.pdf,OK,
40,300,40,cosine,0.5462545759172515,0.31590228698140715,0.0,99990,tsne_shepard_results/pdf/tsne_shepard _p40_e300_pca40_cosine.pdf,OK,
30,1000,40,cosine,0.4456639269872491,0.3149184282974659,0.0,99990,tsne_shepard_results/pdf/tsne_shepard _p30_e1000_pca40_cosine.pdf,OK,
60,1000,40,manhattan,0.35349168965872885,0.3118165932013995,0.0,99990,tsne_shepard_results/pdf/tsne_shepard _p60_e1000_pca40_manhattan.pdf,OK,
40,1000,40,cosine,0.35349168965872885,0.3105430778194603,0.0,99990,tsne_shepard_results/pdf/tsne_shepard _p40_e1000_pca40_cosine.pdf,OK,
30,300,40,manhattan,0.5462545759172515,0.30886638130163113,0.0,99990,tsne_shepard_results/pdf/tsne_shepard _p30_e300_pca40_manhattan.pdf,OK,
40,1000,40,manhattan,0.4456639269872491,0.3048012202703862,0.0,99990,tsne_shepard_results/pdf/tsne_shepard _p40_e1000_pca40_manhattan.pdf,OK,
40,1000,40,manhattan,0.5462545759172515,0.3009568327491397,0.0,99990,tsne_shepard_results/pdf/tsne_shepard _p40_e1000_pca40_manhattan.pdf,OK,
10,1000,40,euclidean,0.5462545759172515,0.30051797198042035,0.0,99990,tsne_shepard_results/pdf/tsne_shepard _p10_e1000_pca40_euclidean.pdf,OK,
90,1000,40,manhattan,0.5462545759172515,0.2954755822260531,0.0,99990,tsne_shepard_results/pdf/tsne_shepard _p90_e1000_pca40_manhattan.pdf,OK,
100,1000,40,cosine,0.5462545759172515,0.2949009533625293,0.0,99990,tsne_shepard_results/pdf/tsne_shepard _p100_e1000_pca40_cosine.pdf,OK,
50,1000,40,cosine,0.35349168965872885,0.29310976106746345,0.0,99990,tsne_shepard_results/pdf/tsne_shepard _p50_e1000_pca40_cosine.pdf,OK,
100,300,40,manhattan,0.5462545759172515,0.2874964348840655,0.0,99990,tsne_shepard_results/pdf/tsne_shepard _p100_e300_pca40_manhattan.pdf,OK,
20,300,40,manhattan,0.5462545759172515,0.2842577155186464,0.0,99990,tsne_shepard_results/pdf/tsne_shepard _p20_e300_pca40_manhattan.pdf,OK,
80,1000,40,cosine,0.5462545759172515,0.28230566226038,0.0,99990,tsne_shepard_results/pdf/tsne_shepard _p80_e1000_pca40_cosine.pdf,OK,
100,1000,40,euclidean,0.4456639269872491,0.2797770705373997,0.0,99990,tsne_shepard_results/pdf/tsne_shepard _p100_e1000_pca40_euclidean.pdf,OK,
50,1000,40,cosine,0.5462545759172515,0.2776653279643463,0.0,99990,tsne_shepard_results/pdf/tsne_shepard _p50_e1000_pca40_cosine.pdf,OK,
90,1000,40,cosine,0.35349168965872885,0.27593118867951577,0.0,99990,tsne_shepard_results/pdf/tsne_shepard _p90_e1000_pca40_cosine.pdf,OK,
20,1000,40,cosine,0.35349168965872885,0.27052577412931234,0.0,99990,tsne_shepard_results/pdf/tsne_shepard _p20_e1000_pca40_cosine.pdf,OK,
10,1000,40,euclidean,0.4456639269872491,0.26703121537399704,0.0,99990,tsne_shepard_results/pdf/tsne_shepard _p10_e1000_pca40_euclidean.pdf,OK,
50,1000,40,cosine,0.4456639269872491,0.26432156144928637,0.0,99990,tsne_shepard_results/pdf/tsne_shepard _p50_e1000_pca40_cosine.pdf,OK,
30,1000,40,euclidean,0.5462545759172515,0.2630447410266075,0.0,99990,tsne_shepard_results/pdf/tsne_shepard _p30_e1000_pca40_euclidean.pdf,OK,
50,1000,40,euclidean,0.4456639269872491,0.2609140784236358,0.0,99990,tsne_shepard_results/pdf/tsne_shepard _p50_e1000_pca40_euclidean.pdf,OK,
10,1000,40,cosine,0.35349168965872885,0.25994315435072407,0.0,99990,tsne_shepard_results/pdf/tsne_shepard _p10_e1000_pca40_cosine.pdf,OK,
70,1000,40,euclidean,0.4456639269872491,0.2587709624415467,0.0,99990,tsne_shepard_results/pdf/tsne_shepard _p70_e1000_pca40_euclidean.pdf,OK,
60,1000,40,manhattan,0.5462545759172515,0.2572174890228694,0.0,99990,tsne_shepard_results/pdf/tsne_shepard _p60_e1000_pca40_manhattan.pdf,OK,
30,1000,40,cosine,0.5462545759172515,0.25603885050670294,0.0,99990,tsne_shepard_results/pdf/tsne_shepard _p30_e1000_pca40_cosine.pdf,OK,
60,300,40,manhattan,0.5462545759172515,0.2543053118928653,0.0,99990,tsne_shepard_results/pdf/tsne_shepard _p60_e300_pca40_manhattan.pdf,OK,
80,1000,40,manhattan,0.5462545759172515,0.24498761454149612,0.0,99990,tsne_shepard_results/pdf/tsne_shepard _p80_e1000_pca40_manhattan.pdf,OK,
40,1000,40,euclidean,0.5462545759172515,0.24297854380204356,0.0,99990,tsne_shepard_results/pdf/tsne_shepard _p40_e1000_pca40_euclidean.pdf,OK,
10,1000,40,manhattan,0.5462545759172515,0.23941804997300045,0.0,99990,tsne_shepard_results/pdf/tsne_shepard _p10_e1000_pca40_manhattan.pdf,OK,
20,1000,40,cosine,0.4456639269872491,0.22143301277999813,0.0,99990,tsne_shepard_results/pdf/tsne_shepard _p20_e1000_pca40_cosine.pdf,OK,
50,1000,40,manhattan,0.4456639269872491,0.21912732688194053,0.0,99990,tsne_shepard_results/pdf/tsne_shepard _p50_e1000_pca40_manhattan.pdf,OK,
70,1000,40,manhattan,0.4456639269872491,0.21107498722966633,0.0,99990,tsne_shepard_results/pdf/tsne_shepard _p70_e1000_pca40_manhattan.pdf,OK,
10,1000,40,cosine,0.5462545759172515,0.19071313343752894,0.0,99990,tsne_shepard_results/pdf/tsne_shepard _p10_e1000_pca40_cosine.pdf,OK,
40,1000,40,cosine,0.5462545759172515,0.18638117977374,0.0,99990,tsne_shepard_results/pdf/tsne_shepard _p40_e1000_pca40_cosine.pdf,OK,
90,1000,40,cosine,0.5462545759172515,0.17045362278763151,0.0,99990,tsne_shepard_results/pdf/tsne_shepard _p90_e1000_pca40_cosine.pdf,OK,
10,1000,40,cosine,0.4456639269872491,0.16981418715912117,0.0,99990,tsne_shepard_results/pdf/tsne_shepard _p10_e1000_pca40_cosine.pdf,OK,
20,1000,40,cosine,0.5462545759172515,0.16298543659240688,0.0,99990,tsne_shepard_results/pdf/tsne_shepard _p20_e1000_pca40_cosine.pdf,OK,
