perplexity,early_exaggeration,pca_components,metric,explained_variance,spearman_rho,p_value,n_pairs,pdf,status,error
90,14,40,cosine,0.19297924388884585,0.8010568957782556,0.0,99990,VIRGO_tsne_shepard_results/pdf/tsne_shepard _p90_e14_pca40_cosine.pdf,OK,
100,10,40,cosine,0.19297924388884585,0.7919452544992664,0.0,99990,VIRGO_tsne_shepard_results/pdf/tsne_shepard _p100_e10_pca40_cosine.pdf,OK,
100,14,40,cosine,0.19297924388884585,0.7891720441001924,0.0,99990,VIRGO_tsne_shepard_results/pdf/tsne_shepard _p100_e14_pca40_cosine.pdf,OK,
100,12,40,cosine,0.19297924388884585,0.7859027830877716,0.0,99990,VIRGO_tsne_shepard_results/pdf/tsne_shepard _p100_e12_pca40_cosine.pdf,OK,
90,10,40,cosine,0.19297924388884585,0.7857038564709093,0.0,99990,VIRGO_tsne_shepard_results/pdf/tsne_shepard _p90_e10_pca40_cosine.pdf,OK,
100,100,40,cosine,0.19297924388884585,0.7830207425780118,0.0,99990,VIRGO_tsne_shepard_results/pdf/tsne_shepard _p100_e100_pca40_cosine.pdf,OK,
90,12,40,cosine,0.19297924388884585,0.7762211741779915,0.0,99990,VIRGO_tsne_shepard_results/pdf/tsne_shepard _p90_e12_pca40_cosine.pdf,OK,
80,300,40,cosine,0.19297924388884585,0.7752248604645359,0.0,99990,VIRGO_tsne_shepard_results/pdf/tsne_shepard _p80_e300_pca40_cosine.pdf,OK,
80,10,40,cosine,0.19297924388884585,0.7692813417767246,0.0,99990,VIRGO_tsne_shepard_results/pdf/tsne_shepard _p80_e10_pca40_cosine.pdf,OK,
90,100,40,cosine,0.19297924388884585,0.7679958086401443,0.0,99990,VIRGO_tsne_shepard_results/pdf/tsne_shepard _p90_e100_pca40_cosine.pdf,OK,
90,20,40,cosine,0.19297924388884585,0.7632325514128874,0.0,99990,VIRGO_tsne_shepard_results/pdf/tsne_shepard _p90_e20_pca40_cosine.pdf,OK,
80,20,40,cosine,0.19297924388884585,0.7618231013968566,0.0,99990,VIRGO_tsne_shepard_results/pdf/tsne_shepard _p80_e20_pca40_cosine.pdf,OK,
70,300,40,cosine,0.19297924388884585,0.7613899152059194,0.0,99990,VIRGO_tsne_shepard_results/pdf/tsne_shepard _p70_e300_pca40_cosine.pdf,OK,
90,300,40,cosine,0.19297924388884585,0.7608943957938078,0.0,99990,VIRGO_tsne_shepard_results/pdf/tsne_shepard _p90_e300_pca40_cosine.pdf,OK,
100,20,40,cosine,0.19297924388884585,0.7597704486356937,0.0,99990,VIRGO_tsne_shepard_results/pdf/tsne_shepard _p100_e20_pca40_cosine.pdf,OK,
80,12,40,cosine,0.19297924388884585,0.7592234501328841,0.0,99990,VIRGO_tsne_shepard_results/pdf/tsne_shepard _p80_e12_pca40_cosine.pdf,OK,
70,20,40,cosine,0.19297924388884585,0.7590018929397953,0.0,99990,VIRGO_tsne_shepard_results/pdf/tsne_shepard _p70_e20_pca40_cosine.pdf,OK,
80,14,40,cosine,0.19297924388884585,0.7539801421340707,0.0,99990,VIRGO_tsne_shepard_results/pdf/tsne_shepard _p80_e14_pca40_cosine.pdf,OK,
70,100,40,cosine,0.19297924388884585,0.7537556180444575,0.0,99990,VIRGO_tsne_shepard_results/pdf/tsne_shepard _p70_e100_pca40_cosine.pdf,OK,
70,14,40,cosine,0.19297924388884585,0.7536974048539827,0.0,99990,VIRGO_tsne_shepard_results/pdf/tsne_shepard _p70_e14_pca40_cosine.pdf,OK,
100,300,40,cosine,0.19297924388884585,0.7535443136450396,0.0,99990,VIRGO_tsne_shepard_results/pdf/tsne_shepard _p100_e300_pca40_cosine.pdf,OK,
60,14,40,cosine,0.19297924388884585,0.7513310308530189,0.0,99990,VIRGO_tsne_shepard_results/pdf/tsne_shepard _p60_e14_pca40_cosine.pdf,OK,
80,100,40,cosine,0.19297924388884585,0.7487711340602036,0.0,99990,VIRGO_tsne_shepard_results/pdf/tsne_shepard _p80_e100_pca40_cosine.pdf,OK,
40,14,40,cosine,0.19297924388884585,0.7472728000167032,0.0,99990,VIRGO_tsne_shepard_results/pdf/tsne_shepard _p40_e14_pca40_cosine.pdf,OK,
70,10,40,cosine,0.19297924388884585,0.747062631962176,0.0,99990,VIRGO_tsne_shepard_results/pdf/tsne_shepard _p70_e10_pca40_cosine.pdf,OK,
60,12,40,cosine,0.19297924388884585,0.7462151395464872,0.0,99990,VIRGO_tsne_shepard_results/pdf/tsne_shepard _p60_e12_pca40_cosine.pdf,OK,
50,20,40,cosine,0.19297924388884585,0.7459178598636075,0.0,99990,VIRGO_tsne_shepard_results/pdf/tsne_shepard _p50_e20_pca40_cosine.pdf,OK,
60,10,40,cosine,0.19297924388884585,0.7435832851542086,0.0,99990,VIRGO_tsne_shepard_results/pdf/tsne_shepard _p60_e10_pca40_cosine.pdf,OK,
60,20,40,cosine,0.19297924388884585,0.7424502644790006,0.0,99990,VIRGO_tsne_shepard_results/pdf/tsne_shepard _p60_e20_pca40_cosine.pdf,OK,
40,20,40,cosine,0.19297924388884585,0.7422106368108398,0.0,99990,VIRGO_tsne_shepard_results/pdf/tsne_shepard _p40_e20_pca40_cosine.pdf,OK,
60,100,40,cosine,0.19297924388884585,0.7408871593981762,0.0,99990,VIRGO_tsne_shepard_results/pdf/tsne_shepard _p60_e100_pca40_cosine.pdf,OK,
50,14,40,cosine,0.19297924388884585,0.7362252498587674,0.0,99990,VIRGO_tsne_shepard_results/pdf/tsne_shepard _p50_e14_pca40_cosine.pdf,OK,
70,12,40,cosine,0.19297924388884585,0.7357405511914348,0.0,99990,VIRGO_tsne_shepard_results/pdf/tsne_shepard _p70_e12_pca40_cosine.pdf,OK,
60,300,40,cosine,0.19297924388884585,0.7334474757503027,0.0,99990,VIRGO_tsne_shepard_results/pdf/tsne_shepard _p60_e300_pca40_cosine.pdf,OK,
50,12,40,cosine,0.19297924388884585,0.7324044588782961,0.0,99990,VIRGO_tsne_shepard_results/pdf/tsne_shepard _p50_e12_pca40_cosine.pdf,OK,
40,100,40,cosine,0.19297924388884585,0.730887151157399,0.0,99990,VIRGO_tsne_shepard_results/pdf/tsne_shepard _p40_e100_pca40_cosine.pdf,OK,
40,12,40,cosine,0.19297924388884585,0.7307030547310975,0.0,99990,VIRGO_tsne_shepard_results/pdf/tsne_shepard _p40_e12_pca40_cosine.pdf,OK,
30,10,40,cosine,0.19297924388884585,0.7302590247949927,0.0,99990,VIRGO_tsne_shepard_results/pdf/tsne_shepard _p30_e10_pca40_cosine.pdf,OK,
50,10,40,cosine,0.19297924388884585,0.7300823376831667,0.0,99990,VIRGO_tsne_shepard_results/pdf/tsne_shepard _p50_e10_pca40_cosine.pdf,OK,
30,12,40,cosine,0.19297924388884585,0.7297852228047729,0.0,99990,VIRGO_tsne_shepard_results/pdf/tsne_shepard _p30_e12_pca40_cosine.pdf,OK,
30,14,40,cosine,0.19297924388884585,0.7296290915645394,0.0,99990,VIRGO_tsne_shepard_results/pdf/tsne_shepard _p30_e14_pca40_cosine.pdf,OK,
20,20,40,cosine,0.19297924388884585,0.7292074587816949,0.0,99990,VIRGO_tsne_shepard_results/pdf/tsne_shepard _p20_e20_pca40_cosine.pdf,OK,
40,300,40,cosine,0.19297924388884585,0.726025430758172,0.0,99990,VIRGO_tsne_shepard_results/pdf/tsne_shepard _p40_e300_pca40_cosine.pdf,OK,
30,20,40,cosine,0.19297924388884585,0.7244634980180711,0.0,99990,VIRGO_tsne_shepard_results/pdf/tsne_shepard _p30_e20_pca40_cosine.pdf,OK,
40,10,40,cosine,0.19297924388884585,0.723226553168492,0.0,99990,VIRGO_tsne_shepard_results/pdf/tsne_shepard _p40_e10_pca40_cosine.pdf,OK,
20,14,40,cosine,0.19297924388884585,0.7227100704676359,0.0,99990,VIRGO_tsne_shepard_results/pdf/tsne_shepard _p20_e14_pca40_cosine.pdf,OK,
20,100,40,cosine,0.19297924388884585,0.7215560998671701,0.0,99990,VIRGO_tsne_shepard_results/pdf/tsne_shepard _p20_e100_pca40_cosine.pdf,OK,
10,100,40,cosine,0.19297924388884585,0.7207029059171433,0.0,99990,VIRGO_tsne_shepard_results/pdf/tsne_shepard _p10_e100_pca40_cosine.pdf,OK,
50,300,40,cosine,0.19297924388884585,0.7188077739992959,0.0,99990,VIRGO_tsne_shepard_results/pdf/tsne_shepard _p50_e300_pca40_cosine.pdf,OK,
50,100,40,cosine,0.19297924388884585,0.7175895025804174,0.0,99990,VIRGO_tsne_shepard_results/pdf/tsne_shepard _p50_e100_pca40_cosine.pdf,OK,
10,20,40,cosine,0.19297924388884585,0.715633010252359,0.0,99990,VIRGO_tsne_shepard_results/pdf/tsne_shepard _p10_e20_pca40_cosine.pdf,OK,
30,100,40,cosine,0.19297924388884585,0.715141700440137,0.0,99990,VIRGO_tsne_shepard_results/pdf/tsne_shepard _p30_e100_pca40_cosine.pdf,OK,
20,12,40,cosine,0.19297924388884585,0.7140434599710759,0.0,99990,VIRGO_tsne_shepard_results/pdf/tsne_shepard _p20_e12_pca40_cosine.pdf,OK,
10,12,40,cosine,0.19297924388884585,0.7078646992955174,0.0,99990,VIRGO_tsne_shepard_results/pdf/tsne_shepard _p10_e12_pca40_cosine.pdf,OK,
10,14,40,cosine,0.19297924388884585,0.7077685768273644,0.0,99990,VIRGO_tsne_shepard_results/pdf/tsne_shepard _p10_e14_pca40_cosine.pdf,OK,
100,10,40,euclidean,0.19297924388884585,0.707594988143881,0.0,99990,VIRGO_tsne_shepard_results/pdf/tsne_shepard _p100_e10_pca40_euclidean.pdf,OK,
100,20,40,euclidean,0.19297924388884585,0.7075846700814079,0.0,99990,VIRGO_tsne_shepard_results/pdf/tsne_shepard _p100_e20_pca40_euclidean.pdf,OK,
100,14,40,euclidean,0.19297924388884585,0.7065184272354278,0.0,99990,VIRGO_tsne_shepard_results/pdf/tsne_shepard _p100_e14_pca40_euclidean.pdf,OK,
90,14,40,euclidean,0.19297924388884585,0.7063032973505322,0.0,99990,VIRGO_tsne_shepard_results/pdf/tsne_shepard _p90_e14_pca40_euclidean.pdf,OK,
100,12,40,euclidean,0.19297924388884585,0.7061265833282596,0.0,99990,VIRGO_tsne_shepard_results/pdf/tsne_shepard _p100_e12_pca40_euclidean.pdf,OK,
90,12,40,euclidean,0.19297924388884585,0.7060665884073641,0.0,99990,VIRGO_tsne_shepard_results/pdf/tsne_shepard _p90_e12_pca40_euclidean.pdf,OK,
90,20,40,euclidean,0.19297924388884585,0.7051409714363783,0.0,99990,VIRGO_tsne_shepard_results/pdf/tsne_shepard _p90_e20_pca40_euclidean.pdf,OK,
90,10,40,euclidean,0.19297924388884585,0.7050887947196967,0.0,99990,VIRGO_tsne_shepard_results/pdf/tsne_shepard _p90_e10_pca40_euclidean.pdf,OK,
10,10,40,cosine,0.19297924388884585,0.7049340640622779,0.0,99990,VIRGO_tsne_shepard_results/pdf/tsne_shepard _p10_e10_pca40_cosine.pdf,OK,
20,10,40,cosine,0.19297924388884585,0.7046940279635872,0.0,99990,VIRGO_tsne_shepard_results/pdf/tsne_shepard _p20_e10_pca40_cosine.pdf,OK,
80,14,40,euclidean,0.19297924388884585,0.704224089985693,0.0,99990,VIRGO_tsne_shepard_results/pdf/tsne_shepard _p80_e14_pca40_euclidean.pdf,OK,
100,100,40,euclidean,0.19297924388884585,0.7042086428831996,0.0,99990,VIRGO_tsne_shepard_results/pdf/tsne_shepard _p100_e100_pca40_euclidean.pdf,OK,
90,100,40,euclidean,0.19297924388884585,0.7034237352508591,0.0,99990,VIRGO_tsne_shepard_results/pdf/tsne_shepard _p90_e100_pca40_euclidean.pdf,OK,
80,20,40,euclidean,0.19297924388884585,0.7028300997975709,0.0,99990,VIRGO_tsne_shepard_results/pdf/tsne_shepard _p80_e20_pca40_euclidean.pdf,OK,
80,100,40,euclidean,0.19297924388884585,0.7025624310936774,0.0,99990,VIRGO_tsne_shepard_results/pdf/tsne_shepard _p80_e100_pca40_euclidean.pdf,OK,
70,20,40,euclidean,0.19297924388884585,0.7024270869747182,0.0,99990,VIRGO_tsne_shepard_results/pdf/tsne_shepard _p70_e20_pca40_euclidean.pdf,OK,
80,12,40,euclidean,0.19297924388884585,0.7024225776903819,0.0,99990,VIRGO_tsne_shepard_results/pdf/tsne_shepard _p80_e12_pca40_euclidean.pdf,OK,
80,10,40,euclidean,0.19297924388884585,0.7021592433566405,0.0,99990,VIRGO_tsne_shepard_results/pdf/tsne_shepard _p80_e10_pca40_euclidean.pdf,OK,
90,300,40,euclidean,0.19297924388884585,0.7020001450002898,0.0,99990,VIRGO_tsne_shepard_results/pdf/tsne_shepard _p90_e300_pca40_euclidean.pdf,OK,
100,300,40,euclidean,0.19297924388884585,0.7016277632175713,0.0,99990,VIRGO_tsne_shepard_results/pdf/tsne_shepard _p100_e300_pca40_euclidean.pdf,OK,
80,300,40,euclidean,0.19297924388884585,0.7012297820166989,0.0,99990,VIRGO_tsne_shepard_results/pdf/tsne_shepard _p80_e300_pca40_euclidean.pdf,OK,
70,100,40,euclidean,0.19297924388884585,0.7006978297698244,0.0,99990,VIRGO_tsne_shepard_results/pdf/tsne_shepard _p70_e100_pca40_euclidean.pdf,OK,
70,300,40,euclidean,0.19297924388884585,0.7004235730049417,0.0,99990,VIRGO_tsne_shepard_results/pdf/tsne_shepard _p70_e300_pca40_euclidean.pdf,OK,
70,14,40,euclidean,0.19297924388884585,0.6996733429574786,0.0,99990,VIRGO_tsne_shepard_results/pdf/tsne_shepard _p70_e14_pca40_euclidean.pdf,OK,
100,20,40,manhattan,0.19297924388884585,0.6992248519323888,0.0,99990,VIRGO_tsne_shepard_results/pdf/tsne_shepard _p100_e20_pca40_manhattan.pdf,OK,
60,20,40,euclidean,0.19297924388884585,0.6992111134441725,0.0,99990,VIRGO_tsne_shepard_results/pdf/tsne_shepard _p60_e20_pca40_euclidean.pdf,OK,
60,10,40,euclidean,0.19297924388884585,0.6990701494565438,0.0,99990,VIRGO_tsne_shepard_results/pdf/tsne_shepard _p60_e10_pca40_euclidean.pdf,OK,
100,10,40,manhattan,0.19297924388884585,0.6989478111936869,0.0,99990,VIRGO_tsne_shepard_results/pdf/tsne_shepard _p100_e10_pca40_manhattan.pdf,OK,
70,12,40,euclidean,0.19297924388884585,0.6988065286749996,0.0,99990,VIRGO_tsne_shepard_results/pdf/tsne_shepard _p70_e12_pca40_euclidean.pdf,OK,
70,10,40,euclidean,0.19297924388884585,0.6986980169394592,0.0,99990,VIRGO_tsne_shepard_results/pdf/tsne_shepard _p70_e10_pca40_euclidean.pdf,OK,
60,100,40,euclidean,0.19297924388884585,0.6984255625216642,0.0,99990,VIRGO_tsne_shepard_results/pdf/tsne_shepard _p60_e100_pca40_euclidean.pdf,OK,
100,12,40,manhattan,0.19297924388884585,0.6983621169767393,0.0,99990,VIRGO_tsne_shepard_results/pdf/tsne_shepard _p100_e12_pca40_manhattan.pdf,OK,
100,14,40,manhattan,0.19297924388884585,0.6982751068292857,0.0,99990,VIRGO_tsne_shepard_results/pdf/tsne_shepard _p100_e14_pca40_manhattan.pdf,OK,
10,10,40,euclidean,0.19297924388884585,0.6974171931567821,0.0,99990,VIRGO_tsne_shepard_results/pdf/tsne_shepard _p10_e10_pca40_euclidean.pdf,OK,
60,300,40,euclidean,0.19297924388884585,0.6974148046588768,0.0,99990,VIRGO_tsne_shepard_results/pdf/tsne_shepard _p60_e300_pca40_euclidean.pdf,OK,
90,20,40,manhattan,0.19297924388884585,0.6972961408610402,0.0,99990,VIRGO_tsne_shepard_results/pdf/tsne_shepard _p90_e20_pca40_manhattan.pdf,OK,
60,14,40,euclidean,0.19297924388884585,0.6970043261149877,0.0,99990,VIRGO_tsne_shepard_results/pdf/tsne_shepard _p60_e14_pca40_euclidean.pdf,OK,
80,10,40,manhattan,0.19297924388884585,0.6968676678346438,0.0,99990,VIRGO_tsne_shepard_results/pdf/tsne_shepard _p80_e10_pca40_manhattan.pdf,OK,
80,20,40,manhattan,0.19297924388884585,0.6968668853859916,0.0,99990,VIRGO_tsne_shepard_results/pdf/tsne_shepard _p80_e20_pca40_manhattan.pdf,OK,
60,12,40,euclidean,0.19297924388884585,0.6968520245112436,0.0,99990,VIRGO_tsne_shepard_results/pdf/tsne_shepard _p60_e12_pca40_euclidean.pdf,OK,
80,14,40,manhattan,0.19297924388884585,0.6966854294958533,0.0,99990,VIRGO_tsne_shepard_results/pdf/tsne_shepard _p80_e14_pca40_manhattan.pdf,OK,
100,100,40,manhattan,0.19297924388884585,0.6963924307607181,0.0,99990,VIRGO_tsne_shepard_results/pdf/tsne_shepard _p100_e100_pca40_manhattan.pdf,OK,
90,10,40,manhattan,0.19297924388884585,0.6963555739790835,0.0,99990,VIRGO_tsne_shepard_results/pdf/tsne_shepard _p90_e10_pca40_manhattan.pdf,OK,
90,14,40,manhattan,0.19297924388884585,0.696325969706843,0.0,99990,VIRGO_tsne_shepard_results/pdf/tsne_shepard _p90_e14_pca40_manhattan.pdf,OK,
80,12,40,manhattan,0.19297924388884585,0.695985525298784,0.0,99990,VIRGO_tsne_shepard_results/pdf/tsne_shepard _p80_e12_pca40_manhattan.pdf,OK,
90,12,40,manhattan,0.19297924388884585,0.6958640201189019,0.0,99990,VIRGO_tsne_shepard_results/pdf/tsne_shepard _p90_e12_pca40_manhattan.pdf,OK,
10,12,40,euclidean,0.19297924388884585,0.6956860509286218,0.0,99990,VIRGO_tsne_shepard_results/pdf/tsne_shepard _p10_e12_pca40_euclidean.pdf,OK,
10,14,40,euclidean,0.19297924388884585,0.6956495142792716,0.0,99990,VIRGO_tsne_shepard_results/pdf/tsne_shepard _p10_e14_pca40_euclidean.pdf,OK,
70,14,40,manhattan,0.19297924388884585,0.6955840397489143,0.0,99990,VIRGO_tsne_shepard_results/pdf/tsne_shepard _p70_e14_pca40_manhattan.pdf,OK,
10,20,40,euclidean,0.19297924388884585,0.6954082284176547,0.0,99990,VIRGO_tsne_shepard_results/pdf/tsne_shepard _p10_e20_pca40_euclidean.pdf,OK,
100,300,40,manhattan,0.19297924388884585,0.6953428403225009,0.0,99990,VIRGO_tsne_shepard_results/pdf/tsne_shepard _p100_e300_pca40_manhattan.pdf,OK,
70,12,40,manhattan,0.19297924388884585,0.6953345481547702,0.0,99990,VIRGO_tsne_shepard_results/pdf/tsne_shepard _p70_e12_pca40_manhattan.pdf,OK,
70,10,40,manhattan,0.19297924388884585,0.6952413688549711,0.0,99990,VIRGO_tsne_shepard_results/pdf/tsne_shepard _p70_e10_pca40_manhattan.pdf,OK,
90,300,40,manhattan,0.19297924388884585,0.6951435778360153,0.0,99990,VIRGO_tsne_shepard_results/pdf/tsne_shepard _p90_e300_pca40_manhattan.pdf,OK,
90,100,40,manhattan,0.19297924388884585,0.6949650945774941,0.0,99990,VIRGO_tsne_shepard_results/pdf/tsne_shepard _p90_e100_pca40_manhattan.pdf,OK,
70,20,40,manhattan,0.19297924388884585,0.6949105028810821,0.0,99990,VIRGO_tsne_shepard_results/pdf/tsne_shepard _p70_e20_pca40_manhattan.pdf,OK,
80,100,40,manhattan,0.19297924388884585,0.6948868190466037,0.0,99990,VIRGO_tsne_shepard_results/pdf/tsne_shepard _p80_e100_pca40_manhattan.pdf,OK,
50,20,40,euclidean,0.19297924388884585,0.6947064410112922,0.0,99990,VIRGO_tsne_shepard_results/pdf/tsne_shepard _p50_e20_pca40_euclidean.pdf,OK,
50,100,40,euclidean,0.19297924388884585,0.6940235562031772,0.0,99990,VIRGO_tsne_shepard_results/pdf/tsne_shepard _p50_e100_pca40_euclidean.pdf,OK,
50,300,40,euclidean,0.19297924388884585,0.6940016928788134,0.0,99990,VIRGO_tsne_shepard_results/pdf/tsne_shepard _p50_e300_pca40_euclidean.pdf,OK,
50,12,40,euclidean,0.19297924388884585,0.6939850979567961,0.0,99990,VIRGO_tsne_shepard_results/pdf/tsne_shepard _p50_e12_pca40_euclidean.pdf,OK,
80,300,40,manhattan,0.19297924388884585,0.6939823007690921,0.0,99990,VIRGO_tsne_shepard_results/pdf/tsne_shepard _p80_e300_pca40_manhattan.pdf,OK,
70,100,40,manhattan,0.19297924388884585,0.6937950021995701,0.0,99990,VIRGO_tsne_shepard_results/pdf/tsne_shepard _p70_e100_pca40_manhattan.pdf,OK,
60,20,40,manhattan,0.19297924388884585,0.6936727541004241,0.0,99990,VIRGO_tsne_shepard_results/pdf/tsne_shepard _p60_e20_pca40_manhattan.pdf,OK,
50,10,40,euclidean,0.19297924388884585,0.6935021506367127,0.0,99990,VIRGO_tsne_shepard_results/pdf/tsne_shepard _p50_e10_pca40_euclidean.pdf,OK,
50,14,40,euclidean,0.19297924388884585,0.6934615279345171,0.0,99990,VIRGO_tsne_shepard_results/pdf/tsne_shepard _p50_e14_pca40_euclidean.pdf,OK,
60,100,40,manhattan,0.19297924388884585,0.6929051911467191,0.0,99990,VIRGO_tsne_shepard_results/pdf/tsne_shepard _p60_e100_pca40_manhattan.pdf,OK,
60,12,40,manhattan,0.19297924388884585,0.6925671311495962,0.0,99990,VIRGO_tsne_shepard_results/pdf/tsne_shepard _p60_e12_pca40_manhattan.pdf,OK,
60,10,40,manhattan,0.19297924388884585,0.6919972214034034,0.0,99990,VIRGO_tsne_shepard_results/pdf/tsne_shepard _p60_e10_pca40_manhattan.pdf,OK,
70,300,40,manhattan,0.19297924388884585,0.6919324507320564,0.0,99990,VIRGO_tsne_shepard_results/pdf/tsne_shepard _p70_e300_pca40_manhattan.pdf,OK,
40,20,40,euclidean,0.19297924388884585,0.6917434693605373,0.0,99990,VIRGO_tsne_shepard_results/pdf/tsne_shepard _p40_e20_pca40_euclidean.pdf,OK,
60,14,40,manhattan,0.19297924388884585,0.6916896091252254,0.0,99990,VIRGO_tsne_shepard_results/pdf/tsne_shepard _p60_e14_pca40_manhattan.pdf,OK,
50,20,40,manhattan,0.19297924388884585,0.6914151758091036,0.0,99990,VIRGO_tsne_shepard_results/pdf/tsne_shepard _p50_e20_pca40_manhattan.pdf,OK,
40,14,40,euclidean,0.19297924388884585,0.691227326400505,0.0,99990,VIRGO_tsne_shepard_results/pdf/tsne_shepard _p40_e14_pca40_euclidean.pdf,OK,
60,300,40,manhattan,0.19297924388884585,0.6911459332063542,0.0,99990,VIRGO_tsne_shepard_results/pdf/tsne_shepard _p60_e300_pca40_manhattan.pdf,OK,
40,100,40,euclidean,0.19297924388884585,0.6903383581188788,0.0,99990,VIRGO_tsne_shepard_results/pdf/tsne_shepard _p40_e100_pca40_euclidean.pdf,OK,
40,12,40,euclidean,0.19297924388884585,0.689793977770509,0.0,99990,VIRGO_tsne_shepard_results/pdf/tsne_shepard _p40_e12_pca40_euclidean.pdf,OK,
40,10,40,euclidean,0.19297924388884585,0.6895998945105271,0.0,99990,VIRGO_tsne_shepard_results/pdf/tsne_shepard _p40_e10_pca40_euclidean.pdf,OK,
10,10,40,manhattan,0.19297924388884585,0.6894403477321093,0.0,99990,VIRGO_tsne_shepard_results/pdf/tsne_shepard _p10_e10_pca40_manhattan.pdf,OK,
10,20,40,manhattan,0.19297924388884585,0.6894192943222043,0.0,99990,VIRGO_tsne_shepard_results/pdf/tsne_shepard _p10_e20_pca40_manhattan.pdf,OK,
50,12,40,manhattan,0.19297924388884585,0.6891940004204795,0.0,99990,VIRGO_tsne_shepard_results/pdf/tsne_shepard _p50_e12_pca40_manhattan.pdf,OK,
50,100,40,manhattan,0.19297924388884585,0.6891789603056523,0.0,99990,VIRGO_tsne_shepard_results/pdf/tsne_shepard _p50_e100_pca40_manhattan.pdf,OK,
10,12,40,manhattan,0.19297924388884585,0.688928003981588,0.0,99990,VIRGO_tsne_shepard_results/pdf/tsne_shepard _p10_e12_pca40_manhattan.pdf,OK,
40,20,40,manhattan,0.19297924388884585,0.6886602653478503,0.0,99990,VIRGO_tsne_shepard_results/pdf/tsne_shepard _p40_e20_pca40_manhattan.pdf,OK,
50,14,40,manhattan,0.19297924388884585,0.6885704471538996,0.0,99990,VIRGO_tsne_shepard_results/pdf/tsne_shepard _p50_e14_pca40_manhattan.pdf,OK,
50,10,40,manhattan,0.19297924388884585,0.6883750875420866,0.0,99990,VIRGO_tsne_shepard_results/pdf/tsne_shepard _p50_e10_pca40_manhattan.pdf,OK,
40,300,40,euclidean,0.19297924388884585,0.6883563207287676,0.0,99990,VIRGO_tsne_shepard_results/pdf/tsne_shepard _p40_e300_pca40_euclidean.pdf,OK,
10,14,40,manhattan,0.19297924388884585,0.6883015220875236,0.0,99990,VIRGO_tsne_shepard_results/pdf/tsne_shepard _p10_e14_pca40_manhattan.pdf,OK,
50,300,40,manhattan,0.19297924388884585,0.6880033438082886,0.0,99990,VIRGO_tsne_shepard_results/pdf/tsne_shepard _p50_e300_pca40_manhattan.pdf,OK,
30,12,40,euclidean,0.19297924388884585,0.6879899749616857,0.0,99990,VIRGO_tsne_shepard_results/pdf/tsne_shepard _p30_e12_pca40_euclidean.pdf,OK,
40,300,40,manhattan,0.19297924388884585,0.687465607824349,0.0,99990,VIRGO_tsne_shepard_results/pdf/tsne_shepard _p40_e300_pca40_manhattan.pdf,OK,
30,10,40,euclidean,0.19297924388884585,0.6873073995649018,0.0,99990,VIRGO_tsne_shepard_results/pdf/tsne_shepard _p30_e10_pca40_euclidean.pdf,OK,
30,300,40,euclidean,0.19297924388884585,0.6869910625121207,0.0,99990,VIRGO_tsne_shepard_results/pdf/tsne_shepard _p30_e300_pca40_euclidean.pdf,OK,
30,14,40,euclidean,0.19297924388884585,0.6864137440581616,0.0,99990,VIRGO_tsne_shepard_results/pdf/tsne_shepard _p30_e14_pca40_euclidean.pdf,OK,
40,14,40,manhattan,0.19297924388884585,0.6863456938334426,0.0,99990,VIRGO_tsne_shepard_results/pdf/tsne_shepard _p40_e14_pca40_manhattan.pdf,OK,
30,20,40,euclidean,0.19297924388884585,0.6860659486832049,0.0,99990,VIRGO_tsne_shepard_results/pdf/tsne_shepard _p30_e20_pca40_euclidean.pdf,OK,
40,100,40,manhattan,0.19297924388884585,0.6859615086834832,0.0,99990,VIRGO_tsne_shepard_results/pdf/tsne_shepard _p40_e100_pca40_manhattan.pdf,OK,
20,20,40,euclidean,0.19297924388884585,0.6857610551984785,0.0,99990,VIRGO_tsne_shepard_results/pdf/tsne_shepard _p20_e20_pca40_euclidean.pdf,OK,
40,10,40,manhattan,0.19297924388884585,0.6856262275127598,0.0,99990,VIRGO_tsne_shepard_results/pdf/tsne_shepard _p40_e10_pca40_manhattan.pdf,OK,
20,10,40,euclidean,0.19297924388884585,0.6854466936145472,0.0,99990,VIRGO_tsne_shepard_results/pdf/tsne_shepard _p20_e10_pca40_euclidean.pdf,OK,
30,300,40,manhattan,0.19297924388884585,0.6852469948062557,0.0,99990,VIRGO_tsne_shepard_results/pdf/tsne_shepard _p30_e300_pca40_manhattan.pdf,OK,
30,100,40,euclidean,0.19297924388884585,0.6850665271171384,0.0,99990,VIRGO_tsne_shepard_results/pdf/tsne_shepard _p30_e100_pca40_euclidean.pdf,OK,
40,12,40,manhattan,0.19297924388884585,0.6844779286364093,0.0,99990,VIRGO_tsne_shepard_results/pdf/tsne_shepard _p40_e12_pca40_manhattan.pdf,OK,
20,14,40,euclidean,0.19297924388884585,0.6842698617974765,0.0,99990,VIRGO_tsne_shepard_results/pdf/tsne_shepard _p20_e14_pca40_euclidean.pdf,OK,
50,20,40,cosine,0.38218454649572237,0.6838776581761622,0.0,99990,VIRGO_tsne_shepard_results/pdf/tsne_shepard _p50_e20_pca40_cosine.pdf,OK,
20,12,40,euclidean,0.19297924388884585,0.6838283902308873,0.0,99990,VIRGO_tsne_shepard_results/pdf/tsne_shepard _p20_e12_pca40_euclidean.pdf,OK,
50,12,40,cosine,0.38218454649572237,0.683697609222876,0.0,99990,VIRGO_tsne_shepard_results/pdf/tsne_shepard _p50_e12_pca40_cosine.pdf,OK,
60,20,40,cosine,0.38218454649572237,0.6836348987886466,0.0,99990,VIRGO_tsne_shepard_results/pdf/tsne_shepard _p60_e20_pca40_cosine.pdf,OK,
30,14,40,manhattan,0.19297924388884585,0.6836070323014078,0.0,99990,VIRGO_tsne_shepard_results/pdf/tsne_shepard _p30_e14_pca40_manhattan.pdf,OK,
60,14,40,cosine,0.38218454649572237,0.6834583296943271,0.0,99990,VIRGO_tsne_shepard_results/pdf/tsne_shepard _p60_e14_pca40_cosine.pdf,OK,
40,20,40,cosine,0.38218454649572237,0.6833337913992372,0.0,99990,VIRGO_tsne_shepard_results/pdf/tsne_shepard _p40_e20_pca40_cosine.pdf,OK,
40,14,40,cosine,0.38218454649572237,0.6831973709975266,0.0,99990,VIRGO_tsne_shepard_results/pdf/tsne_shepard _p40_e14_pca40_cosine.pdf,OK,
60,12,40,cosine,0.38218454649572237,0.6829956332560237,0.0,99990,VIRGO_tsne_shepard_results/pdf/tsne_shepard _p60_e12_pca40_cosine.pdf,OK,
50,14,40,cosine,0.38218454649572237,0.6828181824954676,0.0,99990,VIRGO_tsne_shepard_results/pdf/tsne_shepard _p50_e14_pca40_cosine.pdf,OK,
30,20,40,manhattan,0.19297924388884585,0.6827847888653622,0.0,99990,VIRGO_tsne_shepard_results/pdf/tsne_shepard _p30_e20_pca40_manhattan.pdf,OK,
70,14,40,cosine,0.38218454649572237,0.6827715906646744,0.0,99990,VIRGO_tsne_shepard_results/pdf/tsne_shepard _p70_e14_pca40_cosine.pdf,OK,
40,10,40,cosine,0.38218454649572237,0.6826882288532234,0.0,99990,VIRGO_tsne_shepard_results/pdf/tsne_shepard _p40_e10_pca40_cosine.pdf,OK,
70,20,40,cosine,0.38218454649572237,0.6825714791813241,0.0,99990,VIRGO_tsne_shepard_results/pdf/tsne_shepard _p70_e20_pca40_cosine.pdf,OK,
30,10,40,cosine,0.38218454649572237,0.6825219648657752,0.0,99990,VIRGO_tsne_shepard_results/pdf/tsne_shepard _p30_e10_pca40_cosine.pdf,OK,
30,100,40,manhattan,0.19297924388884585,0.6822459040545648,0.0,99990,VIRGO_tsne_shepard_results/pdf/tsne_shepard _p30_e100_pca40_manhattan.pdf,OK,
30,12,40,manhattan,0.19297924388884585,0.6821196957307795,0.0,99990,VIRGO_tsne_shepard_results/pdf/tsne_shepard _p30_e12_pca40_manhattan.pdf,OK,
40,12,40,cosine,0.38218454649572237,0.6820328259312433,0.0,99990,VIRGO_tsne_shepard_results/pdf/tsne_shepard _p40_e12_pca40_cosine.pdf,OK,
50,10,40,cosine,0.38218454649572237,0.6819496690643595,0.0,99990,VIRGO_tsne_shepard_results/pdf/tsne_shepard _p50_e10_pca40_cosine.pdf,OK,
30,14,40,cosine,0.38218454649572237,0.681752464121784,0.0,99990,VIRGO_tsne_shepard_results/pdf/tsne_shepard _p30_e14_pca40_cosine.pdf,OK,
60,10,40,cosine,0.38218454649572237,0.6816742236907197,0.0,99990,VIRGO_tsne_shepard_results/pdf/tsne_shepard _p60_e10_pca40_cosine.pdf,OK,
70,12,40,cosine,0.38218454649572237,0.6814941509987832,0.0,99990,VIRGO_tsne_shepard_results/pdf/tsne_shepard _p70_e12_pca40_cosine.pdf,OK,
80,20,40,cosine,0.38218454649572237,0.6810764795273702,0.0,99990,VIRGO_tsne_shepard_results/pdf/tsne_shepard _p80_e20_pca40_cosine.pdf,OK,
80,14,40,cosine,0.38218454649572237,0.6809722739754146,0.0,99990,VIRGO_tsne_shepard_results/pdf/tsne_shepard _p80_e14_pca40_cosine.pdf,OK,
30,12,40,cosine,0.38218454649572237,0.6805243582176682,0.0,99990,VIRGO_tsne_shepard_results/pdf/tsne_shepard _p30_e12_pca40_cosine.pdf,OK,
10,100,40,euclidean,0.19297924388884585,0.6804671585833545,0.0,99990,VIRGO_tsne_shepard_results/pdf/tsne_shepard _p10_e100_pca40_euclidean.pdf,OK,
30,10,40,manhattan,0.19297924388884585,0.6801164435738943,0.0,99990,VIRGO_tsne_shepard_results/pdf/tsne_shepard _p30_e10_pca40_manhattan.pdf,OK,
20,10,40,manhattan,0.19297924388884585,0.6799777356013998,0.0,99990,VIRGO_tsne_shepard_results/pdf/tsne_shepard _p20_e10_pca40_manhattan.pdf,OK,
30,20,40,cosine,0.38218454649572237,0.679921731594429,0.0,99990,VIRGO_tsne_shepard_results/pdf/tsne_shepard _p30_e20_pca40_cosine.pdf,OK,
20,20,40,manhattan,0.19297924388884585,0.6795371017533154,0.0,99990,VIRGO_tsne_shepard_results/pdf/tsne_shepard _p20_e20_pca40_manhattan.pdf,OK,
20,100,40,euclidean,0.19297924388884585,0.6794950209032823,0.0,99990,VIRGO_tsne_shepard_results/pdf/tsne_shepard _p20_e100_pca40_euclidean.pdf,OK,
20,12,40,manhattan,0.19297924388884585,0.6786596858158738,0.0,99990,VIRGO_tsne_shepard_results/pdf/tsne_shepard _p20_e12_pca40_manhattan.pdf,OK,
70,10,40,cosine,0.38218454649572237,0.6780153879160553,0.0,99990,VIRGO_tsne_shepard_results/pdf/tsne_shepard _p70_e10_pca40_cosine.pdf,OK,
90,20,40,cosine,0.38218454649572237,0.6779569677276154,0.0,99990,VIRGO_tsne_shepard_results/pdf/tsne_shepard _p90_e20_pca40_cosine.pdf,OK,
20,14,40,manhattan,0.19297924388884585,0.67782176336665,0.0,99990,VIRGO_tsne_shepard_results/pdf/tsne_shepard _p20_e14_pca40_manhattan.pdf,OK,
90,12,40,cosine,0.38218454649572237,0.6777634390773765,0.0,99990,VIRGO_tsne_shepard_results/pdf/tsne_shepard _p90_e12_pca40_cosine.pdf,OK,
20,14,40,cosine,0.38218454649572237,0.6772822924460532,0.0,99990,VIRGO_tsne_shepard_results/pdf/tsne_shepard _p20_e14_pca40_cosine.pdf,OK,
90,10,40,cosine,0.38218454649572237,0.6771012184803559,0.0,99990,VIRGO_tsne_shepard_results/pdf/tsne_shepard _p90_e10_pca40_cosine.pdf,OK,
90,14,40,cosine,0.38218454649572237,0.6769077846668224,0.0,99990,VIRGO_tsne_shepard_results/pdf/tsne_shepard _p90_e14_pca40_cosine.pdf,OK,
80,12,40,cosine,0.38218454649572237,0.67654913775789,0.0,99990,VIRGO_tsne_shepard_results/pdf/tsne_shepard _p80_e12_pca40_cosine.pdf,OK,
20,20,40,cosine,0.38218454649572237,0.6764362641932964,0.0,99990,VIRGO_tsne_shepard_results/pdf/tsne_shepard _p20_e20_pca40_cosine.pdf,OK,
80,10,40,cosine,0.38218454649572237,0.6763319153301449,0.0,99990,VIRGO_tsne_shepard_results/pdf/tsne_shepard _p80_e10_pca40_cosine.pdf,OK,
20,10,40,cosine,0.38218454649572237,0.6761899917012713,0.0,99990,VIRGO_tsne_shepard_results/pdf/tsne_shepard _p20_e10_pca40_cosine.pdf,OK,
100,10,40,cosine,0.38218454649572237,0.6761293161729808,0.0,99990,VIRGO_tsne_shepard_results/pdf/tsne_shepard _p100_e10_pca40_cosine.pdf,OK,
100,20,40,cosine,0.38218454649572237,0.6761177498812393,0.0,99990,VIRGO_tsne_shepard_results/pdf/tsne_shepard _p100_e20_pca40_cosine.pdf,OK,
100,12,40,cosine,0.38218454649572237,0.6760418191489816,0.0,99990,VIRGO_tsne_shepard_results/pdf/tsne_shepard _p100_e12_pca40_cosine.pdf,OK,
20,100,40,manhattan,0.19297924388884585,0.6753767339590078,0.0,99990,VIRGO_tsne_shepard_results/pdf/tsne_shepard _p20_e100_pca40_manhattan.pdf,OK,
100,14,40,cosine,0.38218454649572237,0.6749984930637142,0.0,99990,VIRGO_tsne_shepard_results/pdf/tsne_shepard _p100_e14_pca40_cosine.pdf,OK,
10,100,40,manhattan,0.19297924388884585,0.6748510163516102,0.0,99990,VIRGO_tsne_shepard_results/pdf/tsne_shepard _p10_e100_pca40_manhattan.pdf,OK,
20,12,40,cosine,0.38218454649572237,0.6746599890961328,0.0,99990,VIRGO_tsne_shepard_results/pdf/tsne_shepard _p20_e12_pca40_cosine.pdf,OK,
10,20,40,cosine,0.38218454649572237,0.6735434539398473,0.0,99990,VIRGO_tsne_shepard_results/pdf/tsne_shepard _p10_e20_pca40_cosine.pdf,OK,
10,14,40,cosine,0.38218454649572237,0.6720325914010182,0.0,99990,VIRGO_tsne_shepard_results/pdf/tsne_shepard _p10_e14_pca40_cosine.pdf,OK,
10,10,40,cosine,0.38218454649572237,0.6703510400969971,0.0,99990,VIRGO_tsne_shepard_results/pdf/tsne_shepard _p10_e10_pca40_cosine.pdf,OK,
60,100,40,cosine,0.38218454649572237,0.6699812912624108,0.0,99990,VIRGO_tsne_shepard_results/pdf/tsne_shepard _p60_e100_pca40_cosine.pdf,OK,
10,12,40,cosine,0.38218454649572237,0.6686986425954226,0.0,99990,VIRGO_tsne_shepard_results/pdf/tsne_shepard _p10_e12_pca40_cosine.pdf,OK,
10,100,40,cosine,0.38218454649572237,0.6639354276985888,0.0,99990,VIRGO_tsne_shepard_results/pdf/tsne_shepard _p10_e100_pca40_cosine.pdf,OK,
40,100,40,cosine,0.38218454649572237,0.6632126611643995,0.0,99990,VIRGO_tsne_shepard_results/pdf/tsne_shepard _p40_e100_pca40_cosine.pdf,OK,
70,100,40,cosine,0.38218454649572237,0.6629481177648788,0.0,99990,VIRGO_tsne_shepard_results/pdf/tsne_shepard _p70_e100_pca40_cosine.pdf,OK,
90,1000,40,cosine,0.19297924388884585,0.6598562753086173,0.0,99990,VIRGO_tsne_shepard_results/pdf/tsne_shepard _p90_e1000_pca40_cosine.pdf,OK,
20,300,40,euclidean,0.19297924388884585,0.6572252257850487,0.0,99990,VIRGO_tsne_shepard_results/pdf/tsne_shepard _p20_e300_pca40_euclidean.pdf,OK,
50,100,40,cosine,0.38218454649572237,0.6565857067766452,0.0,99990,VIRGO_tsne_shepard_results/pdf/tsne_shepard _p50_e100_pca40_cosine.pdf,OK,
30,100,40,cosine,0.38218454649572237,0.6563088176278816,0.0,99990,VIRGO_tsne_shepard_results/pdf/tsne_shepard _p30_e100_pca40_cosine.pdf,OK,
20,100,40,cosine,0.38218454649572237,0.6553123160972937,0.0,99990,VIRGO_tsne_shepard_results/pdf/tsne_shepard _p20_e100_pca40_cosine.pdf,OK,
30,300,40,cosine,0.19297924388884585,0.6525074935599985,0.0,99990,VIRGO_tsne_shepard_results/pdf/tsne_shepard _p30_e300_pca40_cosine.pdf,OK,
90,300,40,cosine,0.38218454649572237,0.6478013897535067,0.0,99990,VIRGO_tsne_shepard_results/pdf/tsne_shepard _p90_e300_pca40_cosine.pdf,OK,
100,1000,40,cosine,0.19297924388884585,0.6430626992872909,0.0,99990,VIRGO_tsne_shepard_results/pdf/tsne_shepard _p100_e1000_pca40_cosine.pdf,OK,
80,100,40,cosine,0.38218454649572237,0.6392506413002661,0.0,99990,VIRGO_tsne_shepard_results/pdf/tsne_shepard _p80_e100_pca40_cosine.pdf,OK,
90,10,40,cosine,0.4801763752010208,0.6377201882175186,0.0,99990,VIRGO_tsne_shepard_results/pdf/tsne_shepard _p90_e10_pca40_cosine.pdf,OK,
80,10,40,cosine,0.4801763752010208,0.6373912499092801,0.0,99990,VIRGO_tsne_shepard_results/pdf/tsne_shepard _p80_e10_pca40_cosine.pdf,OK,
70,14,40,cosine,0.4801763752010208,0.6373512828308836,0.0,99990,VIRGO_tsne_shepard_results/pdf/tsne_shepard _p70_e14_pca40_cosine.pdf,OK,
100,12,40,cosine,0.4801763752010208,0.6372460646939923,0.0,99990,VIRGO_tsne_shepard_results/pdf/tsne_shepard _p100_e12_pca40_cosine.pdf,OK,
70,20,40,cosine,0.4801763752010208,0.6370566251493495,0.0,99990,VIRGO_tsne_shepard_results/pdf/tsne_shepard _p70_e20_pca40_cosine.pdf,OK,
100,10,40,cosine,0.4801763752010208,0.636719331764841,0.0,99990,VIRGO_tsne_shepard_results/pdf/tsne_shepard _p100_e10_pca40_cosine.pdf,OK,
90,20,40,cosine,0.4801763752010208,0.6364435647517596,0.0,99990,VIRGO_tsne_shepard_results/pdf/tsne_shepard _p90_e20_pca40_cosine.pdf,OK,
10,12,40,cosine,0.4801763752010208,0.6363633752110768,0.0,99990,VIRGO_tsne_shepard_results/pdf/tsne_shepard _p10_e12_pca40_cosine.pdf,OK,
10,14,40,cosine,0.4801763752010208,0.6361242438726552,0.0,99990,VIRGO_tsne_shepard_results/pdf/tsne_shepard _p10_e14_pca40_cosine.pdf,OK,
20,20,40,cosine,0.4801763752010208,0.6360272759535679,0.0,99990,VIRGO_tsne_shepard_results/pdf/tsne_shepard _p20_e20_pca40_cosine.pdf,OK,
100,14,40,cosine,0.4801763752010208,0.6359132042757942,0.0,99990,VIRGO_tsne_shepard_results/pdf/tsne_shepard _p100_e14_pca40_cosine.pdf,OK,
60,12,40,cosine,0.4801763752010208,0.6357902579026453,0.0,99990,VIRGO_tsne_shepard_results/pdf/tsne_shepard _p60_e12_pca40_cosine.pdf,OK,
80,20,40,cosine,0.4801763752010208,0.6352414540078625,0.0,99990,VIRGO_tsne_shepard_results/pdf/tsne_shepard _p80_e20_pca40_cosine.pdf,OK,
10,20,40,cosine,0.4801763752010208,0.6351707747280408,0.0,99990,VIRGO_tsne_shepard_results/pdf/tsne_shepard _p10_e20_pca40_cosine.pdf,OK,
70,10,40,cosine,0.4801763752010208,0.6347756678302949,0.0,99990,VIRGO_tsne_shepard_results/pdf/tsne_shepard _p70_e10_pca40_cosine.pdf,OK,
80,12,40,cosine,0.4801763752010208,0.6347616855714024,0.0,99990,VIRGO_tsne_shepard_results/pdf/tsne_shepard _p80_e12_pca40_cosine.pdf,OK,
60,10,40,cosine,0.4801763752010208,0.6347390005512625,0.0,99990,VIRGO_tsne_shepard_results/pdf/tsne_shepard _p60_e10_pca40_cosine.pdf,OK,
80,14,40,cosine,0.4801763752010208,0.6340517740608396,0.0,99990,VIRGO_tsne_shepard_results/pdf/tsne_shepard _p80_e14_pca40_cosine.pdf,OK,
60,14,40,cosine,0.4801763752010208,0.6338693085648865,0.0,99990,VIRGO_tsne_shepard_results/pdf/tsne_shepard _p60_e14_pca40_cosine.pdf,OK,
30,12,40,cosine,0.4801763752010208,0.633862849115967,0.0,99990,VIRGO_tsne_shepard_results/pdf/tsne_shepard _p30_e12_pca40_cosine.pdf,OK,
30,14,40,cosine,0.4801763752010208,0.6338576904279435,0.0,99990,VIRGO_tsne_shepard_results/pdf/tsne_shepard _p30_e14_pca40_cosine.pdf,OK,
90,12,40,cosine,0.4801763752010208,0.6338440234238252,0.0,99990,VIRGO_tsne_shepard_results/pdf/tsne_shepard _p90_e12_pca40_cosine.pdf,OK,
30,10,40,cosine,0.4801763752010208,0.6336278232487393,0.0,99990,VIRGO_tsne_shepard_results/pdf/tsne_shepard _p30_e10_pca40_cosine.pdf,OK,
40,20,40,cosine,0.4801763752010208,0.6333476313534221,0.0,99990,VIRGO_tsne_shepard_results/pdf/tsne_shepard _p40_e20_pca40_cosine.pdf,OK,
30,20,40,cosine,0.4801763752010208,0.6332570333983837,0.0,99990,VIRGO_tsne_shepard_results/pdf/tsne_shepard _p30_e20_pca40_cosine.pdf,OK,
60,20,40,cosine,0.4801763752010208,0.6330864983222859,0.0,99990,VIRGO_tsne_shepard_results/pdf/tsne_shepard _p60_e20_pca40_cosine.pdf,OK,
90,14,40,cosine,0.4801763752010208,0.6329117078282788,0.0,99990,VIRGO_tsne_shepard_results/pdf/tsne_shepard _p90_e14_pca40_cosine.pdf,OK,
70,12,40,cosine,0.4801763752010208,0.6329007089338494,0.0,99990,VIRGO_tsne_shepard_results/pdf/tsne_shepard _p70_e12_pca40_cosine.pdf,OK,
90,1000,40,cosine,0.38218454649572237,0.6328159609758743,0.0,99990,VIRGO_tsne_shepard_results/pdf/tsne_shepard _p90_e1000_pca40_cosine.pdf,OK,
50,20,40,cosine,0.4801763752010208,0.632364931600071,0.0,99990,VIRGO_tsne_shepard_results/pdf/tsne_shepard _p50_e20_pca40_cosine.pdf,OK,
10,10,40,cosine,0.4801763752010208,0.6322943082564034,0.0,99990,VIRGO_tsne_shepard_results/pdf/tsne_shepard _p10_e10_pca40_cosine.pdf,OK,
20,14,40,cosine,0.4801763752010208,0.6322876638123051,0.0,99990,VIRGO_tsne_shepard_results/pdf/tsne_shepard _p20_e14_pca40_cosine.pdf,OK,
100,100,40,cosine,0.4801763752010208,0.6321079223715778,0.0,99990,VIRGO_tsne_shepard_results/pdf/tsne_shepard _p100_e100_pca40_cosine.pdf,OK,
50,10,40,cosine,0.4801763752010208,0.6316206090423503,0.0,99990,VIRGO_tsne_shepard_results/pdf/tsne_shepard _p50_e10_pca40_cosine.pdf,OK,
40,14,40,cosine,0.4801763752010208,0.6310101089439263,0.0,99990,VIRGO_tsne_shepard_results/pdf/tsne_shepard _p40_e14_pca40_cosine.pdf,OK,
20,12,40,cosine,0.4801763752010208,0.6305275556417799,0.0,99990,VIRGO_tsne_shepard_results/pdf/tsne_shepard _p20_e12_pca40_cosine.pdf,OK,
40,12,40,cosine,0.4801763752010208,0.630344100014924,0.0,99990,VIRGO_tsne_shepard_results/pdf/tsne_shepard _p40_e12_pca40_cosine.pdf,OK,
100,20,40,cosine,0.4801763752010208,0.6298675317969012,0.0,99990,VIRGO_tsne_shepard_results/pdf/tsne_shepard _p100_e20_pca40_cosine.pdf,OK,
20,10,40,cosine,0.4801763752010208,0.6298523651464484,0.0,99990,VIRGO_tsne_shepard_results/pdf/tsne_shepard _p20_e10_pca40_cosine.pdf,OK,
80,100,40,cosine,0.4801763752010208,0.6290827667873173,0.0,99990,VIRGO_tsne_shepard_results/pdf/tsne_shepard _p80_e100_pca40_cosine.pdf,OK,
50,12,40,cosine,0.4801763752010208,0.6279160240597356,0.0,99990,VIRGO_tsne_shepard_results/pdf/tsne_shepard _p50_e12_pca40_cosine.pdf,OK,
40,10,40,cosine,0.4801763752010208,0.6277311576999117,0.0,99990,VIRGO_tsne_shepard_results/pdf/tsne_shepard _p40_e10_pca40_cosine.pdf,OK,
50,14,40,cosine,0.4801763752010208,0.625948969439464,0.0,99990,VIRGO_tsne_shepard_results/pdf/tsne_shepard _p50_e14_pca40_cosine.pdf,OK,
30,100,40,cosine,0.4801763752010208,0.6239903387434581,0.0,99990,VIRGO_tsne_shepard_results/pdf/tsne_shepard _p30_e100_pca40_cosine.pdf,OK,
10,100,40,cosine,0.4801763752010208,0.6223478097647266,0.0,99990,VIRGO_tsne_shepard_results/pdf/tsne_shepard _p10_e100_pca40_cosine.pdf,OK,
100,100,40,cosine,0.38218454649572237,0.6196135608283786,0.0,99990,VIRGO_tsne_shepard_results/pdf/tsne_shepard _p100_e100_pca40_cosine.pdf,OK,
20,100,40,cosine,0.4801763752010208,0.6157409773546789,0.0,99990,VIRGO_tsne_shepard_results/pdf/tsne_shepard _p20_e100_pca40_cosine.pdf,OK,
100,100,40,cosine,0.579663335916569,0.6099985936649361,0.0,99990,VIRGO_tsne_shepard_results/pdf/tsne_shepard _p100_e100_pca40_cosine.pdf,OK,
50,100,40,cosine,0.4801763752010208,0.6073854075688236,0.0,99990,VIRGO_tsne_shepard_results/pdf/tsne_shepard _p50_e100_pca40_cosine.pdf,OK,
100,12,40,cosine,0.579663335916569,0.6020782863258133,0.0,99990,VIRGO_tsne_shepard_results/pdf/tsne_shepard _p100_e12_pca40_cosine.pdf,OK,
100,14,40,cosine,0.579663335916569,0.6012857229843324,0.0,99990,VIRGO_tsne_shepard_results/pdf/tsne_shepard _p100_e14_pca40_cosine.pdf,OK,
100,10,40,cosine,0.579663335916569,0.6010744123033663,0.0,99990,VIRGO_tsne_shepard_results/pdf/tsne_shepard _p100_e10_pca40_cosine.pdf,OK,
90,12,40,cosine,0.579663335916569,0.6005579659153025,0.0,99990,VIRGO_tsne_shepard_results/pdf/tsne_shepard _p90_e12_pca40_cosine.pdf,OK,
80,10,40,cosine,0.579663335916569,0.600265753949776,0.0,99990,VIRGO_tsne_shepard_results/pdf/tsne_shepard _p80_e10_pca40_cosine.pdf,OK,
90,10,40,cosine,0.579663335916569,0.5998157829928318,0.0,99990,VIRGO_tsne_shepard_results/pdf/tsne_shepard _p90_e10_pca40_cosine.pdf,OK,
80,12,40,cosine,0.579663335916569,0.5994374341670445,0.0,99990,VIRGO_tsne_shepard_results/pdf/tsne_shepard _p80_e12_pca40_cosine.pdf,OK,
90,14,40,cosine,0.579663335916569,0.5984168339634582,0.0,99990,VIRGO_tsne_shepard_results/pdf/tsne_shepard _p90_e14_pca40_cosine.pdf,OK,
80,14,40,cosine,0.579663335916569,0.5977642595740842,0.0,99990,VIRGO_tsne_shepard_results/pdf/tsne_shepard _p80_e14_pca40_cosine.pdf,OK,
70,10,40,cosine,0.579663335916569,0.5960906602989444,0.0,99990,VIRGO_tsne_shepard_results/pdf/tsne_shepard _p70_e10_pca40_cosine.pdf,OK,
60,10,40,cosine,0.579663335916569,0.5953013960311656,0.0,99990,VIRGO_tsne_shepard_results/pdf/tsne_shepard _p60_e10_pca40_cosine.pdf,OK,
50,10,40,cosine,0.579663335916569,0.5952803269842416,0.0,99990,VIRGO_tsne_shepard_results/pdf/tsne_shepard _p50_e10_pca40_cosine.pdf,OK,
60,12,40,cosine,0.579663335916569,0.5946987663109361,0.0,99990,VIRGO_tsne_shepard_results/pdf/tsne_shepard _p60_e12_pca40_cosine.pdf,OK,
30,12,40,cosine,0.579663335916569,0.5946240058326502,0.0,99990,VIRGO_tsne_shepard_results/pdf/tsne_shepard _p30_e12_pca40_cosine.pdf,OK,
40,14,40,cosine,0.579663335916569,0.5943759148559243,0.0,99990,VIRGO_tsne_shepard_results/pdf/tsne_shepard _p40_e14_pca40_cosine.pdf,OK,
60,14,40,cosine,0.579663335916569,0.5941506234101848,0.0,99990,VIRGO_tsne_shepard_results/pdf/tsne_shepard _p60_e14_pca40_cosine.pdf,OK,
70,12,40,cosine,0.579663335916569,0.5940929472873464,0.0,99990,VIRGO_tsne_shepard_results/pdf/tsne_shepard _p70_e12_pca40_cosine.pdf,OK,
30,10,40,cosine,0.579663335916569,0.5938358582940184,0.0,99990,VIRGO_tsne_shepard_results/pdf/tsne_shepard _p30_e10_pca40_cosine.pdf,OK,
70,14,40,cosine,0.579663335916569,0.5937709622206299,0.0,99990,VIRGO_tsne_shepard_results/pdf/tsne_shepard _p70_e14_pca40_cosine.pdf,OK,
50,14,40,cosine,0.579663335916569,0.5934979774266306,0.0,99990,VIRGO_tsne_shepard_results/pdf/tsne_shepard _p50_e14_pca40_cosine.pdf,OK,
50,12,40,cosine,0.579663335916569,0.5934916087606982,0.0,99990,VIRGO_tsne_shepard_results/pdf/tsne_shepard _p50_e12_pca40_cosine.pdf,OK,
30,20,40,cosine,0.579663335916569,0.5917585347114297,0.0,99990,VIRGO_tsne_shepard_results/pdf/tsne_shepard _p30_e20_pca40_cosine.pdf,OK,
40,10,40,cosine,0.579663335916569,0.5912260990844428,0.0,99990,VIRGO_tsne_shepard_results/pdf/tsne_shepard _p40_e10_pca40_cosine.pdf,OK,
30,14,40,cosine,0.579663335916569,0.5911018717366157,0.0,99990,VIRGO_tsne_shepard_results/pdf/tsne_shepard _p30_e14_pca40_cosine.pdf,OK,
40,12,40,cosine,0.579663335916569,0.5908205133119764,0.0,99990,VIRGO_tsne_shepard_results/pdf/tsne_shepard _p40_e12_pca40_cosine.pdf,OK,
50,20,40,cosine,0.579663335916569,0.5908187642084776,0.0,99990,VIRGO_tsne_shepard_results/pdf/tsne_shepard _p50_e20_pca40_cosine.pdf,OK,
40,20,40,cosine,0.579663335916569,0.5904343987725136,0.0,99990,VIRGO_tsne_shepard_results/pdf/tsne_shepard _p40_e20_pca40_cosine.pdf,OK,
90,20,40,cosine,0.579663335916569,0.589308895977158,0.0,99990,VIRGO_tsne_shepard_results/pdf/tsne_shepard _p90_e20_pca40_cosine.pdf,OK,
20,20,40,cosine,0.579663335916569,0.5885555247142935,0.0,99990,VIRGO_tsne_shepard_results/pdf/tsne_shepard _p20_e20_pca40_cosine.pdf,OK,
20,10,40,cosine,0.579663335916569,0.5871580254190936,0.0,99990,VIRGO_tsne_shepard_results/pdf/tsne_shepard _p20_e10_pca40_cosine.pdf,OK,
10,20,40,cosine,0.579663335916569,0.587095551551892,0.0,99990,VIRGO_tsne_shepard_results/pdf/tsne_shepard _p10_e20_pca40_cosine.pdf,OK,
10,14,40,cosine,0.579663335916569,0.5870941229395509,0.0,99990,VIRGO_tsne_shepard_results/pdf/tsne_shepard _p10_e14_pca40_cosine.pdf,OK,
60,100,40,cosine,0.4801763752010208,0.5867517943936952,0.0,99990,VIRGO_tsne_shepard_results/pdf/tsne_shepard _p60_e100_pca40_cosine.pdf,OK,
60,20,40,cosine,0.579663335916569,0.5864354251137911,0.0,99990,VIRGO_tsne_shepard_results/pdf/tsne_shepard _p60_e20_pca40_cosine.pdf,OK,
20,12,40,cosine,0.579663335916569,0.5829661218348909,0.0,99990,VIRGO_tsne_shepard_results/pdf/tsne_shepard _p20_e12_pca40_cosine.pdf,OK,
70,20,40,cosine,0.579663335916569,0.5829045262511888,0.0,99990,VIRGO_tsne_shepard_results/pdf/tsne_shepard _p70_e20_pca40_cosine.pdf,OK,
20,14,40,cosine,0.579663335916569,0.5827522347570852,0.0,99990,VIRGO_tsne_shepard_results/pdf/tsne_shepard _p20_e14_pca40_cosine.pdf,OK,
10,12,40,cosine,0.579663335916569,0.5825011050682902,0.0,99990,VIRGO_tsne_shepard_results/pdf/tsne_shepard _p10_e12_pca40_cosine.pdf,OK,
10,10,40,cosine,0.579663335916569,0.5814558256589278,0.0,99990,VIRGO_tsne_shepard_results/pdf/tsne_shepard _p10_e10_pca40_cosine.pdf,OK,
90,100,40,cosine,0.579663335916569,0.5811524596373435,0.0,99990,VIRGO_tsne_shepard_results/pdf/tsne_shepard _p90_e100_pca40_cosine.pdf,OK,
90,300,40,cosine,0.579663335916569,0.5810124872955273,0.0,99990,VIRGO_tsne_shepard_results/pdf/tsne_shepard _p90_e300_pca40_cosine.pdf,OK,
100,20,40,cosine,0.579663335916569,0.5791980758308799,0.0,99990,VIRGO_tsne_shepard_results/pdf/tsne_shepard _p100_e20_pca40_cosine.pdf,OK,
100,300,40,cosine,0.38218454649572237,0.5776217577958309,0.0,99990,VIRGO_tsne_shepard_results/pdf/tsne_shepard _p100_e300_pca40_cosine.pdf,OK,
80,20,40,cosine,0.579663335916569,0.5768100217249362,0.0,99990,VIRGO_tsne_shepard_results/pdf/tsne_shepard _p80_e20_pca40_cosine.pdf,OK,
70,100,40,cosine,0.579663335916569,0.575237691536734,0.0,99990,VIRGO_tsne_shepard_results/pdf/tsne_shepard _p70_e100_pca40_cosine.pdf,OK,
70,100,40,cosine,0.4801763752010208,0.5678256136852247,0.0,99990,VIRGO_tsne_shepard_results/pdf/tsne_shepard _p70_e100_pca40_cosine.pdf,OK,
20,300,40,manhattan,0.19297924388884585,0.5663014129866131,0.0,99990,VIRGO_tsne_shepard_results/pdf/tsne_shepard _p20_e300_pca40_manhattan.pdf,OK,
90,300,40,cosine,0.4801763752010208,0.5633667727031779,0.0,99990,VIRGO_tsne_shepard_results/pdf/tsne_shepard _p90_e300_pca40_cosine.pdf,OK,
90,100,40,cosine,0.38218454649572237,0.5623326381739214,0.0,99990,VIRGO_tsne_shepard_results/pdf/tsne_shepard _p90_e100_pca40_cosine.pdf,OK,
30,100,40,cosine,0.579663335916569,0.5589610694704515,0.0,99990,VIRGO_tsne_shepard_results/pdf/tsne_shepard _p30_e100_pca40_cosine.pdf,OK,
50,1000,40,manhattan,0.38218454649572237,0.5420403513546478,0.0,99990,VIRGO_tsne_shepard_results/pdf/tsne_shepard _p50_e1000_pca40_manhattan.pdf,OK,
80,100,40,cosine,0.579663335916569,0.5407031751236381,0.0,99990,VIRGO_tsne_shepard_results/pdf/tsne_shepard _p80_e100_pca40_cosine.pdf,OK,
20,100,40,cosine,0.579663335916569,0.5377999058837437,0.0,99990,VIRGO_tsne_shepard_results/pdf/tsne_shepard _p20_e100_pca40_cosine.pdf,OK,
50,300,40,cosine,0.38218454649572237,0.532251832437829,0.0,99990,VIRGO_tsne_shepard_results/pdf/tsne_shepard _p50_e300_pca40_cosine.pdf,OK,
10,100,40,cosine,0.579663335916569,0.5306513064048048,0.0,99990,VIRGO_tsne_shepard_results/pdf/tsne_shepard _p10_e100_pca40_cosine.pdf,OK,
80,300,40,cosine,0.4801763752010208,0.5286177197238527,0.0,99990,VIRGO_tsne_shepard_results/pdf/tsne_shepard _p80_e300_pca40_cosine.pdf,OK,
80,100,40,euclidean,0.38218454649572237,0.5252527346360234,0.0,99990,VIRGO_tsne_shepard_results/pdf/tsne_shepard _p80_e100_pca40_euclidean.pdf,OK,
80,300,40,cosine,0.38218454649572237,0.5251169541693498,0.0,99990,VIRGO_tsne_shepard_results/pdf/tsne_shepard _p80_e300_pca40_cosine.pdf,OK,
60,100,40,cosine,0.579663335916569,0.521578306212111,0.0,99990,VIRGO_tsne_shepard_results/pdf/tsne_shepard _p60_e100_pca40_cosine.pdf,OK,
80,300,40,cosine,0.579663335916569,0.5202346343355977,0.0,99990,VIRGO_tsne_shepard_results/pdf/tsne_shepard _p80_e300_pca40_cosine.pdf,OK,
40,14,40,euclidean,0.38218454649572237,0.5151185248430485,0.0,99990,VIRGO_tsne_shepard_results/pdf/tsne_shepard _p40_e14_pca40_euclidean.pdf,OK,
40,20,40,euclidean,0.38218454649572237,0.5147146365782765,0.0,99990,VIRGO_tsne_shepard_results/pdf/tsne_shepard _p40_e20_pca40_euclidean.pdf,OK,
90,100,40,cosine,0.4801763752010208,0.5126812886753255,0.0,99990,VIRGO_tsne_shepard_results/pdf/tsne_shepard _p90_e100_pca40_cosine.pdf,OK,
50,20,40,euclidean,0.38218454649572237,0.5124504300760409,0.0,99990,VIRGO_tsne_shepard_results/pdf/tsne_shepard _p50_e20_pca40_euclidean.pdf,OK,
50,14,40,euclidean,0.38218454649572237,0.5120035647674677,0.0,99990,VIRGO_tsne_shepard_results/pdf/tsne_shepard _p50_e14_pca40_euclidean.pdf,OK,
70,100,40,euclidean,0.38218454649572237,0.5118120900103706,0.0,99990,VIRGO_tsne_shepard_results/pdf/tsne_shepard _p70_e100_pca40_euclidean.pdf,OK,
40,12,40,euclidean,0.38218454649572237,0.5114155009364642,0.0,99990,VIRGO_tsne_shepard_results/pdf/tsne_shepard _p40_e12_pca40_euclidean.pdf,OK,
30,20,40,euclidean,0.38218454649572237,0.5114053553776857,0.0,99990,VIRGO_tsne_shepard_results/pdf/tsne_shepard _p30_e20_pca40_euclidean.pdf,OK,
20,14,40,euclidean,0.38218454649572237,0.511094280527057,0.0,99990,VIRGO_tsne_shepard_results/pdf/tsne_shepard _p20_e14_pca40_euclidean.pdf,OK,
30,12,40,euclidean,0.38218454649572237,0.51075580681937,0.0,99990,VIRGO_tsne_shepard_results/pdf/tsne_shepard _p30_e12_pca40_euclidean.pdf,OK,
40,300,40,cosine,0.38218454649572237,0.5100170076445287,0.0,99990,VIRGO_tsne_shepard_results/pdf/tsne_shepard _p40_e300_pca40_cosine.pdf,OK,
30,14,40,euclidean,0.38218454649572237,0.5099407073449228,0.0,99990,VIRGO_tsne_shepard_results/pdf/tsne_shepard _p30_e14_pca40_euclidean.pdf,OK,
60,20,40,euclidean,0.38218454649572237,0.5095023877295402,0.0,99990,VIRGO_tsne_shepard_results/pdf/tsne_shepard _p60_e20_pca40_euclidean.pdf,OK,
50,12,40,euclidean,0.38218454649572237,0.5094206230183661,0.0,99990,VIRGO_tsne_shepard_results/pdf/tsne_shepard _p50_e12_pca40_euclidean.pdf,OK,
20,12,40,euclidean,0.38218454649572237,0.5093867981208416,0.0,99990,VIRGO_tsne_shepard_results/pdf/tsne_shepard _p20_e12_pca40_euclidean.pdf,OK,
20,20,40,euclidean,0.38218454649572237,0.5093563817522302,0.0,99990,VIRGO_tsne_shepard_results/pdf/tsne_shepard _p20_e20_pca40_euclidean.pdf,OK,
40,10,40,euclidean,0.38218454649572237,0.5090208242077402,0.0,99990,VIRGO_tsne_shepard_results/pdf/tsne_shepard _p40_e10_pca40_euclidean.pdf,OK,
50,10,40,euclidean,0.38218454649572237,0.5089244335140896,0.0,99990,VIRGO_tsne_shepard_results/pdf/tsne_shepard _p50_e10_pca40_euclidean.pdf,OK,
60,10,40,euclidean,0.38218454649572237,0.5083295018382024,0.0,99990,VIRGO_tsne_shepard_results/pdf/tsne_shepard _p60_e10_pca40_euclidean.pdf,OK,
70,10,40,euclidean,0.38218454649572237,0.5079902841220183,0.0,99990,VIRGO_tsne_shepard_results/pdf/tsne_shepard _p70_e10_pca40_euclidean.pdf,OK,
60,14,40,euclidean,0.38218454649572237,0.507202110089573,0.0,99990,VIRGO_tsne_shepard_results/pdf/tsne_shepard _p60_e14_pca40_euclidean.pdf,OK,
50,1000,40,cosine,0.19297924388884585,0.5061772659727893,0.0,99990,VIRGO_tsne_shepard_results/pdf/tsne_shepard _p50_e1000_pca40_cosine.pdf,OK,
30,10,40,euclidean,0.38218454649572237,0.5052948457859954,0.0,99990,VIRGO_tsne_shepard_results/pdf/tsne_shepard _p30_e10_pca40_euclidean.pdf,OK,
20,10,40,euclidean,0.38218454649572237,0.505158246929762,0.0,99990,VIRGO_tsne_shepard_results/pdf/tsne_shepard _p20_e10_pca40_euclidean.pdf,OK,
60,300,40,cosine,0.4801763752010208,0.5047863360367738,0.0,99990,VIRGO_tsne_shepard_results/pdf/tsne_shepard _p60_e300_pca40_cosine.pdf,OK,
90,100,40,manhattan,0.38218454649572237,0.5046936550709578,0.0,99990,VIRGO_tsne_shepard_results/pdf/tsne_shepard _p90_e100_pca40_manhattan.pdf,OK,
70,20,40,euclidean,0.38218454649572237,0.5025946723254053,0.0,99990,VIRGO_tsne_shepard_results/pdf/tsne_shepard _p70_e20_pca40_euclidean.pdf,OK,
100,14,40,euclidean,0.38218454649572237,0.5022672650027922,0.0,99990,VIRGO_tsne_shepard_results/pdf/tsne_shepard _p100_e14_pca40_euclidean.pdf,OK,
70,1000,40,cosine,0.38218454649572237,0.5021119590898164,0.0,99990,VIRGO_tsne_shepard_results/pdf/tsne_shepard _p70_e1000_pca40_cosine.pdf,OK,
70,12,40,euclidean,0.38218454649572237,0.5017936294794308,0.0,99990,VIRGO_tsne_shepard_results/pdf/tsne_shepard _p70_e12_pca40_euclidean.pdf,OK,
100,12,40,euclidean,0.38218454649572237,0.50133772981845,0.0,99990,VIRGO_tsne_shepard_results/pdf/tsne_shepard _p100_e12_pca40_euclidean.pdf,OK,
50,300,40,euclidean,0.4801763752010208,0.5008951427572907,0.0,99990,VIRGO_tsne_shepard_results/pdf/tsne_shepard _p50_e300_pca40_euclidean.pdf,OK,
60,12,40,euclidean,0.38218454649572237,0.5007542922936568,0.0,99990,VIRGO_tsne_shepard_results/pdf/tsne_shepard _p60_e12_pca40_euclidean.pdf,OK,
90,20,40,euclidean,0.38218454649572237,0.5006053213577668,0.0,99990,VIRGO_tsne_shepard_results/pdf/tsne_shepard _p90_e20_pca40_euclidean.pdf,OK,
80,10,40,euclidean,0.38218454649572237,0.5004059642899018,0.0,99990,VIRGO_tsne_shepard_results/pdf/tsne_shepard _p80_e10_pca40_euclidean.pdf,OK,
90,10,40,euclidean,0.38218454649572237,0.5000168035542274,0.0,99990,VIRGO_tsne_shepard_results/pdf/tsne_shepard _p90_e10_pca40_euclidean.pdf,OK,
80,14,40,euclidean,0.38218454649572237,0.4999067408157589,0.0,99990,VIRGO_tsne_shepard_results/pdf/tsne_shepard _p80_e14_pca40_euclidean.pdf,OK,
80,12,40,euclidean,0.38218454649572237,0.4998820052991734,0.0,99990,VIRGO_tsne_shepard_results/pdf/tsne_shepard _p80_e12_pca40_euclidean.pdf,OK,
100,20,40,euclidean,0.38218454649572237,0.49978836888157463,0.0,99990,VIRGO_tsne_shepard_results/pdf/tsne_shepard _p100_e20_pca40_euclidean.pdf,OK,
100,10,40,euclidean,0.38218454649572237,0.4997254804594302,0.0,99990,VIRGO_tsne_shepard_results/pdf/tsne_shepard _p100_e10_pca40_euclidean.pdf,OK,
90,12,40,euclidean,0.38218454649572237,0.4993334445702357,0.0,99990,VIRGO_tsne_shepard_results/pdf/tsne_shepard _p90_e12_pca40_euclidean.pdf,OK,
70,300,40,cosine,0.38218454649572237,0.4991896822579093,0.0,99990,VIRGO_tsne_shepard_results/pdf/tsne_shepard _p70_e300_pca40_cosine.pdf,OK,
80,20,40,euclidean,0.38218454649572237,0.4983977102097576,0.0,99990,VIRGO_tsne_shepard_results/pdf/tsne_shepard _p80_e20_pca40_euclidean.pdf,OK,
90,14,40,euclidean,0.38218454649572237,0.49838459217666936,0.0,99990,VIRGO_tsne_shepard_results/pdf/tsne_shepard _p90_e14_pca40_euclidean.pdf,OK,
70,14,40,euclidean,0.38218454649572237,0.49822939208650885,0.0,99990,VIRGO_tsne_shepard_results/pdf/tsne_shepard _p70_e14_pca40_euclidean.pdf,OK,
40,100,40,cosine,0.4801763752010208,0.4979590619996451,0.0,99990,VIRGO_tsne_shepard_results/pdf/tsne_shepard _p40_e100_pca40_cosine.pdf,OK,
10,20,40,euclidean,0.38218454649572237,0.49715973553525244,0.0,99990,VIRGO_tsne_shepard_results/pdf/tsne_shepard _p10_e20_pca40_euclidean.pdf,OK,
10,14,40,euclidean,0.38218454649572237,0.4968059957943641,0.0,99990,VIRGO_tsne_shepard_results/pdf/tsne_shepard _p10_e14_pca40_euclidean.pdf,OK,
10,12,40,euclidean,0.38218454649572237,0.4966172343821932,0.0,99990,VIRGO_tsne_shepard_results/pdf/tsne_shepard _p10_e12_pca40_euclidean.pdf,OK,
30,300,40,cosine,0.579663335916569,0.49626974568668325,0.0,99990,VIRGO_tsne_shepard_results/pdf/tsne_shepard _p30_e300_pca40_cosine.pdf,OK,
10,10,40,euclidean,0.38218454649572237,0.49623212188338833,0.0,99990,VIRGO_tsne_shepard_results/pdf/tsne_shepard _p10_e10_pca40_euclidean.pdf,OK,
100,100,40,euclidean,0.38218454649572237,0.4958427928004357,0.0,99990,VIRGO_tsne_shepard_results/pdf/tsne_shepard _p100_e100_pca40_euclidean.pdf,OK,
50,300,40,cosine,0.4801763752010208,0.49110625747946574,0.0,99990,VIRGO_tsne_shepard_results/pdf/tsne_shepard _p50_e300_pca40_cosine.pdf,OK,
60,300,40,manhattan,0.38218454649572237,0.4896538797065531,0.0,99990,VIRGO_tsne_shepard_results/pdf/tsne_shepard _p60_e300_pca40_manhattan.pdf,OK,
60,1000,40,cosine,0.4801763752010208,0.489408118976421,0.0,99990,VIRGO_tsne_shepard_results/pdf/tsne_shepard _p60_e1000_pca40_cosine.pdf,OK,
50,100,40,cosine,0.579663335916569,0.48551250351717906,0.0,99990,VIRGO_tsne_shepard_results/pdf/tsne_shepard _p50_e100_pca40_cosine.pdf,OK,
60,300,40,euclidean,0.38218454649572237,0.4853995668913571,0.0,99990,VIRGO_tsne_shepard_results/pdf/tsne_shepard _p60_e300_pca40_euclidean.pdf,OK,
70,1000,40,manhattan,0.38218454649572237,0.4839572151487036,0.0,99990,VIRGO_tsne_shepard_results/pdf/tsne_shepard _p70_e1000_pca40_manhattan.pdf,OK,
60,100,40,euclidean,0.38218454649572237,0.4839445583179523,0.0,99990,VIRGO_tsne_shepard_results/pdf/tsne_shepard _p60_e100_pca40_euclidean.pdf,OK,
100,100,40,manhattan,0.38218454649572237,0.4832933924336854,0.0,99990,VIRGO_tsne_shepard_results/pdf/tsne_shepard _p100_e100_pca40_manhattan.pdf,OK,
20,14,40,manhattan,0.38218454649572237,0.482996717335827,0.0,99990,VIRGO_tsne_shepard_results/pdf/tsne_shepard _p20_e14_pca40_manhattan.pdf,OK,
20,20,40,manhattan,0.38218454649572237,0.48233551285927173,0.0,99990,VIRGO_tsne_shepard_results/pdf/tsne_shepard _p20_e20_pca40_manhattan.pdf,OK,
30,100,40,euclidean,0.38218454649572237,0.48190906712451764,0.0,99990,VIRGO_tsne_shepard_results/pdf/tsne_shepard _p30_e100_pca40_euclidean.pdf,OK,
90,1000,40,cosine,0.4801763752010208,0.48190163866860203,0.0,99990,VIRGO_tsne_shepard_results/pdf/tsne_shepard _p90_e1000_pca40_cosine.pdf,OK,
40,10,40,manhattan,0.38218454649572237,0.48155306797739655,0.0,99990,VIRGO_tsne_shepard_results/pdf/tsne_shepard _p40_e10_pca40_manhattan.pdf,OK,
40,20,40,manhattan,0.38218454649572237,0.48135869499412104,0.0,99990,VIRGO_tsne_shepard_results/pdf/tsne_shepard _p40_e20_pca40_manhattan.pdf,OK,
10,100,40,euclidean,0.38218454649572237,0.4813498222114863,0.0,99990,VIRGO_tsne_shepard_results/pdf/tsne_shepard _p10_e100_pca40_euclidean.pdf,OK,
100,300,40,euclidean,0.38218454649572237,0.4812938149752026,0.0,99990,VIRGO_tsne_shepard_results/pdf/tsne_shepard _p100_e300_pca40_euclidean.pdf,OK,
40,12,40,manhattan,0.38218454649572237,0.48112082474390144,0.0,99990,VIRGO_tsne_shepard_results/pdf/tsne_shepard _p40_e12_pca40_manhattan.pdf,OK,
80,300,40,euclidean,0.579663335916569,0.48066590776929524,0.0,99990,VIRGO_tsne_shepard_results/pdf/tsne_shepard _p80_e300_pca40_euclidean.pdf,OK,
40,1000,40,cosine,0.38218454649572237,0.480606153536496,0.0,99990,VIRGO_tsne_shepard_results/pdf/tsne_shepard _p40_e1000_pca40_cosine.pdf,OK,
40,14,40,manhattan,0.38218454649572237,0.4806045345224518,0.0,99990,VIRGO_tsne_shepard_results/pdf/tsne_shepard _p40_e14_pca40_manhattan.pdf,OK,
50,20,40,manhattan,0.38218454649572237,0.48059372657249005,0.0,99990,VIRGO_tsne_shepard_results/pdf/tsne_shepard _p50_e20_pca40_manhattan.pdf,OK,
50,10,40,manhattan,0.38218454649572237,0.4805741533733439,0.0,99990,VIRGO_tsne_shepard_results/pdf/tsne_shepard _p50_e10_pca40_manhattan.pdf,OK,
30,20,40,manhattan,0.38218454649572237,0.4804239740829884,0.0,99990,VIRGO_tsne_shepard_results/pdf/tsne_shepard _p30_e20_pca40_manhattan.pdf,OK,
90,1000,40,euclidean,0.38218454649572237,0.47991181182258147,0.0,99990,VIRGO_tsne_shepard_results/pdf/tsne_shepard _p90_e1000_pca40_euclidean.pdf,OK,
50,12,40,manhattan,0.38218454649572237,0.4797333888557876,0.0,99990,VIRGO_tsne_shepard_results/pdf/tsne_shepard _p50_e12_pca40_manhattan.pdf,OK,
80,100,40,manhattan,0.38218454649572237,0.4791698601181941,0.0,99990,VIRGO_tsne_shepard_results/pdf/tsne_shepard _p80_e100_pca40_manhattan.pdf,OK,
50,14,40,manhattan,0.38218454649572237,0.47884900940872366,0.0,99990,VIRGO_tsne_shepard_results/pdf/tsne_shepard _p50_e14_pca40_manhattan.pdf,OK,
40,100,40,cosine,0.579663335916569,0.47873987363280274,0.0,99990,VIRGO_tsne_shepard_results/pdf/tsne_shepard _p40_e100_pca40_cosine.pdf,OK,
20,100,40,euclidean,0.38218454649572237,0.4785863619679506,0.0,99990,VIRGO_tsne_shepard_results/pdf/tsne_shepard _p20_e100_pca40_euclidean.pdf,OK,
30,14,40,manhattan,0.38218454649572237,0.4785289858426522,0.0,99990,VIRGO_tsne_shepard_results/pdf/tsne_shepard _p30_e14_pca40_manhattan.pdf,OK,
60,10,40,manhattan,0.38218454649572237,0.4784591650137521,0.0,99990,VIRGO_tsne_shepard_results/pdf/tsne_shepard _p60_e10_pca40_manhattan.pdf,OK,
30,12,40,manhattan,0.38218454649572237,0.4784001124607435,0.0,99990,VIRGO_tsne_shepard_results/pdf/tsne_shepard _p30_e12_pca40_manhattan.pdf,OK,
50,100,40,euclidean,0.38218454649572237,0.4777168781038652,0.0,99990,VIRGO_tsne_shepard_results/pdf/tsne_shepard _p50_e100_pca40_euclidean.pdf,OK,
30,10,40,manhattan,0.38218454649572237,0.4776330914925194,0.0,99990,VIRGO_tsne_shepard_results/pdf/tsne_shepard _p30_e10_pca40_manhattan.pdf,OK,
90,10,40,manhattan,0.38218454649572237,0.47760630523138864,0.0,99990,VIRGO_tsne_shepard_results/pdf/tsne_shepard _p90_e10_pca40_manhattan.pdf,OK,
90,12,40,manhattan,0.38218454649572237,0.47749535478440286,0.0,99990,VIRGO_tsne_shepard_results/pdf/tsne_shepard _p90_e12_pca40_manhattan.pdf,OK,
100,12,40,manhattan,0.38218454649572237,0.4768960042456711,0.0,99990,VIRGO_tsne_shepard_results/pdf/tsne_shepard _p100_e12_pca40_manhattan.pdf,OK,
100,20,40,manhattan,0.38218454649572237,0.47639020191159326,0.0,99990,VIRGO_tsne_shepard_results/pdf/tsne_shepard _p100_e20_pca40_manhattan.pdf,OK,
70,12,40,manhattan,0.38218454649572237,0.47615825054108657,0.0,99990,VIRGO_tsne_shepard_results/pdf/tsne_shepard _p70_e12_pca40_manhattan.pdf,OK,
70,10,40,manhattan,0.38218454649572237,0.476156677345817,0.0,99990,VIRGO_tsne_shepard_results/pdf/tsne_shepard _p70_e10_pca40_manhattan.pdf,OK,
60,12,40,manhattan,0.38218454649572237,0.476091284564999,0.0,99990,VIRGO_tsne_shepard_results/pdf/tsne_shepard _p60_e12_pca40_manhattan.pdf,OK,
60,20,40,manhattan,0.38218454649572237,0.4759965308066869,0.0,99990,VIRGO_tsne_shepard_results/pdf/tsne_shepard _p60_e20_pca40_manhattan.pdf,OK,
90,1000,40,manhattan,0.38218454649572237,0.4759571777995836,0.0,99990,VIRGO_tsne_shepard_results/pdf/tsne_shepard _p90_e1000_pca40_manhattan.pdf,OK,
80,20,40,manhattan,0.38218454649572237,0.4758553977997184,0.0,99990,VIRGO_tsne_shepard_results/pdf/tsne_shepard _p80_e20_pca40_manhattan.pdf,OK,
80,10,40,manhattan,0.38218454649572237,0.4756972152683038,0.0,99990,VIRGO_tsne_shepard_results/pdf/tsne_shepard _p80_e10_pca40_manhattan.pdf,OK,
100,10,40,manhattan,0.38218454649572237,0.4756819246038385,0.0,99990,VIRGO_tsne_shepard_results/pdf/tsne_shepard _p100_e10_pca40_manhattan.pdf,OK,
100,14,40,manhattan,0.38218454649572237,0.4755581308740807,0.0,99990,VIRGO_tsne_shepard_results/pdf/tsne_shepard _p100_e14_pca40_manhattan.pdf,OK,
100,300,40,manhattan,0.4801763752010208,0.4754445883031143,0.0,99990,VIRGO_tsne_shepard_results/pdf/tsne_shepard _p100_e300_pca40_manhattan.pdf,OK,
20,10,40,manhattan,0.38218454649572237,0.4754029262869173,0.0,99990,VIRGO_tsne_shepard_results/pdf/tsne_shepard _p20_e10_pca40_manhattan.pdf,OK,
90,14,40,manhattan,0.38218454649572237,0.4753530499450384,0.0,99990,VIRGO_tsne_shepard_results/pdf/tsne_shepard _p90_e14_pca40_manhattan.pdf,OK,
20,12,40,manhattan,0.38218454649572237,0.4749494628176507,0.0,99990,VIRGO_tsne_shepard_results/pdf/tsne_shepard _p20_e12_pca40_manhattan.pdf,OK,
80,12,40,manhattan,0.38218454649572237,0.4744330761301919,0.0,99990,VIRGO_tsne_shepard_results/pdf/tsne_shepard _p80_e12_pca40_manhattan.pdf,OK,
80,14,40,manhattan,0.38218454649572237,0.4743688816370899,0.0,99990,VIRGO_tsne_shepard_results/pdf/tsne_shepard _p80_e14_pca40_manhattan.pdf,OK,
60,14,40,manhattan,0.38218454649572237,0.47426935331087877,0.0,99990,VIRGO_tsne_shepard_results/pdf/tsne_shepard _p60_e14_pca40_manhattan.pdf,OK,
10,20,40,manhattan,0.38218454649572237,0.47420465035434256,0.0,99990,VIRGO_tsne_shepard_results/pdf/tsne_shepard _p10_e20_pca40_manhattan.pdf,OK,
30,300,40,cosine,0.4801763752010208,0.47373039613811985,0.0,99990,VIRGO_tsne_shepard_results/pdf/tsne_shepard _p30_e300_pca40_cosine.pdf,OK,
80,300,40,euclidean,0.38218454649572237,0.4734596444860584,0.0,99990,VIRGO_tsne_shepard_results/pdf/tsne_shepard _p80_e300_pca40_euclidean.pdf,OK,
70,20,40,manhattan,0.38218454649572237,0.47330044174736363,0.0,99990,VIRGO_tsne_shepard_results/pdf/tsne_shepard _p70_e20_pca40_manhattan.pdf,OK,
100,300,40,cosine,0.4801763752010208,0.4731649132510988,0.0,99990,VIRGO_tsne_shepard_results/pdf/tsne_shepard _p100_e300_pca40_cosine.pdf,OK,
90,20,40,manhattan,0.38218454649572237,0.4730956525231111,0.0,99990,VIRGO_tsne_shepard_results/pdf/tsne_shepard _p90_e20_pca40_manhattan.pdf,OK,
70,14,40,manhattan,0.38218454649572237,0.4726961807318631,0.0,99990,VIRGO_tsne_shepard_results/pdf/tsne_shepard _p70_e14_pca40_manhattan.pdf,OK,
80,300,40,manhattan,0.38218454649572237,0.472070411861811,0.0,99990,VIRGO_tsne_shepard_results/pdf/tsne_shepard _p80_e300_pca40_manhattan.pdf,OK,
70,100,40,manhattan,0.38218454649572237,0.4719722497623958,0.0,99990,VIRGO_tsne_shepard_results/pdf/tsne_shepard _p70_e100_pca40_manhattan.pdf,OK,
10,10,40,manhattan,0.38218454649572237,0.47076584138996325,0.0,99990,VIRGO_tsne_shepard_results/pdf/tsne_shepard _p10_e10_pca40_manhattan.pdf,OK,
100,300,40,manhattan,0.38218454649572237,0.4706257285667802,0.0,99990,VIRGO_tsne_shepard_results/pdf/tsne_shepard _p100_e300_pca40_manhattan.pdf,OK,
10,14,40,manhattan,0.38218454649572237,0.47050750778432027,0.0,99990,VIRGO_tsne_shepard_results/pdf/tsne_shepard _p10_e14_pca40_manhattan.pdf,OK,
100,100,40,euclidean,0.4801763752010208,0.4703310815571802,0.0,99990,VIRGO_tsne_shepard_results/pdf/tsne_shepard _p100_e100_pca40_euclidean.pdf,OK,
10,12,40,manhattan,0.38218454649572237,0.47027019164244055,0.0,99990,VIRGO_tsne_shepard_results/pdf/tsne_shepard _p10_e12_pca40_manhattan.pdf,OK,
80,1000,40,euclidean,0.579663335916569,0.4693682166970344,0.0,99990,VIRGO_tsne_shepard_results/pdf/tsne_shepard _p80_e1000_pca40_euclidean.pdf,OK,
40,300,40,cosine,0.579663335916569,0.46814875422148644,0.0,99990,VIRGO_tsne_shepard_results/pdf/tsne_shepard _p40_e300_pca40_cosine.pdf,OK,
20,300,40,cosine,0.19297924388884585,0.46715412318754695,0.0,99990,VIRGO_tsne_shepard_results/pdf/tsne_shepard _p20_e300_pca40_cosine.pdf,OK,
60,300,40,cosine,0.38218454649572237,0.4647375670176908,0.0,99990,VIRGO_tsne_shepard_results/pdf/tsne_shepard _p60_e300_pca40_cosine.pdf,OK,
80,1000,40,manhattan,0.4801763752010208,0.4636905170771733,0.0,99990,VIRGO_tsne_shepard_results/pdf/tsne_shepard _p80_e1000_pca40_manhattan.pdf,OK,
50,300,40,manhattan,0.38218454649572237,0.4627415020531115,0.0,99990,VIRGO_tsne_shepard_results/pdf/tsne_shepard _p50_e300_pca40_manhattan.pdf,OK,
60,1000,40,euclidean,0.38218454649572237,0.46186184128442265,0.0,99990,VIRGO_tsne_shepard_results/pdf/tsne_shepard _p60_e1000_pca40_euclidean.pdf,OK,
50,100,40,manhattan,0.38218454649572237,0.4606985819755174,0.0,99990,VIRGO_tsne_shepard_results/pdf/tsne_shepard _p50_e100_pca40_manhattan.pdf,OK,
30,100,40,manhattan,0.38218454649572237,0.4587352818780222,0.0,99990,VIRGO_tsne_shepard_results/pdf/tsne_shepard _p30_e100_pca40_manhattan.pdf,OK,
70,100,40,euclidean,0.4801763752010208,0.4579022865909387,0.0,99990,VIRGO_tsne_shepard_results/pdf/tsne_shepard _p70_e100_pca40_euclidean.pdf,OK,
80,100,40,euclidean,0.4801763752010208,0.45699901703731316,0.0,99990,VIRGO_tsne_shepard_results/pdf/tsne_shepard _p80_e100_pca40_euclidean.pdf,OK,
50,1000,40,manhattan,0.4801763752010208,0.4565091000196631,0.0,99990,VIRGO_tsne_shepard_results/pdf/tsne_shepard _p50_e1000_pca40_manhattan.pdf,OK,
100,1000,40,cosine,0.38218454649572237,0.4560607709104218,0.0,99990,VIRGO_tsne_shepard_results/pdf/tsne_shepard _p100_e1000_pca40_cosine.pdf,OK,
30,100,40,euclidean,0.4801763752010208,0.4543993346285894,0.0,99990,VIRGO_tsne_shepard_results/pdf/tsne_shepard _p30_e100_pca40_euclidean.pdf,OK,
10,20,40,euclidean,0.4801763752010208,0.4542599055158457,0.0,99990,VIRGO_tsne_shepard_results/pdf/tsne_shepard _p10_e20_pca40_euclidean.pdf,OK,
60,100,40,euclidean,0.4801763752010208,0.4540255938361995,0.0,99990,VIRGO_tsne_shepard_results/pdf/tsne_shepard _p60_e100_pca40_euclidean.pdf,OK,
20,100,40,manhattan,0.38218454649572237,0.4536670769725929,0.0,99990,VIRGO_tsne_shepard_results/pdf/tsne_shepard _p20_e100_pca40_manhattan.pdf,OK,
60,1000,40,manhattan,0.38218454649572237,0.452926010316814,0.0,99990,VIRGO_tsne_shepard_results/pdf/tsne_shepard _p60_e1000_pca40_manhattan.pdf,OK,
80,1000,40,cosine,0.579663335916569,0.4526287230304373,0.0,99990,VIRGO_tsne_shepard_results/pdf/tsne_shepard _p80_e1000_pca40_cosine.pdf,OK,
100,20,40,euclidean,0.4801763752010208,0.4523554108962146,0.0,99990,VIRGO_tsne_shepard_results/pdf/tsne_shepard _p100_e20_pca40_euclidean.pdf,OK,
10,14,40,euclidean,0.4801763752010208,0.45159622992870857,0.0,99990,VIRGO_tsne_shepard_results/pdf/tsne_shepard _p10_e14_pca40_euclidean.pdf,OK,
90,100,40,euclidean,0.4801763752010208,0.45135871489427626,0.0,99990,VIRGO_tsne_shepard_results/pdf/tsne_shepard _p90_e100_pca40_euclidean.pdf,OK,
90,300,40,manhattan,0.38218454649572237,0.4510458873595504,0.0,99990,VIRGO_tsne_shepard_results/pdf/tsne_shepard _p90_e300_pca40_manhattan.pdf,OK,
30,12,40,euclidean,0.4801763752010208,0.45052599828168755,0.0,99990,VIRGO_tsne_shepard_results/pdf/tsne_shepard _p30_e12_pca40_euclidean.pdf,OK,
30,14,40,euclidean,0.4801763752010208,0.4503294404279264,0.0,99990,VIRGO_tsne_shepard_results/pdf/tsne_shepard _p30_e14_pca40_euclidean.pdf,OK,
10,100,40,manhattan,0.38218454649572237,0.4498937367889539,0.0,99990,VIRGO_tsne_shepard_results/pdf/tsne_shepard _p10_e100_pca40_manhattan.pdf,OK,
50,1000,40,euclidean,0.579663335916569,0.4498613382152601,0.0,99990,VIRGO_tsne_shepard_results/pdf/tsne_shepard _p50_e1000_pca40_euclidean.pdf,OK,
80,1000,40,cosine,0.19297924388884585,0.44950427787398445,0.0,99990,VIRGO_tsne_shepard_results/pdf/tsne_shepard _p80_e1000_pca40_cosine.pdf,OK,
90,1000,40,cosine,0.579663335916569,0.4491470416766248,0.0,99990,VIRGO_tsne_shepard_results/pdf/tsne_shepard _p90_e1000_pca40_cosine.pdf,OK,
30,20,40,euclidean,0.4801763752010208,0.4487733887343417,0.0,99990,VIRGO_tsne_shepard_results/pdf/tsne_shepard _p30_e20_pca40_euclidean.pdf,OK,
30,10,40,euclidean,0.4801763752010208,0.4487611782153423,0.0,99990,VIRGO_tsne_shepard_results/pdf/tsne_shepard _p30_e10_pca40_euclidean.pdf,OK,
70,1000,40,euclidean,0.19297924388884585,0.44869602180358165,0.0,99990,VIRGO_tsne_shepard_results/pdf/tsne_shepard _p70_e1000_pca40_euclidean.pdf,OK,
60,300,40,euclidean,0.4801763752010208,0.448634186351098,0.0,99990,VIRGO_tsne_shepard_results/pdf/tsne_shepard _p60_e300_pca40_euclidean.pdf,OK,
10,12,40,euclidean,0.4801763752010208,0.44837305497515473,0.0,99990,VIRGO_tsne_shepard_results/pdf/tsne_shepard _p10_e12_pca40_euclidean.pdf,OK,
70,10,40,euclidean,0.4801763752010208,0.44779842458715946,0.0,99990,VIRGO_tsne_shepard_results/pdf/tsne_shepard _p70_e10_pca40_euclidean.pdf,OK,
20,20,40,euclidean,0.4801763752010208,0.44729938776445355,0.0,99990,VIRGO_tsne_shepard_results/pdf/tsne_shepard _p20_e20_pca40_euclidean.pdf,OK,
70,12,40,euclidean,0.4801763752010208,0.4471066940937358,0.0,99990,VIRGO_tsne_shepard_results/pdf/tsne_shepard _p70_e12_pca40_euclidean.pdf,OK,
100,10,40,euclidean,0.4801763752010208,0.4467874980465274,0.0,99990,VIRGO_tsne_shepard_results/pdf/tsne_shepard _p100_e10_pca40_euclidean.pdf,OK,
20,300,40,cosine,0.38218454649572237,0.4467788158431726,0.0,99990,VIRGO_tsne_shepard_results/pdf/tsne_shepard _p20_e300_pca40_cosine.pdf,OK,
40,10,40,euclidean,0.4801763752010208,0.4466865628063197,0.0,99990,VIRGO_tsne_shepard_results/pdf/tsne_shepard _p40_e10_pca40_euclidean.pdf,OK,
90,10,40,euclidean,0.4801763752010208,0.44644329839133334,0.0,99990,VIRGO_tsne_shepard_results/pdf/tsne_shepard _p90_e10_pca40_euclidean.pdf,OK,
20,14,40,euclidean,0.4801763752010208,0.44638601179630366,0.0,99990,VIRGO_tsne_shepard_results/pdf/tsne_shepard _p20_e14_pca40_euclidean.pdf,OK,
100,14,40,euclidean,0.4801763752010208,0.4463855347616054,0.0,99990,VIRGO_tsne_shepard_results/pdf/tsne_shepard _p100_e14_pca40_euclidean.pdf,OK,
80,10,40,euclidean,0.4801763752010208,0.44623890140957445,0.0,99990,VIRGO_tsne_shepard_results/pdf/tsne_shepard _p80_e10_pca40_euclidean.pdf,OK,
80,300,40,manhattan,0.4801763752010208,0.44612704055000607,0.0,99990,VIRGO_tsne_shepard_results/pdf/tsne_shepard _p80_e300_pca40_manhattan.pdf,OK,
80,12,40,euclidean,0.4801763752010208,0.4459085441208666,0.0,99990,VIRGO_tsne_shepard_results/pdf/tsne_shepard _p80_e12_pca40_euclidean.pdf,OK,
100,12,40,euclidean,0.4801763752010208,0.4458759761121513,0.0,99990,VIRGO_tsne_shepard_results/pdf/tsne_shepard _p100_e12_pca40_euclidean.pdf,OK,
20,10,40,euclidean,0.4801763752010208,0.4458013209299719,0.0,99990,VIRGO_tsne_shepard_results/pdf/tsne_shepard _p20_e10_pca40_euclidean.pdf,OK,
70,100,40,euclidean,0.579663335916569,0.44570363251171147,0.0,99990,VIRGO_tsne_shepard_results/pdf/tsne_shepard _p70_e100_pca40_euclidean.pdf,OK,
30,300,40,cosine,0.38218454649572237,0.4456371415067367,0.0,99990,VIRGO_tsne_shepard_results/pdf/tsne_shepard _p30_e300_pca40_cosine.pdf,OK,
40,12,40,euclidean,0.4801763752010208,0.4455923811772407,0.0,99990,VIRGO_tsne_shepard_results/pdf/tsne_shepard _p40_e12_pca40_euclidean.pdf,OK,
60,100,40,manhattan,0.38218454649572237,0.44549450976570465,0.0,99990,VIRGO_tsne_shepard_results/pdf/tsne_shepard _p60_e100_pca40_manhattan.pdf,OK,
10,10,40,euclidean,0.4801763752010208,0.4454913875808766,0.0,99990,VIRGO_tsne_shepard_results/pdf/tsne_shepard _p10_e10_pca40_euclidean.pdf,OK,
70,14,40,euclidean,0.4801763752010208,0.44543206597925233,0.0,99990,VIRGO_tsne_shepard_results/pdf/tsne_shepard _p70_e14_pca40_euclidean.pdf,OK,
80,14,40,euclidean,0.4801763752010208,0.44525369313660174,0.0,99990,VIRGO_tsne_shepard_results/pdf/tsne_shepard _p80_e14_pca40_euclidean.pdf,OK,
30,300,40,euclidean,0.4801763752010208,0.44472529218107415,0.0,99990,VIRGO_tsne_shepard_results/pdf/tsne_shepard _p30_e300_pca40_euclidean.pdf,OK,
50,10,40,euclidean,0.4801763752010208,0.44466476190469295,0.0,99990,VIRGO_tsne_shepard_results/pdf/tsne_shepard _p50_e10_pca40_euclidean.pdf,OK,
40,14,40,euclidean,0.4801763752010208,0.4445512568181205,0.0,99990,VIRGO_tsne_shepard_results/pdf/tsne_shepard _p40_e14_pca40_euclidean.pdf,OK,
90,12,40,euclidean,0.4801763752010208,0.44450848249107117,0.0,99990,VIRGO_tsne_shepard_results/pdf/tsne_shepard _p90_e12_pca40_euclidean.pdf,OK,
90,1000,40,euclidean,0.4801763752010208,0.44441694032044154,0.0,99990,VIRGO_tsne_shepard_results/pdf/tsne_shepard _p90_e1000_pca40_euclidean.pdf,OK,
20,12,40,euclidean,0.4801763752010208,0.4443764626406278,0.0,99990,VIRGO_tsne_shepard_results/pdf/tsne_shepard _p20_e12_pca40_euclidean.pdf,OK,
40,100,40,euclidean,0.38218454649572237,0.44411295459800376,0.0,99990,VIRGO_tsne_shepard_results/pdf/tsne_shepard _p40_e100_pca40_euclidean.pdf,OK,
60,12,40,euclidean,0.4801763752010208,0.4439008891531612,0.0,99990,VIRGO_tsne_shepard_results/pdf/tsne_shepard _p60_e12_pca40_euclidean.pdf,OK,
20,300,40,euclidean,0.4801763752010208,0.44383142719565727,0.0,99990,VIRGO_tsne_shepard_results/pdf/tsne_shepard _p20_e300_pca40_euclidean.pdf,OK,
40,20,40,euclidean,0.4801763752010208,0.44297999230055235,0.0,99990,VIRGO_tsne_shepard_results/pdf/tsne_shepard _p40_e20_pca40_euclidean.pdf,OK,
40,1000,40,cosine,0.19297924388884585,0.44283022874800765,0.0,99990,VIRGO_tsne_shepard_results/pdf/tsne_shepard _p40_e1000_pca40_cosine.pdf,OK,
50,14,40,euclidean,0.4801763752010208,0.4427860579408665,0.0,99990,VIRGO_tsne_shepard_results/pdf/tsne_shepard _p50_e14_pca40_euclidean.pdf,OK,
60,14,40,euclidean,0.4801763752010208,0.44247687836795463,0.0,99990,VIRGO_tsne_shepard_results/pdf/tsne_shepard _p60_e14_pca40_euclidean.pdf,OK,
60,10,40,euclidean,0.4801763752010208,0.44175343705311765,0.0,99990,VIRGO_tsne_shepard_results/pdf/tsne_shepard _p60_e10_pca40_euclidean.pdf,OK,
90,14,40,euclidean,0.4801763752010208,0.4408849902748058,0.0,99990,VIRGO_tsne_shepard_results/pdf/tsne_shepard _p90_e14_pca40_euclidean.pdf,OK,
50,20,40,euclidean,0.4801763752010208,0.4405302260212798,0.0,99990,VIRGO_tsne_shepard_results/pdf/tsne_shepard _p50_e20_pca40_euclidean.pdf,OK,
50,12,40,euclidean,0.4801763752010208,0.44047649258671673,0.0,99990,VIRGO_tsne_shepard_results/pdf/tsne_shepard _p50_e12_pca40_euclidean.pdf,OK,
80,1000,40,manhattan,0.38218454649572237,0.4393996956726198,0.0,99990,VIRGO_tsne_shepard_results/pdf/tsne_shepard _p80_e1000_pca40_manhattan.pdf,OK,
60,1000,40,manhattan,0.4801763752010208,0.4393282190385145,0.0,99990,VIRGO_tsne_shepard_results/pdf/tsne_shepard _p60_e1000_pca40_manhattan.pdf,OK,
40,300,40,euclidean,0.38218454649572237,0.43900280959548416,0.0,99990,VIRGO_tsne_shepard_results/pdf/tsne_shepard _p40_e300_pca40_euclidean.pdf,OK,
60,300,40,cosine,0.579663335916569,0.4385703629337899,0.0,99990,VIRGO_tsne_shepard_results/pdf/tsne_shepard _p60_e300_pca40_cosine.pdf,OK,
80,1000,40,cosine,0.38218454649572237,0.4384699304684863,0.0,99990,VIRGO_tsne_shepard_results/pdf/tsne_shepard _p80_e1000_pca40_cosine.pdf,OK,
60,20,40,euclidean,0.4801763752010208,0.43801557736470614,0.0,99990,VIRGO_tsne_shepard_results/pdf/tsne_shepard _p60_e20_pca40_euclidean.pdf,OK,
70,300,40,euclidean,0.4801763752010208,0.43571566146210716,0.0,99990,VIRGO_tsne_shepard_results/pdf/tsne_shepard _p70_e300_pca40_euclidean.pdf,OK,
90,20,40,euclidean,0.4801763752010208,0.4355840592827914,0.0,99990,VIRGO_tsne_shepard_results/pdf/tsne_shepard _p90_e20_pca40_euclidean.pdf,OK,
20,100,40,euclidean,0.4801763752010208,0.4346550559942224,0.0,99990,VIRGO_tsne_shepard_results/pdf/tsne_shepard _p20_e100_pca40_euclidean.pdf,OK,
30,300,40,manhattan,0.38218454649572237,0.43451095570874004,0.0,99990,VIRGO_tsne_shepard_results/pdf/tsne_shepard _p30_e300_pca40_manhattan.pdf,OK,
100,1000,40,euclidean,0.579663335916569,0.4329661174438376,0.0,99990,VIRGO_tsne_shepard_results/pdf/tsne_shepard _p100_e1000_pca40_euclidean.pdf,OK,
40,300,40,euclidean,0.579663335916569,0.43294084453495424,0.0,99990,VIRGO_tsne_shepard_results/pdf/tsne_shepard _p40_e300_pca40_euclidean.pdf,OK,
80,20,40,euclidean,0.4801763752010208,0.4326836664468374,0.0,99990,VIRGO_tsne_shepard_results/pdf/tsne_shepard _p80_e20_pca40_euclidean.pdf,OK,
100,300,40,cosine,0.579663335916569,0.43201942142387967,0.0,99990,VIRGO_tsne_shepard_results/pdf/tsne_shepard _p100_e300_pca40_cosine.pdf,OK,
90,1000,40,manhattan,0.4801763752010208,0.4311730556995563,0.0,99990,VIRGO_tsne_shepard_results/pdf/tsne_shepard _p90_e1000_pca40_manhattan.pdf,OK,
80,300,40,euclidean,0.4801763752010208,0.4311099569460144,0.0,99990,VIRGO_tsne_shepard_results/pdf/tsne_shepard _p80_e300_pca40_euclidean.pdf,OK,
70,20,40,euclidean,0.4801763752010208,0.4304590298199883,0.0,99990,VIRGO_tsne_shepard_results/pdf/tsne_shepard _p70_e20_pca40_euclidean.pdf,OK,
10,100,40,euclidean,0.4801763752010208,0.428389337588429,0.0,99990,VIRGO_tsne_shepard_results/pdf/tsne_shepard _p10_e100_pca40_euclidean.pdf,OK,
40,1000,40,euclidean,0.4801763752010208,0.4276090954957684,0.0,99990,VIRGO_tsne_shepard_results/pdf/tsne_shepard _p40_e1000_pca40_euclidean.pdf,OK,
100,300,40,euclidean,0.579663335916569,0.42753295215394477,0.0,99990,VIRGO_tsne_shepard_results/pdf/tsne_shepard _p100_e300_pca40_euclidean.pdf,OK,
40,1000,40,euclidean,0.38218454649572237,0.42688520412666836,0.0,99990,VIRGO_tsne_shepard_results/pdf/tsne_shepard _p40_e1000_pca40_euclidean.pdf,OK,
80,1000,40,euclidean,0.4801763752010208,0.4266661360977408,0.0,99990,VIRGO_tsne_shepard_results/pdf/tsne_shepard _p80_e1000_pca40_euclidean.pdf,OK,
40,1000,40,manhattan,0.579663335916569,0.4251888222553817,0.0,99990,VIRGO_tsne_shepard_results/pdf/tsne_shepard _p40_e1000_pca40_manhattan.pdf,OK,
90,100,40,euclidean,0.579663335916569,0.42500468848246636,0.0,99990,VIRGO_tsne_shepard_results/pdf/tsne_shepard _p90_e100_pca40_euclidean.pdf,OK,
10,1000,40,manhattan,0.38218454649572237,0.4244790280324915,0.0,99990,VIRGO_tsne_shepard_results/pdf/tsne_shepard _p10_e1000_pca40_manhattan.pdf,OK,
10,300,40,manhattan,0.38218454649572237,0.42430288511569136,0.0,99990,VIRGO_tsne_shepard_results/pdf/tsne_shepard _p10_e300_pca40_manhattan.pdf,OK,
40,1000,40,cosine,0.4801763752010208,0.4241606187521447,0.0,99990,VIRGO_tsne_shepard_results/pdf/tsne_shepard _p40_e1000_pca40_cosine.pdf,OK,
20,300,40,euclidean,0.38218454649572237,0.4237222904823828,0.0,99990,VIRGO_tsne_shepard_results/pdf/tsne_shepard _p20_e300_pca40_euclidean.pdf,OK,
80,20,40,euclidean,0.579663335916569,0.42264585236527646,0.0,99990,VIRGO_tsne_shepard_results/pdf/tsne_shepard _p80_e20_pca40_euclidean.pdf,OK,
30,300,40,euclidean,0.38218454649572237,0.422637964455502,0.0,99990,VIRGO_tsne_shepard_results/pdf/tsne_shepard _p30_e300_pca40_euclidean.pdf,OK,
70,100,40,manhattan,0.4801763752010208,0.42197510649217973,0.0,99990,VIRGO_tsne_shepard_results/pdf/tsne_shepard _p70_e100_pca40_manhattan.pdf,OK,
100,300,40,euclidean,0.4801763752010208,0.42149223286757376,0.0,99990,VIRGO_tsne_shepard_results/pdf/tsne_shepard _p100_e300_pca40_euclidean.pdf,OK,
70,1000,40,euclidean,0.579663335916569,0.4213596656261923,0.0,99990,VIRGO_tsne_shepard_results/pdf/tsne_shepard _p70_e1000_pca40_euclidean.pdf,OK,
100,1000,40,euclidean,0.4801763752010208,0.42116419214232875,0.0,99990,VIRGO_tsne_shepard_results/pdf/tsne_shepard _p100_e1000_pca40_euclidean.pdf,OK,
20,300,40,cosine,0.4801763752010208,0.42026958176829476,0.0,99990,VIRGO_tsne_shepard_results/pdf/tsne_shepard _p20_e300_pca40_cosine.pdf,OK,
100,20,40,euclidean,0.579663335916569,0.4201949927265365,0.0,99990,VIRGO_tsne_shepard_results/pdf/tsne_shepard _p100_e20_pca40_euclidean.pdf,OK,
10,300,40,euclidean,0.38218454649572237,0.419525359499135,0.0,99990,VIRGO_tsne_shepard_results/pdf/tsne_shepard _p10_e300_pca40_euclidean.pdf,OK,
20,1000,40,euclidean,0.4801763752010208,0.4193660155644954,0.0,99990,VIRGO_tsne_shepard_results/pdf/tsne_shepard _p20_e1000_pca40_euclidean.pdf,OK,
100,1000,40,cosine,0.579663335916569,0.4184950466069804,0.0,99990,VIRGO_tsne_shepard_results/pdf/tsne_shepard _p100_e1000_pca40_cosine.pdf,OK,
90,1000,40,euclidean,0.579663335916569,0.41820053159330856,0.0,99990,VIRGO_tsne_shepard_results/pdf/tsne_shepard _p90_e1000_pca40_euclidean.pdf,OK,
100,10,40,euclidean,0.579663335916569,0.41789727257370424,0.0,99990,VIRGO_tsne_shepard_results/pdf/tsne_shepard _p100_e10_pca40_euclidean.pdf,OK,
90,20,40,euclidean,0.579663335916569,0.41767052813974276,0.0,99990,VIRGO_tsne_shepard_results/pdf/tsne_shepard _p90_e20_pca40_euclidean.pdf,OK,
70,1000,40,euclidean,0.4801763752010208,0.4176468854962634,0.0,99990,VIRGO_tsne_shepard_results/pdf/tsne_shepard _p70_e1000_pca40_euclidean.pdf,OK,
90,10,40,euclidean,0.579663335916569,0.4167767531648808,0.0,99990,VIRGO_tsne_shepard_results/pdf/tsne_shepard _p90_e10_pca40_euclidean.pdf,OK,
100,12,40,euclidean,0.579663335916569,0.4162602303573802,0.0,99990,VIRGO_tsne_shepard_results/pdf/tsne_shepard _p100_e12_pca40_euclidean.pdf,OK,
50,300,40,euclidean,0.38218454649572237,0.4162433718316941,0.0,99990,VIRGO_tsne_shepard_results/pdf/tsne_shepard _p50_e300_pca40_euclidean.pdf,OK,
90,12,40,euclidean,0.579663335916569,0.41511520358736553,0.0,99990,VIRGO_tsne_shepard_results/pdf/tsne_shepard _p90_e12_pca40_euclidean.pdf,OK,
60,100,40,manhattan,0.4801763752010208,0.4146990110198325,0.0,99990,VIRGO_tsne_shepard_results/pdf/tsne_shepard _p60_e100_pca40_manhattan.pdf,OK,
100,100,40,euclidean,0.579663335916569,0.4146930910123401,0.0,99990,VIRGO_tsne_shepard_results/pdf/tsne_shepard _p100_e100_pca40_euclidean.pdf,OK,
60,100,40,euclidean,0.579663335916569,0.4146167481870179,0.0,99990,VIRGO_tsne_shepard_results/pdf/tsne_shepard _p60_e100_pca40_euclidean.pdf,OK,
100,14,40,euclidean,0.579663335916569,0.4144366910256185,0.0,99990,VIRGO_tsne_shepard_results/pdf/tsne_shepard _p100_e14_pca40_euclidean.pdf,OK,
60,300,40,manhattan,0.4801763752010208,0.414013286743959,0.0,99990,VIRGO_tsne_shepard_results/pdf/tsne_shepard _p60_e300_pca40_manhattan.pdf,OK,
50,100,40,manhattan,0.579663335916569,0.41386509705659313,0.0,99990,VIRGO_tsne_shepard_results/pdf/tsne_shepard _p50_e100_pca40_manhattan.pdf,OK,
80,100,40,euclidean,0.579663335916569,0.4130253740431958,0.0,99990,VIRGO_tsne_shepard_results/pdf/tsne_shepard _p80_e100_pca40_euclidean.pdf,OK,
10,20,40,euclidean,0.579663335916569,0.41278584739845503,0.0,99990,VIRGO_tsne_shepard_results/pdf/tsne_shepard _p10_e20_pca40_euclidean.pdf,OK,
10,14,40,euclidean,0.579663335916569,0.4124616808949897,0.0,99990,VIRGO_tsne_shepard_results/pdf/tsne_shepard _p10_e14_pca40_euclidean.pdf,OK,
70,300,40,manhattan,0.4801763752010208,0.4123084981663296,0.0,99990,VIRGO_tsne_shepard_results/pdf/tsne_shepard _p70_e300_pca40_manhattan.pdf,OK,
80,10,40,euclidean,0.579663335916569,0.41215358326693413,0.0,99990,VIRGO_tsne_shepard_results/pdf/tsne_shepard _p80_e10_pca40_euclidean.pdf,OK,
10,1000,40,euclidean,0.4801763752010208,0.41166426741883433,0.0,99990,VIRGO_tsne_shepard_results/pdf/tsne_shepard _p10_e1000_pca40_euclidean.pdf,OK,
50,300,40,euclidean,0.579663335916569,0.4116636720374863,0.0,99990,VIRGO_tsne_shepard_results/pdf/tsne_shepard _p50_e300_pca40_euclidean.pdf,OK,
40,100,40,euclidean,0.579663335916569,0.41158725148043973,0.0,99990,VIRGO_tsne_shepard_results/pdf/tsne_shepard _p40_e100_pca40_euclidean.pdf,OK,
30,12,40,euclidean,0.579663335916569,0.4114176770714256,0.0,99990,VIRGO_tsne_shepard_results/pdf/tsne_shepard _p30_e12_pca40_euclidean.pdf,OK,
10,10,40,euclidean,0.579663335916569,0.4113626710586117,0.0,99990,VIRGO_tsne_shepard_results/pdf/tsne_shepard _p10_e10_pca40_euclidean.pdf,OK,
90,14,40,euclidean,0.579663335916569,0.41130971552683265,0.0,99990,VIRGO_tsne_shepard_results/pdf/tsne_shepard _p90_e14_pca40_euclidean.pdf,OK,
10,12,40,euclidean,0.579663335916569,0.4110151107711672,0.0,99990,VIRGO_tsne_shepard_results/pdf/tsne_shepard _p10_e12_pca40_euclidean.pdf,OK,
100,1000,40,manhattan,0.579663335916569,0.4109585167362981,0.0,99990,VIRGO_tsne_shepard_results/pdf/tsne_shepard _p100_e1000_pca40_manhattan.pdf,OK,
80,12,40,euclidean,0.579663335916569,0.41069851309925004,0.0,99990,VIRGO_tsne_shepard_results/pdf/tsne_shepard _p80_e12_pca40_euclidean.pdf,OK,
20,1000,40,manhattan,0.579663335916569,0.4105974492434615,0.0,99990,VIRGO_tsne_shepard_results/pdf/tsne_shepard _p20_e1000_pca40_manhattan.pdf,OK,
40,100,40,manhattan,0.4801763752010208,0.41052015292848515,0.0,99990,VIRGO_tsne_shepard_results/pdf/tsne_shepard _p40_e100_pca40_manhattan.pdf,OK,
40,100,40,euclidean,0.4801763752010208,0.41014961010429996,0.0,99990,VIRGO_tsne_shepard_results/pdf/tsne_shepard _p40_e100_pca40_euclidean.pdf,OK,
30,14,40,euclidean,0.579663335916569,0.40950552592203393,0.0,99990,VIRGO_tsne_shepard_results/pdf/tsne_shepard _p30_e14_pca40_euclidean.pdf,OK,
70,10,40,euclidean,0.579663335916569,0.40946591699789214,0.0,99990,VIRGO_tsne_shepard_results/pdf/tsne_shepard _p70_e10_pca40_euclidean.pdf,OK,
10,1000,40,euclidean,0.579663335916569,0.40926942787702575,0.0,99990,VIRGO_tsne_shepard_results/pdf/tsne_shepard _p10_e1000_pca40_euclidean.pdf,OK,
70,300,40,manhattan,0.38218454649572237,0.40916885785870916,0.0,99990,VIRGO_tsne_shepard_results/pdf/tsne_shepard _p70_e300_pca40_manhattan.pdf,OK,
10,14,40,manhattan,0.4801763752010208,0.4091506770152795,0.0,99990,VIRGO_tsne_shepard_results/pdf/tsne_shepard _p10_e14_pca40_manhattan.pdf,OK,
20,10,40,euclidean,0.579663335916569,0.40848111316723357,0.0,99990,VIRGO_tsne_shepard_results/pdf/tsne_shepard _p20_e10_pca40_euclidean.pdf,OK,
10,20,40,manhattan,0.4801763752010208,0.4083968137609228,0.0,99990,VIRGO_tsne_shepard_results/pdf/tsne_shepard _p10_e20_pca40_manhattan.pdf,OK,
100,1000,40,manhattan,0.38218454649572237,0.4082998636908823,0.0,99990,VIRGO_tsne_shepard_results/pdf/tsne_shepard _p100_e1000_pca40_manhattan.pdf,OK,
80,14,40,euclidean,0.579663335916569,0.4081097812410365,0.0,99990,VIRGO_tsne_shepard_results/pdf/tsne_shepard _p80_e14_pca40_euclidean.pdf,OK,
30,10,40,euclidean,0.579663335916569,0.4080482590566059,0.0,99990,VIRGO_tsne_shepard_results/pdf/tsne_shepard _p30_e10_pca40_euclidean.pdf,OK,
100,1000,40,manhattan,0.4801763752010208,0.4076213497622612,0.0,99990,VIRGO_tsne_shepard_results/pdf/tsne_shepard _p100_e1000_pca40_manhattan.pdf,OK,
30,1000,40,manhattan,0.38218454649572237,0.4073629969082802,0.0,99990,VIRGO_tsne_shepard_results/pdf/tsne_shepard _p30_e1000_pca40_manhattan.pdf,OK,
30,1000,40,euclidean,0.4801763752010208,0.40724835656742253,0.0,99990,VIRGO_tsne_shepard_results/pdf/tsne_shepard _p30_e1000_pca40_euclidean.pdf,OK,
60,20,40,euclidean,0.579663335916569,0.40719752512284146,0.0,99990,VIRGO_tsne_shepard_results/pdf/tsne_shepard _p60_e20_pca40_euclidean.pdf,OK,
20,20,40,euclidean,0.579663335916569,0.4069080028392722,0.0,99990,VIRGO_tsne_shepard_results/pdf/tsne_shepard _p20_e20_pca40_euclidean.pdf,OK,
20,1000,40,manhattan,0.4801763752010208,0.4066377800978975,0.0,99990,VIRGO_tsne_shepard_results/pdf/tsne_shepard _p20_e1000_pca40_manhattan.pdf,OK,
20,1000,40,euclidean,0.38218454649572237,0.4066279014282007,0.0,99990,VIRGO_tsne_shepard_results/pdf/tsne_shepard _p20_e1000_pca40_euclidean.pdf,OK,
20,14,40,euclidean,0.579663335916569,0.4065972210205593,0.0,99990,VIRGO_tsne_shepard_results/pdf/tsne_shepard _p20_e14_pca40_euclidean.pdf,OK,
100,10,40,manhattan,0.4801763752010208,0.40599145888757066,0.0,99990,VIRGO_tsne_shepard_results/pdf/tsne_shepard _p100_e10_pca40_manhattan.pdf,OK,
20,12,40,euclidean,0.579663335916569,0.40595804329797425,0.0,99990,VIRGO_tsne_shepard_results/pdf/tsne_shepard _p20_e12_pca40_euclidean.pdf,OK,
70,12,40,euclidean,0.579663335916569,0.40580493029821946,0.0,99990,VIRGO_tsne_shepard_results/pdf/tsne_shepard _p70_e12_pca40_euclidean.pdf,OK,
50,10,40,euclidean,0.579663335916569,0.4057671578689717,0.0,99990,VIRGO_tsne_shepard_results/pdf/tsne_shepard _p50_e10_pca40_euclidean.pdf,OK,
10,10,40,manhattan,0.4801763752010208,0.4056870642215131,0.0,99990,VIRGO_tsne_shepard_results/pdf/tsne_shepard _p10_e10_pca40_manhattan.pdf,OK,
30,1000,40,manhattan,0.579663335916569,0.4056514406657493,0.0,99990,VIRGO_tsne_shepard_results/pdf/tsne_shepard _p30_e1000_pca40_manhattan.pdf,OK,
70,14,40,euclidean,0.579663335916569,0.4056108930933799,0.0,99990,VIRGO_tsne_shepard_results/pdf/tsne_shepard _p70_e14_pca40_euclidean.pdf,OK,
10,12,40,manhattan,0.4801763752010208,0.40553971493644486,0.0,99990,VIRGO_tsne_shepard_results/pdf/tsne_shepard _p10_e12_pca40_manhattan.pdf,OK,
60,10,40,euclidean,0.579663335916569,0.4047042020506866,0.0,99990,VIRGO_tsne_shepard_results/pdf/tsne_shepard _p60_e10_pca40_euclidean.pdf,OK,
80,100,40,manhattan,0.4801763752010208,0.40464781113290016,0.0,99990,VIRGO_tsne_shepard_results/pdf/tsne_shepard _p80_e100_pca40_manhattan.pdf,OK,
30,20,40,euclidean,0.579663335916569,0.40452580861841286,0.0,99990,VIRGO_tsne_shepard_results/pdf/tsne_shepard _p30_e20_pca40_euclidean.pdf,OK,
40,10,40,euclidean,0.579663335916569,0.40427629102554596,0.0,99990,VIRGO_tsne_shepard_results/pdf/tsne_shepard _p40_e10_pca40_euclidean.pdf,OK,
50,12,40,euclidean,0.579663335916569,0.40408174706955996,0.0,99990,VIRGO_tsne_shepard_results/pdf/tsne_shepard _p50_e12_pca40_euclidean.pdf,OK,
60,12,40,euclidean,0.579663335916569,0.40376280187142033,0.0,99990,VIRGO_tsne_shepard_results/pdf/tsne_shepard _p60_e12_pca40_euclidean.pdf,OK,
40,20,40,euclidean,0.579663335916569,0.4037340117322256,0.0,99990,VIRGO_tsne_shepard_results/pdf/tsne_shepard _p40_e20_pca40_euclidean.pdf,OK,
70,20,40,euclidean,0.579663335916569,0.4036712540692743,0.0,99990,VIRGO_tsne_shepard_results/pdf/tsne_shepard _p70_e20_pca40_euclidean.pdf,OK,
60,14,40,euclidean,0.579663335916569,0.40360234522226934,0.0,99990,VIRGO_tsne_shepard_results/pdf/tsne_shepard _p60_e14_pca40_euclidean.pdf,OK,
100,12,40,manhattan,0.4801763752010208,0.40335503928194005,0.0,99990,VIRGO_tsne_shepard_results/pdf/tsne_shepard _p100_e12_pca40_manhattan.pdf,OK,
90,100,40,manhattan,0.4801763752010208,0.40331993435494884,0.0,99990,VIRGO_tsne_shepard_results/pdf/tsne_shepard _p90_e100_pca40_manhattan.pdf,OK,
50,14,40,euclidean,0.579663335916569,0.4032895141567513,0.0,99990,VIRGO_tsne_shepard_results/pdf/tsne_shepard _p50_e14_pca40_euclidean.pdf,OK,
40,14,40,euclidean,0.579663335916569,0.40275652019385066,0.0,99990,VIRGO_tsne_shepard_results/pdf/tsne_shepard _p40_e14_pca40_euclidean.pdf,OK,
90,10,40,manhattan,0.4801763752010208,0.40234639367147895,0.0,99990,VIRGO_tsne_shepard_results/pdf/tsne_shepard _p90_e10_pca40_manhattan.pdf,OK,
40,12,40,euclidean,0.579663335916569,0.4022715478318979,0.0,99990,VIRGO_tsne_shepard_results/pdf/tsne_shepard _p40_e12_pca40_euclidean.pdf,OK,
100,14,40,manhattan,0.4801763752010208,0.4021557291616907,0.0,99990,VIRGO_tsne_shepard_results/pdf/tsne_shepard _p100_e14_pca40_manhattan.pdf,OK,
90,12,40,manhattan,0.4801763752010208,0.4011147283540031,0.0,99990,VIRGO_tsne_shepard_results/pdf/tsne_shepard _p90_e12_pca40_manhattan.pdf,OK,
40,100,40,manhattan,0.38218454649572237,0.4002419139396132,0.0,99990,VIRGO_tsne_shepard_results/pdf/tsne_shepard _p40_e100_pca40_manhattan.pdf,OK,
80,10,40,manhattan,0.4801763752010208,0.4002061665442222,0.0,99990,VIRGO_tsne_shepard_results/pdf/tsne_shepard _p80_e10_pca40_manhattan.pdf,OK,
90,14,40,manhattan,0.4801763752010208,0.4001228639760399,0.0,99990,VIRGO_tsne_shepard_results/pdf/tsne_shepard _p90_e14_pca40_manhattan.pdf,OK,
30,100,40,manhattan,0.4801763752010208,0.3992809177800743,0.0,99990,VIRGO_tsne_shepard_results/pdf/tsne_shepard _p30_e100_pca40_manhattan.pdf,OK,
100,20,40,manhattan,0.4801763752010208,0.3990904478058213,0.0,99990,VIRGO_tsne_shepard_results/pdf/tsne_shepard _p100_e20_pca40_manhattan.pdf,OK,
80,12,40,manhattan,0.4801763752010208,0.3989089774353341,0.0,99990,VIRGO_tsne_shepard_results/pdf/tsne_shepard _p80_e12_pca40_manhattan.pdf,OK,
50,20,40,euclidean,0.579663335916569,0.39852471856643723,0.0,99990,VIRGO_tsne_shepard_results/pdf/tsne_shepard _p50_e20_pca40_euclidean.pdf,OK,
100,100,40,manhattan,0.4801763752010208,0.3978103613300501,0.0,99990,VIRGO_tsne_shepard_results/pdf/tsne_shepard _p100_e100_pca40_manhattan.pdf,OK,
20,1000,40,euclidean,0.579663335916569,0.39772970974775196,0.0,99990,VIRGO_tsne_shepard_results/pdf/tsne_shepard _p20_e1000_pca40_euclidean.pdf,OK,
30,1000,40,cosine,0.38218454649572237,0.39711651595559255,0.0,99990,VIRGO_tsne_shepard_results/pdf/tsne_shepard _p30_e1000_pca40_cosine.pdf,OK,
90,20,40,manhattan,0.4801763752010208,0.3970140350430178,0.0,99990,VIRGO_tsne_shepard_results/pdf/tsne_shepard _p90_e20_pca40_manhattan.pdf,OK,
80,14,40,manhattan,0.4801763752010208,0.39700119798305955,0.0,99990,VIRGO_tsne_shepard_results/pdf/tsne_shepard _p80_e14_pca40_manhattan.pdf,OK,
30,14,40,manhattan,0.4801763752010208,0.3968290193480645,0.0,99990,VIRGO_tsne_shepard_results/pdf/tsne_shepard _p30_e14_pca40_manhattan.pdf,OK,
70,10,40,manhattan,0.4801763752010208,0.3968082027221927,0.0,99990,VIRGO_tsne_shepard_results/pdf/tsne_shepard _p70_e10_pca40_manhattan.pdf,OK,
30,20,40,manhattan,0.4801763752010208,0.39659508255806925,0.0,99990,VIRGO_tsne_shepard_results/pdf/tsne_shepard _p30_e20_pca40_manhattan.pdf,OK,
70,12,40,manhattan,0.4801763752010208,0.39656553772060693,0.0,99990,VIRGO_tsne_shepard_results/pdf/tsne_shepard _p70_e12_pca40_manhattan.pdf,OK,
30,100,40,manhattan,0.579663335916569,0.39624284458886627,0.0,99990,VIRGO_tsne_shepard_results/pdf/tsne_shepard _p30_e100_pca40_manhattan.pdf,OK,
50,10,40,manhattan,0.4801763752010208,0.3962235577103661,0.0,99990,VIRGO_tsne_shepard_results/pdf/tsne_shepard _p50_e10_pca40_manhattan.pdf,OK,
70,20,40,manhattan,0.4801763752010208,0.3959356954805897,0.0,99990,VIRGO_tsne_shepard_results/pdf/tsne_shepard _p70_e20_pca40_manhattan.pdf,OK,
60,10,40,manhattan,0.4801763752010208,0.395457221648949,0.0,99990,VIRGO_tsne_shepard_results/pdf/tsne_shepard _p60_e10_pca40_manhattan.pdf,OK,
60,12,40,manhattan,0.4801763752010208,0.39541728321844183,0.0,99990,VIRGO_tsne_shepard_results/pdf/tsne_shepard _p60_e12_pca40_manhattan.pdf,OK,
90,300,40,euclidean,0.38218454649572237,0.3952684137841206,0.0,99990,VIRGO_tsne_shepard_results/pdf/tsne_shepard _p90_e300_pca40_euclidean.pdf,OK,
70,300,40,euclidean,0.579663335916569,0.3950382639670861,0.0,99990,VIRGO_tsne_shepard_results/pdf/tsne_shepard _p70_e300_pca40_euclidean.pdf,OK,
60,14,40,manhattan,0.4801763752010208,0.3948699556576399,0.0,99990,VIRGO_tsne_shepard_results/pdf/tsne_shepard _p60_e14_pca40_manhattan.pdf,OK,
70,14,40,manhattan,0.4801763752010208,0.3948469534477491,0.0,99990,VIRGO_tsne_shepard_results/pdf/tsne_shepard _p70_e14_pca40_manhattan.pdf,OK,
80,20,40,manhattan,0.4801763752010208,0.3946081635428867,0.0,99990,VIRGO_tsne_shepard_results/pdf/tsne_shepard _p80_e20_pca40_manhattan.pdf,OK,
90,300,40,manhattan,0.579663335916569,0.3945666065126515,0.0,99990,VIRGO_tsne_shepard_results/pdf/tsne_shepard _p90_e300_pca40_manhattan.pdf,OK,
60,20,40,manhattan,0.4801763752010208,0.39433923759817413,0.0,99990,VIRGO_tsne_shepard_results/pdf/tsne_shepard _p60_e20_pca40_manhattan.pdf,OK,
20,20,40,manhattan,0.4801763752010208,0.39407169120791047,0.0,99990,VIRGO_tsne_shepard_results/pdf/tsne_shepard _p20_e20_pca40_manhattan.pdf,OK,
40,20,40,manhattan,0.4801763752010208,0.3937377828664999,0.0,99990,VIRGO_tsne_shepard_results/pdf/tsne_shepard _p40_e20_pca40_manhattan.pdf,OK,
30,10,40,manhattan,0.4801763752010208,0.39367367096054934,0.0,99990,VIRGO_tsne_shepard_results/pdf/tsne_shepard _p30_e10_pca40_manhattan.pdf,OK,
90,100,40,manhattan,0.579663335916569,0.39362692765407864,0.0,99990,VIRGO_tsne_shepard_results/pdf/tsne_shepard _p90_e100_pca40_manhattan.pdf,OK,
70,1000,40,euclidean,0.38218454649572237,0.39346365100720393,0.0,99990,VIRGO_tsne_shepard_results/pdf/tsne_shepard _p70_e1000_pca40_euclidean.pdf,OK,
40,12,40,manhattan,0.4801763752010208,0.39343431722768984,0.0,99990,VIRGO_tsne_shepard_results/pdf/tsne_shepard _p40_e12_pca40_manhattan.pdf,OK,
80,1000,40,cosine,0.4801763752010208,0.39316584039287267,0.0,99990,VIRGO_tsne_shepard_results/pdf/tsne_shepard _p80_e1000_pca40_cosine.pdf,OK,
20,10,40,manhattan,0.4801763752010208,0.3930122978019284,0.0,99990,VIRGO_tsne_shepard_results/pdf/tsne_shepard _p20_e10_pca40_manhattan.pdf,OK,
20,12,40,manhattan,0.4801763752010208,0.3930011711413914,0.0,99990,VIRGO_tsne_shepard_results/pdf/tsne_shepard _p20_e12_pca40_manhattan.pdf,OK,
40,10,40,manhattan,0.4801763752010208,0.3929627382295862,0.0,99990,VIRGO_tsne_shepard_results/pdf/tsne_shepard _p40_e10_pca40_manhattan.pdf,OK,
20,14,40,manhattan,0.4801763752010208,0.39247842964038043,0.0,99990,VIRGO_tsne_shepard_results/pdf/tsne_shepard _p20_e14_pca40_manhattan.pdf,OK,
50,14,40,manhattan,0.4801763752010208,0.39224852513138814,0.0,99990,VIRGO_tsne_shepard_results/pdf/tsne_shepard _p50_e14_pca40_manhattan.pdf,OK,
50,12,40,manhattan,0.4801763752010208,0.3922431085713575,0.0,99990,VIRGO_tsne_shepard_results/pdf/tsne_shepard _p50_e12_pca40_manhattan.pdf,OK,
20,100,40,manhattan,0.4801763752010208,0.3922367903996905,0.0,99990,VIRGO_tsne_shepard_results/pdf/tsne_shepard _p20_e100_pca40_manhattan.pdf,OK,
50,300,40,cosine,0.579663335916569,0.39218714689716555,0.0,99990,VIRGO_tsne_shepard_results/pdf/tsne_shepard _p50_e300_pca40_cosine.pdf,OK,
40,14,40,manhattan,0.4801763752010208,0.39165285076432027,0.0,99990,VIRGO_tsne_shepard_results/pdf/tsne_shepard _p40_e14_pca40_manhattan.pdf,OK,
50,100,40,euclidean,0.4801763752010208,0.3916189256927069,0.0,99990,VIRGO_tsne_shepard_results/pdf/tsne_shepard _p50_e100_pca40_euclidean.pdf,OK,
10,100,40,euclidean,0.579663335916569,0.39136706052902465,0.0,99990,VIRGO_tsne_shepard_results/pdf/tsne_shepard _p10_e100_pca40_euclidean.pdf,OK,
30,12,40,manhattan,0.4801763752010208,0.39125245995598606,0.0,99990,VIRGO_tsne_shepard_results/pdf/tsne_shepard _p30_e12_pca40_manhattan.pdf,OK,
50,20,40,manhattan,0.4801763752010208,0.39089593027179653,0.0,99990,VIRGO_tsne_shepard_results/pdf/tsne_shepard _p50_e20_pca40_manhattan.pdf,OK,
30,1000,40,euclidean,0.579663335916569,0.3908218925942924,0.0,99990,VIRGO_tsne_shepard_results/pdf/tsne_shepard _p30_e1000_pca40_euclidean.pdf,OK,
40,300,40,cosine,0.4801763752010208,0.3906902927121866,0.0,99990,VIRGO_tsne_shepard_results/pdf/tsne_shepard _p40_e300_pca40_cosine.pdf,OK,
20,1000,40,manhattan,0.38218454649572237,0.3899869607610307,0.0,99990,VIRGO_tsne_shepard_results/pdf/tsne_shepard _p20_e1000_pca40_manhattan.pdf,OK,
40,1000,40,manhattan,0.38218454649572237,0.38995214023012414,0.0,99990,VIRGO_tsne_shepard_results/pdf/tsne_shepard _p40_e1000_pca40_manhattan.pdf,OK,
100,300,40,manhattan,0.579663335916569,0.3898797720349507,0.0,99990,VIRGO_tsne_shepard_results/pdf/tsne_shepard _p100_e300_pca40_manhattan.pdf,OK,
70,100,40,manhattan,0.579663335916569,0.38860825928234083,0.0,99990,VIRGO_tsne_shepard_results/pdf/tsne_shepard _p70_e100_pca40_manhattan.pdf,OK,
60,100,40,manhattan,0.579663335916569,0.3880973305040331,0.0,99990,VIRGO_tsne_shepard_results/pdf/tsne_shepard _p60_e100_pca40_manhattan.pdf,OK,
60,1000,40,euclidean,0.579663335916569,0.3877347658274644,0.0,99990,VIRGO_tsne_shepard_results/pdf/tsne_shepard _p60_e1000_pca40_euclidean.pdf,OK,
60,300,40,manhattan,0.579663335916569,0.3865430015366026,0.0,99990,VIRGO_tsne_shepard_results/pdf/tsne_shepard _p60_e300_pca40_manhattan.pdf,OK,
10,100,40,manhattan,0.4801763752010208,0.3856880991215232,0.0,99990,VIRGO_tsne_shepard_results/pdf/tsne_shepard _p10_e100_pca40_manhattan.pdf,OK,
30,300,40,manhattan,0.579663335916569,0.38559921235248573,0.0,99990,VIRGO_tsne_shepard_results/pdf/tsne_shepard _p30_e300_pca40_manhattan.pdf,OK,
70,1000,40,cosine,0.19297924388884585,0.3849936084841759,0.0,99990,VIRGO_tsne_shepard_results/pdf/tsne_shepard _p70_e1000_pca40_cosine.pdf,OK,
10,1000,40,manhattan,0.579663335916569,0.3845419157600324,0.0,99990,VIRGO_tsne_shepard_results/pdf/tsne_shepard _p10_e1000_pca40_manhattan.pdf,OK,
60,1000,40,cosine,0.38218454649572237,0.3812737935648422,0.0,99990,VIRGO_tsne_shepard_results/pdf/tsne_shepard _p60_e1000_pca40_cosine.pdf,OK,
30,1000,40,euclidean,0.38218454649572237,0.37986971906827327,0.0,99990,VIRGO_tsne_shepard_results/pdf/tsne_shepard _p30_e1000_pca40_euclidean.pdf,OK,
50,100,40,manhattan,0.4801763752010208,0.3793304584150478,0.0,99990,VIRGO_tsne_shepard_results/pdf/tsne_shepard _p50_e100_pca40_manhattan.pdf,OK,
100,12,40,manhattan,0.579663335916569,0.37797530987553124,0.0,99990,VIRGO_tsne_shepard_results/pdf/tsne_shepard _p100_e12_pca40_manhattan.pdf,OK,
40,1000,40,euclidean,0.579663335916569,0.3767887987364862,0.0,99990,VIRGO_tsne_shepard_results/pdf/tsne_shepard _p40_e1000_pca40_euclidean.pdf,OK,
100,10,40,manhattan,0.579663335916569,0.37666743207103753,0.0,99990,VIRGO_tsne_shepard_results/pdf/tsne_shepard _p100_e10_pca40_manhattan.pdf,OK,
10,300,40,euclidean,0.579663335916569,0.3766627198525968,0.0,99990,VIRGO_tsne_shepard_results/pdf/tsne_shepard _p10_e300_pca40_euclidean.pdf,OK,
30,1000,40,manhattan,0.4801763752010208,0.3764121680850271,0.0,99990,VIRGO_tsne_shepard_results/pdf/tsne_shepard _p30_e1000_pca40_manhattan.pdf,OK,
40,300,40,euclidean,0.4801763752010208,0.37539656801677596,0.0,99990,VIRGO_tsne_shepard_results/pdf/tsne_shepard _p40_e300_pca40_euclidean.pdf,OK,
90,100,40,euclidean,0.38218454649572237,0.37386436846393956,0.0,99990,VIRGO_tsne_shepard_results/pdf/tsne_shepard _p90_e100_pca40_euclidean.pdf,OK,
100,20,40,manhattan,0.579663335916569,0.37374621994241397,0.0,99990,VIRGO_tsne_shepard_results/pdf/tsne_shepard _p100_e20_pca40_manhattan.pdf,OK,
90,20,40,manhattan,0.579663335916569,0.37373819243179635,0.0,99990,VIRGO_tsne_shepard_results/pdf/tsne_shepard _p90_e20_pca40_manhattan.pdf,OK,
100,14,40,manhattan,0.579663335916569,0.37365874700205587,0.0,99990,VIRGO_tsne_shepard_results/pdf/tsne_shepard _p100_e14_pca40_manhattan.pdf,OK,
50,1000,40,euclidean,0.4801763752010208,0.37325922265341205,0.0,99990,VIRGO_tsne_shepard_results/pdf/tsne_shepard _p50_e1000_pca40_euclidean.pdf,OK,
60,300,40,euclidean,0.579663335916569,0.3725672492483323,0.0,99990,VIRGO_tsne_shepard_results/pdf/tsne_shepard _p60_e300_pca40_euclidean.pdf,OK,
90,300,40,euclidean,0.579663335916569,0.37245947989066747,0.0,99990,VIRGO_tsne_shepard_results/pdf/tsne_shepard _p90_e300_pca40_euclidean.pdf,OK,
80,14,40,manhattan,0.579663335916569,0.3722904348058849,0.0,99990,VIRGO_tsne_shepard_results/pdf/tsne_shepard _p80_e14_pca40_manhattan.pdf,OK,
80,1000,40,manhattan,0.579663335916569,0.37191183737571337,0.0,99990,VIRGO_tsne_shepard_results/pdf/tsne_shepard _p80_e1000_pca40_manhattan.pdf,OK,
50,1000,40,cosine,0.4801763752010208,0.3693525773295307,0.0,99990,VIRGO_tsne_shepard_results/pdf/tsne_shepard _p50_e1000_pca40_cosine.pdf,OK,
100,100,40,manhattan,0.579663335916569,0.3689459629447147,0.0,99990,VIRGO_tsne_shepard_results/pdf/tsne_shepard _p100_e100_pca40_manhattan.pdf,OK,
10,100,40,manhattan,0.579663335916569,0.3685408099005992,0.0,99990,VIRGO_tsne_shepard_results/pdf/tsne_shepard _p10_e100_pca40_manhattan.pdf,OK,
90,12,40,manhattan,0.579663335916569,0.36820733246549153,0.0,99990,VIRGO_tsne_shepard_results/pdf/tsne_shepard _p90_e12_pca40_manhattan.pdf,OK,
80,12,40,manhattan,0.579663335916569,0.36817023785602276,0.0,99990,VIRGO_tsne_shepard_results/pdf/tsne_shepard _p80_e12_pca40_manhattan.pdf,OK,
50,300,40,manhattan,0.579663335916569,0.36764257168794623,0.0,99990,VIRGO_tsne_shepard_results/pdf/tsne_shepard _p50_e300_pca40_manhattan.pdf,OK,
90,14,40,manhattan,0.579663335916569,0.36760967131688943,0.0,99990,VIRGO_tsne_shepard_results/pdf/tsne_shepard _p90_e14_pca40_manhattan.pdf,OK,
10,300,40,manhattan,0.4801763752010208,0.3675454283249073,0.0,99990,VIRGO_tsne_shepard_results/pdf/tsne_shepard _p10_e300_pca40_manhattan.pdf,OK,
70,300,40,manhattan,0.579663335916569,0.367005932656529,0.0,99990,VIRGO_tsne_shepard_results/pdf/tsne_shepard _p70_e300_pca40_manhattan.pdf,OK,
80,20,40,manhattan,0.579663335916569,0.36625191220895603,0.0,99990,VIRGO_tsne_shepard_results/pdf/tsne_shepard _p80_e20_pca40_manhattan.pdf,OK,
70,14,40,manhattan,0.579663335916569,0.36584660372531147,0.0,99990,VIRGO_tsne_shepard_results/pdf/tsne_shepard _p70_e14_pca40_manhattan.pdf,OK,
10,1000,40,manhattan,0.4801763752010208,0.3641748947544533,0.0,99990,VIRGO_tsne_shepard_results/pdf/tsne_shepard _p10_e1000_pca40_manhattan.pdf,OK,
70,12,40,manhattan,0.579663335916569,0.364087907565506,0.0,99990,VIRGO_tsne_shepard_results/pdf/tsne_shepard _p70_e12_pca40_manhattan.pdf,OK,
90,1000,40,manhattan,0.579663335916569,0.36396397157194826,0.0,99990,VIRGO_tsne_shepard_results/pdf/tsne_shepard _p90_e1000_pca40_manhattan.pdf,OK,
90,10,40,manhattan,0.579663335916569,0.3636551746408217,0.0,99990,VIRGO_tsne_shepard_results/pdf/tsne_shepard _p90_e10_pca40_manhattan.pdf,OK,
60,1000,40,manhattan,0.19297924388884585,0.3628254876963617,0.0,99990,VIRGO_tsne_shepard_results/pdf/tsne_shepard _p60_e1000_pca40_manhattan.pdf,OK,
80,10,40,manhattan,0.579663335916569,0.3625352219052634,0.0,99990,VIRGO_tsne_shepard_results/pdf/tsne_shepard _p80_e10_pca40_manhattan.pdf,OK,
60,1000,40,manhattan,0.579663335916569,0.362415055058114,0.0,99990,VIRGO_tsne_shepard_results/pdf/tsne_shepard _p60_e1000_pca40_manhattan.pdf,OK,
50,1000,40,manhattan,0.579663335916569,0.361870041053733,0.0,99990,VIRGO_tsne_shepard_results/pdf/tsne_shepard _p50_e1000_pca40_manhattan.pdf,OK,
20,300,40,manhattan,0.579663335916569,0.3613222088587361,0.0,99990,VIRGO_tsne_shepard_results/pdf/tsne_shepard _p20_e300_pca40_manhattan.pdf,OK,
60,14,40,manhattan,0.579663335916569,0.36108551037964015,0.0,99990,VIRGO_tsne_shepard_results/pdf/tsne_shepard _p60_e14_pca40_manhattan.pdf,OK,
80,300,40,manhattan,0.579663335916569,0.3596193304728642,0.0,99990,VIRGO_tsne_shepard_results/pdf/tsne_shepard _p80_e300_pca40_manhattan.pdf,OK,
90,1000,40,manhattan,0.19297924388884585,0.35825116899709497,0.0,99990,VIRGO_tsne_shepard_results/pdf/tsne_shepard _p90_e1000_pca40_manhattan.pdf,OK,
30,100,40,euclidean,0.579663335916569,0.35673898046019137,0.0,99990,VIRGO_tsne_shepard_results/pdf/tsne_shepard _p30_e100_pca40_euclidean.pdf,OK,
70,10,40,manhattan,0.579663335916569,0.35615805656262317,0.0,99990,VIRGO_tsne_shepard_results/pdf/tsne_shepard _p70_e10_pca40_manhattan.pdf,OK,
70,1000,40,manhattan,0.4801763752010208,0.35598973066685036,0.0,99990,VIRGO_tsne_shepard_results/pdf/tsne_shepard _p70_e1000_pca40_manhattan.pdf,OK,
40,1000,40,cosine,0.579663335916569,0.35570267203154826,0.0,99990,VIRGO_tsne_shepard_results/pdf/tsne_shepard _p40_e1000_pca40_cosine.pdf,OK,
20,300,40,manhattan,0.38218454649572237,0.3556301109398824,0.0,99990,VIRGO_tsne_shepard_results/pdf/tsne_shepard _p20_e300_pca40_manhattan.pdf,OK,
20,1000,40,cosine,0.579663335916569,0.35553749201786455,0.0,99990,VIRGO_tsne_shepard_results/pdf/tsne_shepard _p20_e1000_pca40_cosine.pdf,OK,
90,300,40,euclidean,0.4801763752010208,0.3533811224076978,0.0,99990,VIRGO_tsne_shepard_results/pdf/tsne_shepard _p90_e300_pca40_euclidean.pdf,OK,
60,12,40,manhattan,0.579663335916569,0.35284376695115083,0.0,99990,VIRGO_tsne_shepard_results/pdf/tsne_shepard _p60_e12_pca40_manhattan.pdf,OK,
80,100,40,manhattan,0.579663335916569,0.35278818777050097,0.0,99990,VIRGO_tsne_shepard_results/pdf/tsne_shepard _p80_e100_pca40_manhattan.pdf,OK,
70,300,40,cosine,0.4801763752010208,0.35255502353966095,0.0,99990,VIRGO_tsne_shepard_results/pdf/tsne_shepard _p70_e300_pca40_cosine.pdf,OK,
70,20,40,manhattan,0.579663335916569,0.35207997883648595,0.0,99990,VIRGO_tsne_shepard_results/pdf/tsne_shepard _p70_e20_pca40_manhattan.pdf,OK,
10,20,40,manhattan,0.579663335916569,0.3506004121576657,0.0,99990,VIRGO_tsne_shepard_results/pdf/tsne_shepard _p10_e20_pca40_manhattan.pdf,OK,
100,1000,40,euclidean,0.38218454649572237,0.3505674903895063,0.0,99990,VIRGO_tsne_shepard_results/pdf/tsne_shepard _p100_e1000_pca40_euclidean.pdf,OK,
60,10,40,manhattan,0.579663335916569,0.35040721487218107,0.0,99990,VIRGO_tsne_shepard_results/pdf/tsne_shepard _p60_e10_pca40_manhattan.pdf,OK,
50,14,40,manhattan,0.579663335916569,0.3495754117182872,0.0,99990,VIRGO_tsne_shepard_results/pdf/tsne_shepard _p50_e14_pca40_manhattan.pdf,OK,
40,20,40,manhattan,0.579663335916569,0.34935843671886013,0.0,99990,VIRGO_tsne_shepard_results/pdf/tsne_shepard _p40_e20_pca40_manhattan.pdf,OK,
10,14,40,manhattan,0.579663335916569,0.3492779234348962,0.0,99990,VIRGO_tsne_shepard_results/pdf/tsne_shepard _p10_e14_pca40_manhattan.pdf,OK,
60,20,40,manhattan,0.579663335916569,0.3488966336763366,0.0,99990,VIRGO_tsne_shepard_results/pdf/tsne_shepard _p60_e20_pca40_manhattan.pdf,OK,
10,12,40,manhattan,0.579663335916569,0.3480852540412277,0.0,99990,VIRGO_tsne_shepard_results/pdf/tsne_shepard _p10_e12_pca40_manhattan.pdf,OK,
10,10,40,manhattan,0.579663335916569,0.34794170853313133,0.0,99990,VIRGO_tsne_shepard_results/pdf/tsne_shepard _p10_e10_pca40_manhattan.pdf,OK,
10,300,40,cosine,0.4801763752010208,0.3475761051818183,0.0,99990,VIRGO_tsne_shepard_results/pdf/tsne_shepard _p10_e300_pca40_cosine.pdf,OK,
20,20,40,manhattan,0.579663335916569,0.3474748270575992,0.0,99990,VIRGO_tsne_shepard_results/pdf/tsne_shepard _p20_e20_pca40_manhattan.pdf,OK,
10,1000,40,euclidean,0.38218454649572237,0.34718584836309163,0.0,99990,VIRGO_tsne_shepard_results/pdf/tsne_shepard _p10_e1000_pca40_euclidean.pdf,OK,
50,10,40,manhattan,0.579663335916569,0.34711513285564255,0.0,99990,VIRGO_tsne_shepard_results/pdf/tsne_shepard _p50_e10_pca40_manhattan.pdf,OK,
50,1000,40,cosine,0.579663335916569,0.34708105024592123,0.0,99990,VIRGO_tsne_shepard_results/pdf/tsne_shepard _p50_e1000_pca40_cosine.pdf,OK,
40,12,40,manhattan,0.579663335916569,0.34707799645374576,0.0,99990,VIRGO_tsne_shepard_results/pdf/tsne_shepard _p40_e12_pca40_manhattan.pdf,OK,
50,12,40,manhattan,0.579663335916569,0.3470660011144072,0.0,99990,VIRGO_tsne_shepard_results/pdf/tsne_shepard _p50_e12_pca40_manhattan.pdf,OK,
40,10,40,manhattan,0.579663335916569,0.3456748514322322,0.0,99990,VIRGO_tsne_shepard_results/pdf/tsne_shepard _p40_e10_pca40_manhattan.pdf,OK,
50,20,40,manhattan,0.579663335916569,0.34531394774564517,0.0,99990,VIRGO_tsne_shepard_results/pdf/tsne_shepard _p50_e20_pca40_manhattan.pdf,OK,
40,14,40,manhattan,0.579663335916569,0.3450960473432383,0.0,99990,VIRGO_tsne_shepard_results/pdf/tsne_shepard _p40_e14_pca40_manhattan.pdf,OK,
90,300,40,manhattan,0.4801763752010208,0.34492701728009906,0.0,99990,VIRGO_tsne_shepard_results/pdf/tsne_shepard _p90_e300_pca40_manhattan.pdf,OK,
70,300,40,cosine,0.579663335916569,0.3440235539867955,0.0,99990,VIRGO_tsne_shepard_results/pdf/tsne_shepard _p70_e300_pca40_cosine.pdf,OK,
70,300,40,euclidean,0.38218454649572237,0.3440053644351736,0.0,99990,VIRGO_tsne_shepard_results/pdf/tsne_shepard _p70_e300_pca40_euclidean.pdf,OK,
30,20,40,manhattan,0.579663335916569,0.3438560006678957,0.0,99990,VIRGO_tsne_shepard_results/pdf/tsne_shepard _p30_e20_pca40_manhattan.pdf,OK,
20,300,40,manhattan,0.4801763752010208,0.34335478411225395,0.0,99990,VIRGO_tsne_shepard_results/pdf/tsne_shepard _p20_e300_pca40_manhattan.pdf,OK,
30,10,40,manhattan,0.579663335916569,0.34227431891180154,0.0,99990,VIRGO_tsne_shepard_results/pdf/tsne_shepard _p30_e10_pca40_manhattan.pdf,OK,
20,100,40,euclidean,0.579663335916569,0.3421666448418747,0.0,99990,VIRGO_tsne_shepard_results/pdf/tsne_shepard _p20_e100_pca40_euclidean.pdf,OK,
30,12,40,manhattan,0.579663335916569,0.34190319780342204,0.0,99990,VIRGO_tsne_shepard_results/pdf/tsne_shepard _p30_e12_pca40_manhattan.pdf,OK,
40,100,40,manhattan,0.579663335916569,0.3411741106291759,0.0,99990,VIRGO_tsne_shepard_results/pdf/tsne_shepard _p40_e100_pca40_manhattan.pdf,OK,
80,1000,40,euclidean,0.38218454649572237,0.3409705059077948,0.0,99990,VIRGO_tsne_shepard_results/pdf/tsne_shepard _p80_e1000_pca40_euclidean.pdf,OK,
20,14,40,manhattan,0.579663335916569,0.3408333178488284,0.0,99990,VIRGO_tsne_shepard_results/pdf/tsne_shepard _p20_e14_pca40_manhattan.pdf,OK,
100,1000,40,cosine,0.4801763752010208,0.3401660220514612,0.0,99990,VIRGO_tsne_shepard_results/pdf/tsne_shepard _p100_e1000_pca40_cosine.pdf,OK,
20,10,40,manhattan,0.579663335916569,0.3400870091163637,0.0,99990,VIRGO_tsne_shepard_results/pdf/tsne_shepard _p20_e10_pca40_manhattan.pdf,OK,
60,1000,40,cosine,0.19297924388884585,0.339932972463149,0.0,99990,VIRGO_tsne_shepard_results/pdf/tsne_shepard _p60_e1000_pca40_cosine.pdf,OK,
20,12,40,manhattan,0.579663335916569,0.339468834789412,0.0,99990,VIRGO_tsne_shepard_results/pdf/tsne_shepard _p20_e12_pca40_manhattan.pdf,OK,
30,14,40,manhattan,0.579663335916569,0.33833271895799455,0.0,99990,VIRGO_tsne_shepard_results/pdf/tsne_shepard _p30_e14_pca40_manhattan.pdf,OK,
50,1000,40,euclidean,0.19297924388884585,0.33583694376778356,0.0,99990,VIRGO_tsne_shepard_results/pdf/tsne_shepard _p50_e1000_pca40_euclidean.pdf,OK,
50,100,40,euclidean,0.579663335916569,0.33516549780856497,0.0,99990,VIRGO_tsne_shepard_results/pdf/tsne_shepard _p50_e100_pca40_euclidean.pdf,OK,
20,300,40,euclidean,0.579663335916569,0.3317651123552185,0.0,99990,VIRGO_tsne_shepard_results/pdf/tsne_shepard _p20_e300_pca40_euclidean.pdf,OK,
10,300,40,euclidean,0.4801763752010208,0.3285869692102811,0.0,99990,VIRGO_tsne_shepard_results/pdf/tsne_shepard _p10_e300_pca40_euclidean.pdf,OK,
60,1000,40,cosine,0.579663335916569,0.32723594548517687,0.0,99990,VIRGO_tsne_shepard_results/pdf/tsne_shepard _p60_e1000_pca40_cosine.pdf,OK,
70,1000,40,manhattan,0.579663335916569,0.3251686195432857,0.0,99990,VIRGO_tsne_shepard_results/pdf/tsne_shepard _p70_e1000_pca40_manhattan.pdf,OK,
40,1000,40,manhattan,0.4801763752010208,0.3250929065792573,0.0,99990,VIRGO_tsne_shepard_results/pdf/tsne_shepard _p40_e1000_pca40_manhattan.pdf,OK,
10,300,40,cosine,0.579663335916569,0.3235290643434738,0.0,99990,VIRGO_tsne_shepard_results/pdf/tsne_shepard _p10_e300_pca40_cosine.pdf,OK,
70,1000,40,manhattan,0.19297924388884585,0.3218221277058761,0.0,99990,VIRGO_tsne_shepard_results/pdf/tsne_shepard _p70_e1000_pca40_manhattan.pdf,OK,
70,1000,40,cosine,0.579663335916569,0.32058435560884724,0.0,99990,VIRGO_tsne_shepard_results/pdf/tsne_shepard _p70_e1000_pca40_cosine.pdf,OK,
40,300,40,manhattan,0.38218454649572237,0.316643176594909,0.0,99990,VIRGO_tsne_shepard_results/pdf/tsne_shepard _p40_e300_pca40_manhattan.pdf,OK,
10,300,40,manhattan,0.579663335916569,0.31585423964566633,0.0,99990,VIRGO_tsne_shepard_results/pdf/tsne_shepard _p10_e300_pca40_manhattan.pdf,OK,
10,300,40,cosine,0.38218454649572237,0.31461751755839784,0.0,99990,VIRGO_tsne_shepard_results/pdf/tsne_shepard _p10_e300_pca40_cosine.pdf,OK,
20,300,40,cosine,0.579663335916569,0.3132816424450562,0.0,99990,VIRGO_tsne_shepard_results/pdf/tsne_shepard _p20_e300_pca40_cosine.pdf,OK,
20,100,40,manhattan,0.579663335916569,0.31190190334179513,0.0,99990,VIRGO_tsne_shepard_results/pdf/tsne_shepard _p20_e100_pca40_manhattan.pdf,OK,
50,1000,40,manhattan,0.19297924388884585,0.3113222114358932,0.0,99990,VIRGO_tsne_shepard_results/pdf/tsne_shepard _p50_e1000_pca40_manhattan.pdf,OK,
40,300,40,manhattan,0.579663335916569,0.3024081530829034,0.0,99990,VIRGO_tsne_shepard_results/pdf/tsne_shepard _p40_e300_pca40_manhattan.pdf,OK,
60,1000,40,euclidean,0.4801763752010208,0.3008864903655345,0.0,99990,VIRGO_tsne_shepard_results/pdf/tsne_shepard _p60_e1000_pca40_euclidean.pdf,OK,
30,1000,40,cosine,0.4801763752010208,0.294528352618234,0.0,99990,VIRGO_tsne_shepard_results/pdf/tsne_shepard _p30_e1000_pca40_cosine.pdf,OK,
30,1000,40,cosine,0.579663335916569,0.2901441757588417,0.0,99990,VIRGO_tsne_shepard_results/pdf/tsne_shepard _p30_e1000_pca40_cosine.pdf,OK,
30,1000,40,cosine,0.19297924388884585,0.28769365550421694,0.0,99990,VIRGO_tsne_shepard_results/pdf/tsne_shepard _p30_e1000_pca40_cosine.pdf,OK,
80,1000,40,manhattan,0.19297924388884585,0.28562005876817814,0.0,99990,VIRGO_tsne_shepard_results/pdf/tsne_shepard _p80_e1000_pca40_manhattan.pdf,OK,
100,1000,40,manhattan,0.19297924388884585,0.2832569174455489,0.0,99990,VIRGO_tsne_shepard_results/pdf/tsne_shepard _p100_e1000_pca40_manhattan.pdf,OK,
50,1000,40,euclidean,0.38218454649572237,0.27416794813856665,0.0,99990,VIRGO_tsne_shepard_results/pdf/tsne_shepard _p50_e1000_pca40_euclidean.pdf,OK,
10,300,40,manhattan,0.19297924388884585,0.2728379679827635,0.0,99990,VIRGO_tsne_shepard_results/pdf/tsne_shepard _p10_e300_pca40_manhattan.pdf,OK,
30,300,40,euclidean,0.579663335916569,0.2721706630471517,0.0,99990,VIRGO_tsne_shepard_results/pdf/tsne_shepard _p30_e300_pca40_euclidean.pdf,OK,
50,1000,40,cosine,0.38218454649572237,0.2621154592749662,0.0,99990,VIRGO_tsne_shepard_results/pdf/tsne_shepard _p50_e1000_pca40_cosine.pdf,OK,
30,300,40,manhattan,0.4801763752010208,0.26081072013539786,0.0,99990,VIRGO_tsne_shepard_results/pdf/tsne_shepard _p30_e300_pca40_manhattan.pdf,OK,
100,1000,40,euclidean,0.19297924388884585,0.25407518721686917,0.0,99990,VIRGO_tsne_shepard_results/pdf/tsne_shepard _p100_e1000_pca40_euclidean.pdf,OK,
70,1000,40,cosine,0.4801763752010208,0.2508792337904239,0.0,99990,VIRGO_tsne_shepard_results/pdf/tsne_shepard _p70_e1000_pca40_cosine.pdf,OK,
20,1000,40,cosine,0.38218454649572237,0.24939061391010325,0.0,99990,VIRGO_tsne_shepard_results/pdf/tsne_shepard _p20_e1000_pca40_cosine.pdf,OK,
80,1000,40,euclidean,0.19297924388884585,0.24934765913270904,0.0,99990,VIRGO_tsne_shepard_results/pdf/tsne_shepard _p80_e1000_pca40_euclidean.pdf,OK,
40,1000,40,euclidean,0.19297924388884585,0.24634660155662375,0.0,99990,VIRGO_tsne_shepard_results/pdf/tsne_shepard _p40_e1000_pca40_euclidean.pdf,OK,
40,1000,40,manhattan,0.19297924388884585,0.22551677645556042,0.0,99990,VIRGO_tsne_shepard_results/pdf/tsne_shepard _p40_e1000_pca40_manhattan.pdf,OK,
20,1000,40,cosine,0.4801763752010208,0.2186093220121142,0.0,99990,VIRGO_tsne_shepard_results/pdf/tsne_shepard _p20_e1000_pca40_cosine.pdf,OK,
10,1000,40,cosine,0.4801763752010208,0.21457360590316985,0.0,99990,VIRGO_tsne_shepard_results/pdf/tsne_shepard _p10_e1000_pca40_cosine.pdf,OK,
90,1000,40,euclidean,0.19297924388884585,0.2071264115097897,0.0,99990,VIRGO_tsne_shepard_results/pdf/tsne_shepard _p90_e1000_pca40_euclidean.pdf,OK,
10,300,40,euclidean,0.19297924388884585,0.20006585758073164,0.0,99990,VIRGO_tsne_shepard_results/pdf/tsne_shepard _p10_e300_pca40_euclidean.pdf,OK,
10,1000,40,cosine,0.579663335916569,0.1998241350020937,0.0,99990,VIRGO_tsne_shepard_results/pdf/tsne_shepard _p10_e1000_pca40_cosine.pdf,OK,
50,300,40,manhattan,0.4801763752010208,0.19308585121395355,0.0,99990,VIRGO_tsne_shepard_results/pdf/tsne_shepard _p50_e300_pca40_manhattan.pdf,OK,
20,1000,40,cosine,0.19297924388884585,0.1872955796077582,0.0,99990,VIRGO_tsne_shepard_results/pdf/tsne_shepard _p20_e1000_pca40_cosine.pdf,OK,
10,1000,40,cosine,0.38218454649572237,0.17744647177413914,0.0,99990,VIRGO_tsne_shepard_results/pdf/tsne_shepard _p10_e1000_pca40_cosine.pdf,OK,
40,300,40,manhattan,0.4801763752010208,0.174840297033081,0.0,99990,VIRGO_tsne_shepard_results/pdf/tsne_shepard _p40_e300_pca40_manhattan.pdf,OK,
30,1000,40,euclidean,0.19297924388884585,0.15596937039590122,0.0,99990,VIRGO_tsne_shepard_results/pdf/tsne_shepard _p30_e1000_pca40_euclidean.pdf,OK,
10,1000,40,euclidean,0.19297924388884585,0.14758113944377688,0.0,99990,VIRGO_tsne_shepard_results/pdf/tsne_shepard _p10_e1000_pca40_euclidean.pdf,OK,
10,1000,40,manhattan,0.19297924388884585,0.1462271952153561,0.0,99990,VIRGO_tsne_shepard_results/pdf/tsne_shepard _p10_e1000_pca40_manhattan.pdf,OK,
30,1000,40,manhattan,0.19297924388884585,0.13410645336839408,0.0,99990,VIRGO_tsne_shepard_results/pdf/tsne_shepard _p30_e1000_pca40_manhattan.pdf,OK,
20,1000,40,euclidean,0.19297924388884585,0.11519567077178139,1.9530019865658946e-292,99990,VIRGO_tsne_shepard_results/pdf/tsne_shepard _p20_e1000_pca40_euclidean.pdf,OK,
60,1000,40,euclidean,0.19297924388884585,0.09913266576466878,9.5230967528072e-217,99990,VIRGO_tsne_shepard_results/pdf/tsne_shepard _p60_e1000_pca40_euclidean.pdf,OK,
10,300,40,cosine,0.19297924388884585,0.05716151876090525,3.8402991306562976e-73,99990,VIRGO_tsne_shepard_results/pdf/tsne_shepard _p10_e300_pca40_cosine.pdf,OK,
10,1000,40,cosine,0.19297924388884585,0.05075365244884148,4.939762689984739e-58,99990,VIRGO_tsne_shepard_results/pdf/tsne_shepard _p10_e1000_pca40_cosine.pdf,OK,
20,1000,40,manhattan,0.19297924388884585,0.04839140983158822,6.484163722936298e-53,99990,VIRGO_tsne_shepard_results/pdf/tsne_shepard _p20_e1000_pca40_manhattan.pdf,OK,
