perplexity,early_exaggeration,pca_components,metric,explained_variance,spearman_rho,p_value,n_pairs,pdf,status,error
100,300,40,euclidean,0.18691083958386828,0.8322596769564282,0.0,99986,merged_H3_V1_year_VIRGO_tsne_shepard_results/pdf/tsne_shepard _p100_e300_pca40_euclidean.pdf,OK,
100,100,40,euclidean,0.18691083958386828,0.8289247772258447,0.0,99986,merged_H3_V1_year_VIRGO_tsne_shepard_results/pdf/tsne_shepard _p100_e100_pca40_euclidean.pdf,OK,
90,300,40,euclidean,0.18691083958386828,0.8254304755394599,0.0,99986,merged_H3_V1_year_VIRGO_tsne_shepard_results/pdf/tsne_shepard _p90_e300_pca40_euclidean.pdf,OK,
90,100,40,euclidean,0.18691083958386828,0.8192309686253455,0.0,99986,merged_H3_V1_year_VIRGO_tsne_shepard_results/pdf/tsne_shepard _p90_e100_pca40_euclidean.pdf,OK,
80,300,40,euclidean,0.18691083958386828,0.8192134917478883,0.0,99986,merged_H3_V1_year_VIRGO_tsne_shepard_results/pdf/tsne_shepard _p80_e300_pca40_euclidean.pdf,OK,
60,300,40,euclidean,0.18691083958386828,0.8149241430821341,0.0,99986,merged_H3_V1_year_VIRGO_tsne_shepard_results/pdf/tsne_shepard _p60_e300_pca40_euclidean.pdf,OK,
50,300,40,euclidean,0.18691083958386828,0.814497956750498,0.0,99986,merged_H3_V1_year_VIRGO_tsne_shepard_results/pdf/tsne_shepard _p50_e300_pca40_euclidean.pdf,OK,
80,100,40,euclidean,0.18691083958386828,0.8060899983037442,0.0,99986,merged_H3_V1_year_VIRGO_tsne_shepard_results/pdf/tsne_shepard _p80_e100_pca40_euclidean.pdf,OK,
100,100,40,manhattan,0.18691083958386828,0.8039556538118008,0.0,99986,merged_H3_V1_year_VIRGO_tsne_shepard_results/pdf/tsne_shepard _p100_e100_pca40_manhattan.pdf,OK,
100,300,40,manhattan,0.18691083958386828,0.795644886154094,0.0,99986,merged_H3_V1_year_VIRGO_tsne_shepard_results/pdf/tsne_shepard _p100_e300_pca40_manhattan.pdf,OK,
90,100,40,manhattan,0.18691083958386828,0.7936605457930324,0.0,99986,merged_H3_V1_year_VIRGO_tsne_shepard_results/pdf/tsne_shepard _p90_e100_pca40_manhattan.pdf,OK,
100,100,40,cosine,0.35032461509954776,0.7918591632179055,0.0,99986,merged_H3_V1_year_VIRGO_tsne_shepard_results/pdf/tsne_shepard _p100_e100_pca40_cosine.pdf,OK,
10,10,40,manhattan,0.18691083958386828,0.7902002097397942,0.0,99986,merged_H3_V1_year_VIRGO_tsne_shepard_results/pdf/tsne_shepard _p10_e10_pca40_manhattan.pdf,OK,
90,300,40,manhattan,0.18691083958386828,0.7886526615633878,0.0,99986,merged_H3_V1_year_VIRGO_tsne_shepard_results/pdf/tsne_shepard _p90_e300_pca40_manhattan.pdf,OK,
10,12,40,manhattan,0.18691083958386828,0.7880998827889878,0.0,99986,merged_H3_V1_year_VIRGO_tsne_shepard_results/pdf/tsne_shepard _p10_e12_pca40_manhattan.pdf,OK,
70,100,40,euclidean,0.18691083958386828,0.7877108723934897,0.0,99986,merged_H3_V1_year_VIRGO_tsne_shepard_results/pdf/tsne_shepard _p70_e100_pca40_euclidean.pdf,OK,
20,10,40,euclidean,0.18691083958386828,0.7866462578382213,0.0,99986,merged_H3_V1_year_VIRGO_tsne_shepard_results/pdf/tsne_shepard _p20_e10_pca40_euclidean.pdf,OK,
20,300,40,euclidean,0.18691083958386828,0.7862910714716743,0.0,99986,merged_H3_V1_year_VIRGO_tsne_shepard_results/pdf/tsne_shepard _p20_e300_pca40_euclidean.pdf,OK,
10,10,40,euclidean,0.18691083958386828,0.7860699997466971,0.0,99986,merged_H3_V1_year_VIRGO_tsne_shepard_results/pdf/tsne_shepard _p10_e10_pca40_euclidean.pdf,OK,
10,12,40,euclidean,0.18691083958386828,0.7849847629320946,0.0,99986,merged_H3_V1_year_VIRGO_tsne_shepard_results/pdf/tsne_shepard _p10_e12_pca40_euclidean.pdf,OK,
10,14,40,manhattan,0.18691083958386828,0.7848872526206858,0.0,99986,merged_H3_V1_year_VIRGO_tsne_shepard_results/pdf/tsne_shepard _p10_e14_pca40_manhattan.pdf,OK,
10,14,40,euclidean,0.18691083958386828,0.7816393883869095,0.0,99986,merged_H3_V1_year_VIRGO_tsne_shepard_results/pdf/tsne_shepard _p10_e14_pca40_euclidean.pdf,OK,
70,300,40,manhattan,0.18691083958386828,0.7807378497486511,0.0,99986,merged_H3_V1_year_VIRGO_tsne_shepard_results/pdf/tsne_shepard _p70_e300_pca40_manhattan.pdf,OK,
80,100,40,manhattan,0.18691083958386828,0.7802456370691214,0.0,99986,merged_H3_V1_year_VIRGO_tsne_shepard_results/pdf/tsne_shepard _p80_e100_pca40_manhattan.pdf,OK,
70,300,40,euclidean,0.18691083958386828,0.779192047195649,0.0,99986,merged_H3_V1_year_VIRGO_tsne_shepard_results/pdf/tsne_shepard _p70_e300_pca40_euclidean.pdf,OK,
10,20,40,manhattan,0.18691083958386828,0.7790567537044,0.0,99986,merged_H3_V1_year_VIRGO_tsne_shepard_results/pdf/tsne_shepard _p10_e20_pca40_manhattan.pdf,OK,
10,20,40,euclidean,0.18691083958386828,0.7783452425204234,0.0,99986,merged_H3_V1_year_VIRGO_tsne_shepard_results/pdf/tsne_shepard _p10_e20_pca40_euclidean.pdf,OK,
100,10,40,cosine,0.35032461509954776,0.7775549643680123,0.0,99986,merged_H3_V1_year_VIRGO_tsne_shepard_results/pdf/tsne_shepard _p100_e10_pca40_cosine.pdf,OK,
100,12,40,cosine,0.35032461509954776,0.7764360416493187,0.0,99986,merged_H3_V1_year_VIRGO_tsne_shepard_results/pdf/tsne_shepard _p100_e12_pca40_cosine.pdf,OK,
100,14,40,cosine,0.35032461509954776,0.775137212939017,0.0,99986,merged_H3_V1_year_VIRGO_tsne_shepard_results/pdf/tsne_shepard _p100_e14_pca40_cosine.pdf,OK,
90,10,40,cosine,0.35032461509954776,0.7751016757638748,0.0,99986,merged_H3_V1_year_VIRGO_tsne_shepard_results/pdf/tsne_shepard _p90_e10_pca40_cosine.pdf,OK,
20,12,40,euclidean,0.18691083958386828,0.7739997333953609,0.0,99986,merged_H3_V1_year_VIRGO_tsne_shepard_results/pdf/tsne_shepard _p20_e12_pca40_euclidean.pdf,OK,
90,12,40,cosine,0.35032461509954776,0.7735239375166125,0.0,99986,merged_H3_V1_year_VIRGO_tsne_shepard_results/pdf/tsne_shepard _p90_e12_pca40_cosine.pdf,OK,
80,10,40,cosine,0.35032461509954776,0.7720301234409472,0.0,99986,merged_H3_V1_year_VIRGO_tsne_shepard_results/pdf/tsne_shepard _p80_e10_pca40_cosine.pdf,OK,
80,300,40,manhattan,0.18691083958386828,0.7718257468309856,0.0,99986,merged_H3_V1_year_VIRGO_tsne_shepard_results/pdf/tsne_shepard _p80_e300_pca40_manhattan.pdf,OK,
20,14,40,euclidean,0.18691083958386828,0.7705778446400101,0.0,99986,merged_H3_V1_year_VIRGO_tsne_shepard_results/pdf/tsne_shepard _p20_e14_pca40_euclidean.pdf,OK,
40,300,40,euclidean,0.18691083958386828,0.770215237762287,0.0,99986,merged_H3_V1_year_VIRGO_tsne_shepard_results/pdf/tsne_shepard _p40_e300_pca40_euclidean.pdf,OK,
60,100,40,cosine,0.43902228105585533,0.7693007885231636,0.0,99986,merged_H3_V1_year_VIRGO_tsne_shepard_results/pdf/tsne_shepard _p60_e100_pca40_cosine.pdf,OK,
90,14,40,cosine,0.35032461509954776,0.7692661840844907,0.0,99986,merged_H3_V1_year_VIRGO_tsne_shepard_results/pdf/tsne_shepard _p90_e14_pca40_cosine.pdf,OK,
80,12,40,cosine,0.35032461509954776,0.7690071739832368,0.0,99986,merged_H3_V1_year_VIRGO_tsne_shepard_results/pdf/tsne_shepard _p80_e12_pca40_cosine.pdf,OK,
100,10,40,euclidean,0.18691083958386828,0.7687276791306593,0.0,99986,merged_H3_V1_year_VIRGO_tsne_shepard_results/pdf/tsne_shepard _p100_e10_pca40_euclidean.pdf,OK,
60,100,40,euclidean,0.18691083958386828,0.7679952958085206,0.0,99986,merged_H3_V1_year_VIRGO_tsne_shepard_results/pdf/tsne_shepard _p60_e100_pca40_euclidean.pdf,OK,
70,10,40,cosine,0.35032461509954776,0.7675686477554039,0.0,99986,merged_H3_V1_year_VIRGO_tsne_shepard_results/pdf/tsne_shepard _p70_e10_pca40_cosine.pdf,OK,
60,300,40,manhattan,0.18691083958386828,0.7671156119903383,0.0,99986,merged_H3_V1_year_VIRGO_tsne_shepard_results/pdf/tsne_shepard _p60_e300_pca40_manhattan.pdf,OK,
10,100,40,euclidean,0.18691083958386828,0.7667998822951987,0.0,99986,merged_H3_V1_year_VIRGO_tsne_shepard_results/pdf/tsne_shepard _p10_e100_pca40_euclidean.pdf,OK,
70,12,40,cosine,0.35032461509954776,0.7659975789081951,0.0,99986,merged_H3_V1_year_VIRGO_tsne_shepard_results/pdf/tsne_shepard _p70_e12_pca40_cosine.pdf,OK,
10,100,40,manhattan,0.18691083958386828,0.7647495143730103,0.0,99986,merged_H3_V1_year_VIRGO_tsne_shepard_results/pdf/tsne_shepard _p10_e100_pca40_manhattan.pdf,OK,
90,10,40,euclidean,0.18691083958386828,0.7644245731233444,0.0,99986,merged_H3_V1_year_VIRGO_tsne_shepard_results/pdf/tsne_shepard _p90_e10_pca40_euclidean.pdf,OK,
100,20,40,cosine,0.35032461509954776,0.7636008976344404,0.0,99986,merged_H3_V1_year_VIRGO_tsne_shepard_results/pdf/tsne_shepard _p100_e20_pca40_cosine.pdf,OK,
100,12,40,euclidean,0.18691083958386828,0.7632457549328591,0.0,99986,merged_H3_V1_year_VIRGO_tsne_shepard_results/pdf/tsne_shepard _p100_e12_pca40_euclidean.pdf,OK,
80,14,40,cosine,0.35032461509954776,0.7629402341864594,0.0,99986,merged_H3_V1_year_VIRGO_tsne_shepard_results/pdf/tsne_shepard _p80_e14_pca40_cosine.pdf,OK,
50,300,40,manhattan,0.18691083958386828,0.7626691132360859,0.0,99986,merged_H3_V1_year_VIRGO_tsne_shepard_results/pdf/tsne_shepard _p50_e300_pca40_manhattan.pdf,OK,
100,100,40,cosine,0.43902228105585533,0.7626503658619993,0.0,99986,merged_H3_V1_year_VIRGO_tsne_shepard_results/pdf/tsne_shepard _p100_e100_pca40_cosine.pdf,OK,
20,20,40,euclidean,0.18691083958386828,0.7617388737799136,0.0,99986,merged_H3_V1_year_VIRGO_tsne_shepard_results/pdf/tsne_shepard _p20_e20_pca40_euclidean.pdf,OK,
90,100,40,cosine,0.43902228105585533,0.7614977186734136,0.0,99986,merged_H3_V1_year_VIRGO_tsne_shepard_results/pdf/tsne_shepard _p90_e100_pca40_cosine.pdf,OK,
90,20,40,cosine,0.35032461509954776,0.7612015507074976,0.0,99986,merged_H3_V1_year_VIRGO_tsne_shepard_results/pdf/tsne_shepard _p90_e20_pca40_cosine.pdf,OK,
70,100,40,manhattan,0.18691083958386828,0.7609448820581383,0.0,99986,merged_H3_V1_year_VIRGO_tsne_shepard_results/pdf/tsne_shepard _p70_e100_pca40_manhattan.pdf,OK,
70,14,40,cosine,0.35032461509954776,0.7609272886189056,0.0,99986,merged_H3_V1_year_VIRGO_tsne_shepard_results/pdf/tsne_shepard _p70_e14_pca40_cosine.pdf,OK,
80,100,40,cosine,0.35032461509954776,0.7605245400295054,0.0,99986,merged_H3_V1_year_VIRGO_tsne_shepard_results/pdf/tsne_shepard _p80_e100_pca40_cosine.pdf,OK,
80,10,40,euclidean,0.18691083958386828,0.7596196608503858,0.0,99986,merged_H3_V1_year_VIRGO_tsne_shepard_results/pdf/tsne_shepard _p80_e10_pca40_euclidean.pdf,OK,
60,10,40,cosine,0.35032461509954776,0.7594942381839007,0.0,99986,merged_H3_V1_year_VIRGO_tsne_shepard_results/pdf/tsne_shepard _p60_e10_pca40_cosine.pdf,OK,
90,12,40,euclidean,0.18691083958386828,0.7590871384144229,0.0,99986,merged_H3_V1_year_VIRGO_tsne_shepard_results/pdf/tsne_shepard _p90_e12_pca40_euclidean.pdf,OK,
100,14,40,euclidean,0.18691083958386828,0.7588806707395054,0.0,99986,merged_H3_V1_year_VIRGO_tsne_shepard_results/pdf/tsne_shepard _p100_e14_pca40_euclidean.pdf,OK,
20,10,40,manhattan,0.18691083958386828,0.7587017734375772,0.0,99986,merged_H3_V1_year_VIRGO_tsne_shepard_results/pdf/tsne_shepard _p20_e10_pca40_manhattan.pdf,OK,
80,100,40,cosine,0.43902228105585533,0.7583305655726482,0.0,99986,merged_H3_V1_year_VIRGO_tsne_shepard_results/pdf/tsne_shepard _p80_e100_pca40_cosine.pdf,OK,
50,100,40,cosine,0.35032461509954776,0.7578904764308104,0.0,99986,merged_H3_V1_year_VIRGO_tsne_shepard_results/pdf/tsne_shepard _p50_e100_pca40_cosine.pdf,OK,
60,100,40,cosine,0.35032461509954776,0.7578701490950449,0.0,99986,merged_H3_V1_year_VIRGO_tsne_shepard_results/pdf/tsne_shepard _p60_e100_pca40_cosine.pdf,OK,
60,12,40,cosine,0.35032461509954776,0.7559272599673399,0.0,99986,merged_H3_V1_year_VIRGO_tsne_shepard_results/pdf/tsne_shepard _p60_e12_pca40_cosine.pdf,OK,
50,10,40,cosine,0.35032461509954776,0.7558742455988212,0.0,99986,merged_H3_V1_year_VIRGO_tsne_shepard_results/pdf/tsne_shepard _p50_e10_pca40_cosine.pdf,OK,
80,20,40,cosine,0.35032461509954776,0.7549422859183913,0.0,99986,merged_H3_V1_year_VIRGO_tsne_shepard_results/pdf/tsne_shepard _p80_e20_pca40_cosine.pdf,OK,
90,20,40,cosine,0.5380560083809225,0.7545323687063787,0.0,99986,merged_H3_V1_year_VIRGO_tsne_shepard_results/pdf/tsne_shepard _p90_e20_pca40_cosine.pdf,OK,
70,10,40,euclidean,0.18691083958386828,0.7543313257257009,0.0,99986,merged_H3_V1_year_VIRGO_tsne_shepard_results/pdf/tsne_shepard _p70_e10_pca40_euclidean.pdf,OK,
90,100,40,cosine,0.35032461509954776,0.7532571212448729,0.0,99986,merged_H3_V1_year_VIRGO_tsne_shepard_results/pdf/tsne_shepard _p90_e100_pca40_cosine.pdf,OK,
100,20,40,cosine,0.5380560083809225,0.7532490369168287,0.0,99986,merged_H3_V1_year_VIRGO_tsne_shepard_results/pdf/tsne_shepard _p100_e20_pca40_cosine.pdf,OK,
90,14,40,euclidean,0.18691083958386828,0.7530154809994712,0.0,99986,merged_H3_V1_year_VIRGO_tsne_shepard_results/pdf/tsne_shepard _p90_e14_pca40_euclidean.pdf,OK,
80,12,40,euclidean,0.18691083958386828,0.7528684444777608,0.0,99986,merged_H3_V1_year_VIRGO_tsne_shepard_results/pdf/tsne_shepard _p80_e12_pca40_euclidean.pdf,OK,
60,14,40,cosine,0.35032461509954776,0.7524351417480025,0.0,99986,merged_H3_V1_year_VIRGO_tsne_shepard_results/pdf/tsne_shepard _p60_e14_pca40_cosine.pdf,OK,
70,20,40,cosine,0.35032461509954776,0.7510950896518637,0.0,99986,merged_H3_V1_year_VIRGO_tsne_shepard_results/pdf/tsne_shepard _p70_e20_pca40_cosine.pdf,OK,
20,12,40,manhattan,0.18691083958386828,0.7510039450253464,0.0,99986,merged_H3_V1_year_VIRGO_tsne_shepard_results/pdf/tsne_shepard _p20_e12_pca40_manhattan.pdf,OK,
50,100,40,euclidean,0.18691083958386828,0.7510033768465229,0.0,99986,merged_H3_V1_year_VIRGO_tsne_shepard_results/pdf/tsne_shepard _p50_e100_pca40_euclidean.pdf,OK,
100,10,40,cosine,0.43902228105585533,0.7505102340293662,0.0,99986,merged_H3_V1_year_VIRGO_tsne_shepard_results/pdf/tsne_shepard _p100_e10_pca40_cosine.pdf,OK,
80,10,40,cosine,0.18691083958386828,0.7498552217111691,0.0,99986,merged_H3_V1_year_VIRGO_tsne_shepard_results/pdf/tsne_shepard _p80_e10_pca40_cosine.pdf,OK,
100,20,40,cosine,0.43902228105585533,0.7497161444603045,0.0,99986,merged_H3_V1_year_VIRGO_tsne_shepard_results/pdf/tsne_shepard _p100_e20_pca40_cosine.pdf,OK,
30,10,40,euclidean,0.18691083958386828,0.7496186601017962,0.0,99986,merged_H3_V1_year_VIRGO_tsne_shepard_results/pdf/tsne_shepard _p30_e10_pca40_euclidean.pdf,OK,
20,100,40,euclidean,0.18691083958386828,0.7485578332028776,0.0,99986,merged_H3_V1_year_VIRGO_tsne_shepard_results/pdf/tsne_shepard _p20_e100_pca40_euclidean.pdf,OK,
50,12,40,cosine,0.35032461509954776,0.7485508083807535,0.0,99986,merged_H3_V1_year_VIRGO_tsne_shepard_results/pdf/tsne_shepard _p50_e12_pca40_cosine.pdf,OK,
40,10,40,cosine,0.35032461509954776,0.7484662650738427,0.0,99986,merged_H3_V1_year_VIRGO_tsne_shepard_results/pdf/tsne_shepard _p40_e10_pca40_cosine.pdf,OK,
80,14,40,euclidean,0.18691083958386828,0.74783440561921,0.0,99986,merged_H3_V1_year_VIRGO_tsne_shepard_results/pdf/tsne_shepard _p80_e14_pca40_euclidean.pdf,OK,
100,20,40,euclidean,0.18691083958386828,0.7476810394122261,0.0,99986,merged_H3_V1_year_VIRGO_tsne_shepard_results/pdf/tsne_shepard _p100_e20_pca40_euclidean.pdf,OK,
90,10,40,cosine,0.43902228105585533,0.7476474554133139,0.0,99986,merged_H3_V1_year_VIRGO_tsne_shepard_results/pdf/tsne_shepard _p90_e10_pca40_cosine.pdf,OK,
100,300,40,cosine,0.18691083958386828,0.7475874208120586,0.0,99986,merged_H3_V1_year_VIRGO_tsne_shepard_results/pdf/tsne_shepard _p100_e300_pca40_cosine.pdf,OK,
70,12,40,euclidean,0.18691083958386828,0.7475186343605135,0.0,99986,merged_H3_V1_year_VIRGO_tsne_shepard_results/pdf/tsne_shepard _p70_e12_pca40_euclidean.pdf,OK,
100,12,40,cosine,0.43902228105585533,0.746942922929134,0.0,99986,merged_H3_V1_year_VIRGO_tsne_shepard_results/pdf/tsne_shepard _p100_e12_pca40_cosine.pdf,OK,
40,12,40,cosine,0.35032461509954776,0.7467978960928787,0.0,99986,merged_H3_V1_year_VIRGO_tsne_shepard_results/pdf/tsne_shepard _p40_e12_pca40_cosine.pdf,OK,
20,14,40,manhattan,0.18691083958386828,0.7465267429735061,0.0,99986,merged_H3_V1_year_VIRGO_tsne_shepard_results/pdf/tsne_shepard _p20_e14_pca40_manhattan.pdf,OK,
70,100,40,cosine,0.35032461509954776,0.7462985715252167,0.0,99986,merged_H3_V1_year_VIRGO_tsne_shepard_results/pdf/tsne_shepard _p70_e100_pca40_cosine.pdf,OK,
90,12,40,cosine,0.43902228105585533,0.7462944050171538,0.0,99986,merged_H3_V1_year_VIRGO_tsne_shepard_results/pdf/tsne_shepard _p90_e12_pca40_cosine.pdf,OK,
30,300,40,euclidean,0.18691083958386828,0.7457922734928502,0.0,99986,merged_H3_V1_year_VIRGO_tsne_shepard_results/pdf/tsne_shepard _p30_e300_pca40_euclidean.pdf,OK,
50,14,40,cosine,0.35032461509954776,0.7452438966149303,0.0,99986,merged_H3_V1_year_VIRGO_tsne_shepard_results/pdf/tsne_shepard _p50_e14_pca40_cosine.pdf,OK,
100,14,40,cosine,0.43902228105585533,0.7451866737404527,0.0,99986,merged_H3_V1_year_VIRGO_tsne_shepard_results/pdf/tsne_shepard _p100_e14_pca40_cosine.pdf,OK,
40,100,40,cosine,0.35032461509954776,0.7450022173169734,0.0,99986,merged_H3_V1_year_VIRGO_tsne_shepard_results/pdf/tsne_shepard _p40_e100_pca40_cosine.pdf,OK,
30,10,40,cosine,0.35032461509954776,0.7440648126775644,0.0,99986,merged_H3_V1_year_VIRGO_tsne_shepard_results/pdf/tsne_shepard _p30_e10_pca40_cosine.pdf,OK,
100,10,40,cosine,0.18691083958386828,0.7438831620621509,0.0,99986,merged_H3_V1_year_VIRGO_tsne_shepard_results/pdf/tsne_shepard _p100_e10_pca40_cosine.pdf,OK,
80,10,40,cosine,0.43902228105585533,0.7438680724147376,0.0,99986,merged_H3_V1_year_VIRGO_tsne_shepard_results/pdf/tsne_shepard _p80_e10_pca40_cosine.pdf,OK,
60,10,40,euclidean,0.18691083958386828,0.743566300255329,0.0,99986,merged_H3_V1_year_VIRGO_tsne_shepard_results/pdf/tsne_shepard _p60_e10_pca40_euclidean.pdf,OK,
60,20,40,cosine,0.35032461509954776,0.7432508706737313,0.0,99986,merged_H3_V1_year_VIRGO_tsne_shepard_results/pdf/tsne_shepard _p60_e20_pca40_cosine.pdf,OK,
80,12,40,cosine,0.43902228105585533,0.7426821245855871,0.0,99986,merged_H3_V1_year_VIRGO_tsne_shepard_results/pdf/tsne_shepard _p80_e12_pca40_cosine.pdf,OK,
90,20,40,cosine,0.43902228105585533,0.7424425666586577,0.0,99986,merged_H3_V1_year_VIRGO_tsne_shepard_results/pdf/tsne_shepard _p90_e20_pca40_cosine.pdf,OK,
90,14,40,cosine,0.43902228105585533,0.7420769831324503,0.0,99986,merged_H3_V1_year_VIRGO_tsne_shepard_results/pdf/tsne_shepard _p90_e14_pca40_cosine.pdf,OK,
30,12,40,euclidean,0.18691083958386828,0.7420322207071977,0.0,99986,merged_H3_V1_year_VIRGO_tsne_shepard_results/pdf/tsne_shepard _p30_e12_pca40_euclidean.pdf,OK,
90,20,40,euclidean,0.18691083958386828,0.7415592077491788,0.0,99986,merged_H3_V1_year_VIRGO_tsne_shepard_results/pdf/tsne_shepard _p90_e20_pca40_euclidean.pdf,OK,
70,14,40,euclidean,0.18691083958386828,0.7414127210759492,0.0,99986,merged_H3_V1_year_VIRGO_tsne_shepard_results/pdf/tsne_shepard _p70_e14_pca40_euclidean.pdf,OK,
70,10,40,cosine,0.43902228105585533,0.7413888347473707,0.0,99986,merged_H3_V1_year_VIRGO_tsne_shepard_results/pdf/tsne_shepard _p70_e10_pca40_cosine.pdf,OK,
60,100,40,manhattan,0.18691083958386828,0.7412112158817147,0.0,99986,merged_H3_V1_year_VIRGO_tsne_shepard_results/pdf/tsne_shepard _p60_e100_pca40_manhattan.pdf,OK,
70,100,40,cosine,0.43902228105585533,0.740716679576116,0.0,99986,merged_H3_V1_year_VIRGO_tsne_shepard_results/pdf/tsne_shepard _p70_e100_pca40_cosine.pdf,OK,
40,14,40,cosine,0.35032461509954776,0.740604104340844,0.0,99986,merged_H3_V1_year_VIRGO_tsne_shepard_results/pdf/tsne_shepard _p40_e14_pca40_cosine.pdf,OK,
40,100,40,euclidean,0.18691083958386828,0.7402817785211416,0.0,99986,merged_H3_V1_year_VIRGO_tsne_shepard_results/pdf/tsne_shepard _p40_e100_pca40_euclidean.pdf,OK,
90,10,40,cosine,0.18691083958386828,0.7401312953785472,0.0,99986,merged_H3_V1_year_VIRGO_tsne_shepard_results/pdf/tsne_shepard _p90_e10_pca40_cosine.pdf,OK,
30,14,40,euclidean,0.18691083958386828,0.7392996779836559,0.0,99986,merged_H3_V1_year_VIRGO_tsne_shepard_results/pdf/tsne_shepard _p30_e14_pca40_euclidean.pdf,OK,
80,14,40,cosine,0.43902228105585533,0.7392766975886608,0.0,99986,merged_H3_V1_year_VIRGO_tsne_shepard_results/pdf/tsne_shepard _p80_e14_pca40_cosine.pdf,OK,
80,20,40,cosine,0.43902228105585533,0.73866679439334,0.0,99986,merged_H3_V1_year_VIRGO_tsne_shepard_results/pdf/tsne_shepard _p80_e20_pca40_cosine.pdf,OK,
70,12,40,cosine,0.43902228105585533,0.7385829552076008,0.0,99986,merged_H3_V1_year_VIRGO_tsne_shepard_results/pdf/tsne_shepard _p70_e12_pca40_cosine.pdf,OK,
50,10,40,euclidean,0.18691083958386828,0.7383592061721658,0.0,99986,merged_H3_V1_year_VIRGO_tsne_shepard_results/pdf/tsne_shepard _p50_e10_pca40_euclidean.pdf,OK,
80,20,40,cosine,0.5380560083809225,0.7382773160509627,0.0,99986,merged_H3_V1_year_VIRGO_tsne_shepard_results/pdf/tsne_shepard _p80_e20_pca40_cosine.pdf,OK,
60,12,40,euclidean,0.18691083958386828,0.7381819227717752,0.0,99986,merged_H3_V1_year_VIRGO_tsne_shepard_results/pdf/tsne_shepard _p60_e12_pca40_euclidean.pdf,OK,
20,20,40,manhattan,0.18691083958386828,0.7378666989156476,0.0,99986,merged_H3_V1_year_VIRGO_tsne_shepard_results/pdf/tsne_shepard _p20_e20_pca40_manhattan.pdf,OK,
30,300,40,manhattan,0.18691083958386828,0.7377580688915919,0.0,99986,merged_H3_V1_year_VIRGO_tsne_shepard_results/pdf/tsne_shepard _p30_e300_pca40_manhattan.pdf,OK,
100,10,40,manhattan,0.18691083958386828,0.7375665726730816,0.0,99986,merged_H3_V1_year_VIRGO_tsne_shepard_results/pdf/tsne_shepard _p100_e10_pca40_manhattan.pdf,OK,
30,100,40,euclidean,0.18691083958386828,0.7370353810690695,0.0,99986,merged_H3_V1_year_VIRGO_tsne_shepard_results/pdf/tsne_shepard _p30_e100_pca40_euclidean.pdf,OK,
80,300,40,cosine,0.18691083958386828,0.7370067128018319,0.0,99986,merged_H3_V1_year_VIRGO_tsne_shepard_results/pdf/tsne_shepard _p80_e300_pca40_cosine.pdf,OK,
80,20,40,euclidean,0.18691083958386828,0.7360349207212774,0.0,99986,merged_H3_V1_year_VIRGO_tsne_shepard_results/pdf/tsne_shepard _p80_e20_pca40_euclidean.pdf,OK,
50,10,40,cosine,0.43902228105585533,0.7358571391128774,0.0,99986,merged_H3_V1_year_VIRGO_tsne_shepard_results/pdf/tsne_shepard _p50_e10_pca40_cosine.pdf,OK,
70,14,40,cosine,0.43902228105585533,0.7355320849037827,0.0,99986,merged_H3_V1_year_VIRGO_tsne_shepard_results/pdf/tsne_shepard _p70_e14_pca40_cosine.pdf,OK,
50,20,40,cosine,0.35032461509954776,0.7352767949919029,0.0,99986,merged_H3_V1_year_VIRGO_tsne_shepard_results/pdf/tsne_shepard _p50_e20_pca40_cosine.pdf,OK,
30,20,40,euclidean,0.18691083958386828,0.734758191939647,0.0,99986,merged_H3_V1_year_VIRGO_tsne_shepard_results/pdf/tsne_shepard _p30_e20_pca40_euclidean.pdf,OK,
60,14,40,euclidean,0.18691083958386828,0.7347287800390567,0.0,99986,merged_H3_V1_year_VIRGO_tsne_shepard_results/pdf/tsne_shepard _p60_e14_pca40_euclidean.pdf,OK,
60,12,40,cosine,0.43902228105585533,0.734690285986389,0.0,99986,merged_H3_V1_year_VIRGO_tsne_shepard_results/pdf/tsne_shepard _p60_e12_pca40_cosine.pdf,OK,
50,12,40,euclidean,0.18691083958386828,0.734410157376933,0.0,99986,merged_H3_V1_year_VIRGO_tsne_shepard_results/pdf/tsne_shepard _p50_e12_pca40_euclidean.pdf,OK,
70,20,40,cosine,0.43902228105585533,0.7343192684746622,0.0,99986,merged_H3_V1_year_VIRGO_tsne_shepard_results/pdf/tsne_shepard _p70_e20_pca40_cosine.pdf,OK,
100,100,40,cosine,0.5380560083809225,0.7341536914492954,0.0,99986,merged_H3_V1_year_VIRGO_tsne_shepard_results/pdf/tsne_shepard _p100_e100_pca40_cosine.pdf,OK,
90,10,40,manhattan,0.18691083958386828,0.734000547124228,0.0,99986,merged_H3_V1_year_VIRGO_tsne_shepard_results/pdf/tsne_shepard _p90_e10_pca40_manhattan.pdf,OK,
60,10,40,cosine,0.43902228105585533,0.7339775834623257,0.0,99986,merged_H3_V1_year_VIRGO_tsne_shepard_results/pdf/tsne_shepard _p60_e10_pca40_cosine.pdf,OK,
100,10,40,cosine,0.5380560083809225,0.7332221373654896,0.0,99986,merged_H3_V1_year_VIRGO_tsne_shepard_results/pdf/tsne_shepard _p100_e10_pca40_cosine.pdf,OK,
30,12,40,cosine,0.35032461509954776,0.7329858826973864,0.0,99986,merged_H3_V1_year_VIRGO_tsne_shepard_results/pdf/tsne_shepard _p30_e12_pca40_cosine.pdf,OK,
90,100,40,cosine,0.5380560083809225,0.732576527097455,0.0,99986,merged_H3_V1_year_VIRGO_tsne_shepard_results/pdf/tsne_shepard _p90_e100_pca40_cosine.pdf,OK,
40,10,40,euclidean,0.18691083958386828,0.732564984528795,0.0,99986,merged_H3_V1_year_VIRGO_tsne_shepard_results/pdf/tsne_shepard _p40_e10_pca40_euclidean.pdf,OK,
100,14,40,cosine,0.5380560083809225,0.7324639871124269,0.0,99986,merged_H3_V1_year_VIRGO_tsne_shepard_results/pdf/tsne_shepard _p100_e14_pca40_cosine.pdf,OK,
100,12,40,cosine,0.5380560083809225,0.7322375509582368,0.0,99986,merged_H3_V1_year_VIRGO_tsne_shepard_results/pdf/tsne_shepard _p100_e12_pca40_cosine.pdf,OK,
90,12,40,cosine,0.5380560083809225,0.7322374277815519,0.0,99986,merged_H3_V1_year_VIRGO_tsne_shepard_results/pdf/tsne_shepard _p90_e12_pca40_cosine.pdf,OK,
60,14,40,cosine,0.43902228105585533,0.7319181741024718,0.0,99986,merged_H3_V1_year_VIRGO_tsne_shepard_results/pdf/tsne_shepard _p60_e14_pca40_cosine.pdf,OK,
70,20,40,euclidean,0.18691083958386828,0.731914640071081,0.0,99986,merged_H3_V1_year_VIRGO_tsne_shepard_results/pdf/tsne_shepard _p70_e20_pca40_euclidean.pdf,OK,
100,12,40,manhattan,0.18691083958386828,0.731837531251199,0.0,99986,merged_H3_V1_year_VIRGO_tsne_shepard_results/pdf/tsne_shepard _p100_e12_pca40_manhattan.pdf,OK,
50,14,40,euclidean,0.18691083958386828,0.731371234398439,0.0,99986,merged_H3_V1_year_VIRGO_tsne_shepard_results/pdf/tsne_shepard _p50_e14_pca40_euclidean.pdf,OK,
90,12,40,cosine,0.18691083958386828,0.73128658418684,0.0,99986,merged_H3_V1_year_VIRGO_tsne_shepard_results/pdf/tsne_shepard _p90_e12_pca40_cosine.pdf,OK,
90,14,40,cosine,0.5380560083809225,0.7304576378744009,0.0,99986,merged_H3_V1_year_VIRGO_tsne_shepard_results/pdf/tsne_shepard _p90_e14_pca40_cosine.pdf,OK,
20,12,40,cosine,0.35032461509954776,0.7302320847367488,0.0,99986,merged_H3_V1_year_VIRGO_tsne_shepard_results/pdf/tsne_shepard _p20_e12_pca40_cosine.pdf,OK,
50,12,40,cosine,0.43902228105585533,0.7298760299616063,0.0,99986,merged_H3_V1_year_VIRGO_tsne_shepard_results/pdf/tsne_shepard _p50_e12_pca40_cosine.pdf,OK,
90,10,40,cosine,0.5380560083809225,0.7296090824663221,0.0,99986,merged_H3_V1_year_VIRGO_tsne_shepard_results/pdf/tsne_shepard _p90_e10_pca40_cosine.pdf,OK,
30,14,40,cosine,0.35032461509954776,0.729566242134569,0.0,99986,merged_H3_V1_year_VIRGO_tsne_shepard_results/pdf/tsne_shepard _p30_e14_pca40_cosine.pdf,OK,
80,10,40,cosine,0.5380560083809225,0.7287206057993538,0.0,99986,merged_H3_V1_year_VIRGO_tsne_shepard_results/pdf/tsne_shepard _p80_e10_pca40_cosine.pdf,OK,
100,12,40,cosine,0.18691083958386828,0.7286361807837275,0.0,99986,merged_H3_V1_year_VIRGO_tsne_shepard_results/pdf/tsne_shepard _p100_e12_pca40_cosine.pdf,OK,
20,300,40,manhattan,0.18691083958386828,0.7286168648169412,0.0,99986,merged_H3_V1_year_VIRGO_tsne_shepard_results/pdf/tsne_shepard _p20_e300_pca40_manhattan.pdf,OK,
80,10,40,manhattan,0.18691083958386828,0.7283061645279032,0.0,99986,merged_H3_V1_year_VIRGO_tsne_shepard_results/pdf/tsne_shepard _p80_e10_pca40_manhattan.pdf,OK,
70,10,40,cosine,0.18691083958386828,0.727904520940465,0.0,99986,merged_H3_V1_year_VIRGO_tsne_shepard_results/pdf/tsne_shepard _p70_e10_pca40_cosine.pdf,OK,
40,20,40,cosine,0.35032461509954776,0.7275334339853567,0.0,99986,merged_H3_V1_year_VIRGO_tsne_shepard_results/pdf/tsne_shepard _p40_e20_pca40_cosine.pdf,OK,
40,300,40,manhattan,0.18691083958386828,0.7271464492701737,0.0,99986,merged_H3_V1_year_VIRGO_tsne_shepard_results/pdf/tsne_shepard _p40_e300_pca40_manhattan.pdf,OK,
90,12,40,manhattan,0.18691083958386828,0.7270567701296744,0.0,99986,merged_H3_V1_year_VIRGO_tsne_shepard_results/pdf/tsne_shepard _p90_e12_pca40_manhattan.pdf,OK,
100,14,40,manhattan,0.18691083958386828,0.7265767554399347,0.0,99986,merged_H3_V1_year_VIRGO_tsne_shepard_results/pdf/tsne_shepard _p100_e14_pca40_manhattan.pdf,OK,
40,12,40,euclidean,0.18691083958386828,0.7264375100985803,0.0,99986,merged_H3_V1_year_VIRGO_tsne_shepard_results/pdf/tsne_shepard _p40_e12_pca40_euclidean.pdf,OK,
60,20,40,euclidean,0.18691083958386828,0.7253518009228163,0.0,99986,merged_H3_V1_year_VIRGO_tsne_shepard_results/pdf/tsne_shepard _p60_e20_pca40_euclidean.pdf,OK,
50,100,40,manhattan,0.18691083958386828,0.725078634919884,0.0,99986,merged_H3_V1_year_VIRGO_tsne_shepard_results/pdf/tsne_shepard _p50_e100_pca40_manhattan.pdf,OK,
70,10,40,cosine,0.5380560083809225,0.725064723293424,0.0,99986,merged_H3_V1_year_VIRGO_tsne_shepard_results/pdf/tsne_shepard _p70_e10_pca40_cosine.pdf,OK,
80,14,40,cosine,0.5380560083809225,0.7250477706746744,0.0,99986,merged_H3_V1_year_VIRGO_tsne_shepard_results/pdf/tsne_shepard _p80_e14_pca40_cosine.pdf,OK,
80,12,40,cosine,0.5380560083809225,0.7247557338004295,0.0,99986,merged_H3_V1_year_VIRGO_tsne_shepard_results/pdf/tsne_shepard _p80_e12_pca40_cosine.pdf,OK,
20,100,40,manhattan,0.18691083958386828,0.724441347369405,0.0,99986,merged_H3_V1_year_VIRGO_tsne_shepard_results/pdf/tsne_shepard _p20_e100_pca40_manhattan.pdf,OK,
50,14,40,cosine,0.43902228105585533,0.7244401079030566,0.0,99986,merged_H3_V1_year_VIRGO_tsne_shepard_results/pdf/tsne_shepard _p50_e14_pca40_cosine.pdf,OK,
30,20,40,cosine,0.35032461509954776,0.724279738263289,0.0,99986,merged_H3_V1_year_VIRGO_tsne_shepard_results/pdf/tsne_shepard _p30_e20_pca40_cosine.pdf,OK,
40,10,40,cosine,0.43902228105585533,0.7237322907694343,0.0,99986,merged_H3_V1_year_VIRGO_tsne_shepard_results/pdf/tsne_shepard _p40_e10_pca40_cosine.pdf,OK,
70,20,40,cosine,0.5380560083809225,0.7233301718734914,0.0,99986,merged_H3_V1_year_VIRGO_tsne_shepard_results/pdf/tsne_shepard _p70_e20_pca40_cosine.pdf,OK,
80,12,40,cosine,0.18691083958386828,0.723285061682599,0.0,99986,merged_H3_V1_year_VIRGO_tsne_shepard_results/pdf/tsne_shepard _p80_e12_pca40_cosine.pdf,OK,
50,20,40,euclidean,0.18691083958386828,0.7232247217452061,0.0,99986,merged_H3_V1_year_VIRGO_tsne_shepard_results/pdf/tsne_shepard _p50_e20_pca40_euclidean.pdf,OK,
80,100,40,cosine,0.5380560083809225,0.7224685308744768,0.0,99986,merged_H3_V1_year_VIRGO_tsne_shepard_results/pdf/tsne_shepard _p80_e100_pca40_cosine.pdf,OK,
40,14,40,euclidean,0.18691083958386828,0.7219753069350976,0.0,99986,merged_H3_V1_year_VIRGO_tsne_shepard_results/pdf/tsne_shepard _p40_e14_pca40_euclidean.pdf,OK,
70,100,40,cosine,0.5380560083809225,0.7216754560653647,0.0,99986,merged_H3_V1_year_VIRGO_tsne_shepard_results/pdf/tsne_shepard _p70_e100_pca40_cosine.pdf,OK,
70,12,40,cosine,0.5380560083809225,0.7215200201372587,0.0,99986,merged_H3_V1_year_VIRGO_tsne_shepard_results/pdf/tsne_shepard _p70_e12_pca40_cosine.pdf,OK,
70,10,40,manhattan,0.18691083958386828,0.7211042178671081,0.0,99986,merged_H3_V1_year_VIRGO_tsne_shepard_results/pdf/tsne_shepard _p70_e10_pca40_manhattan.pdf,OK,
80,12,40,manhattan,0.18691083958386828,0.7208534419892695,0.0,99986,merged_H3_V1_year_VIRGO_tsne_shepard_results/pdf/tsne_shepard _p80_e12_pca40_manhattan.pdf,OK,
60,20,40,cosine,0.43902228105585533,0.7207647576960361,0.0,99986,merged_H3_V1_year_VIRGO_tsne_shepard_results/pdf/tsne_shepard _p60_e20_pca40_cosine.pdf,OK,
90,14,40,manhattan,0.18691083958386828,0.7206089728887446,0.0,99986,merged_H3_V1_year_VIRGO_tsne_shepard_results/pdf/tsne_shepard _p90_e14_pca40_manhattan.pdf,OK,
40,12,40,cosine,0.43902228105585533,0.7205759614462848,0.0,99986,merged_H3_V1_year_VIRGO_tsne_shepard_results/pdf/tsne_shepard _p40_e12_pca40_cosine.pdf,OK,
30,10,40,manhattan,0.18691083958386828,0.7202312597330834,0.0,99986,merged_H3_V1_year_VIRGO_tsne_shepard_results/pdf/tsne_shepard _p30_e10_pca40_manhattan.pdf,OK,
40,20,40,euclidean,0.18691083958386828,0.7201883935146784,0.0,99986,merged_H3_V1_year_VIRGO_tsne_shepard_results/pdf/tsne_shepard _p40_e20_pca40_euclidean.pdf,OK,
70,14,40,cosine,0.5380560083809225,0.7197814855140566,0.0,99986,merged_H3_V1_year_VIRGO_tsne_shepard_results/pdf/tsne_shepard _p70_e14_pca40_cosine.pdf,OK,
50,100,40,cosine,0.43902228105585533,0.7195686007867989,0.0,99986,merged_H3_V1_year_VIRGO_tsne_shepard_results/pdf/tsne_shepard _p50_e100_pca40_cosine.pdf,OK,
40,14,40,cosine,0.43902228105585533,0.7195323802802016,0.0,99986,merged_H3_V1_year_VIRGO_tsne_shepard_results/pdf/tsne_shepard _p40_e14_pca40_cosine.pdf,OK,
60,10,40,cosine,0.5380560083809225,0.7181778411592842,0.0,99986,merged_H3_V1_year_VIRGO_tsne_shepard_results/pdf/tsne_shepard _p60_e10_pca40_cosine.pdf,OK,
60,100,40,cosine,0.5380560083809225,0.7180844502398424,0.0,99986,merged_H3_V1_year_VIRGO_tsne_shepard_results/pdf/tsne_shepard _p60_e100_pca40_cosine.pdf,OK,
20,14,40,cosine,0.35032461509954776,0.7178715491497937,0.0,99986,merged_H3_V1_year_VIRGO_tsne_shepard_results/pdf/tsne_shepard _p20_e14_pca40_cosine.pdf,OK,
60,12,40,cosine,0.5380560083809225,0.716387173938133,0.0,99986,merged_H3_V1_year_VIRGO_tsne_shepard_results/pdf/tsne_shepard _p60_e12_pca40_cosine.pdf,OK,
60,20,40,cosine,0.5380560083809225,0.7161598840028355,0.0,99986,merged_H3_V1_year_VIRGO_tsne_shepard_results/pdf/tsne_shepard _p60_e20_pca40_cosine.pdf,OK,
50,20,40,cosine,0.43902228105585533,0.7156741547440829,0.0,99986,merged_H3_V1_year_VIRGO_tsne_shepard_results/pdf/tsne_shepard _p50_e20_pca40_cosine.pdf,OK,
90,300,40,cosine,0.18691083958386828,0.7156065481862602,0.0,99986,merged_H3_V1_year_VIRGO_tsne_shepard_results/pdf/tsne_shepard _p90_e300_pca40_cosine.pdf,OK,
80,14,40,manhattan,0.18691083958386828,0.7155489221155763,0.0,99986,merged_H3_V1_year_VIRGO_tsne_shepard_results/pdf/tsne_shepard _p80_e14_pca40_manhattan.pdf,OK,
100,20,40,manhattan,0.18691083958386828,0.7153361897657484,0.0,99986,merged_H3_V1_year_VIRGO_tsne_shepard_results/pdf/tsne_shepard _p100_e20_pca40_manhattan.pdf,OK,
70,12,40,manhattan,0.18691083958386828,0.7152935723808254,0.0,99986,merged_H3_V1_year_VIRGO_tsne_shepard_results/pdf/tsne_shepard _p70_e12_pca40_manhattan.pdf,OK,
30,100,40,cosine,0.35032461509954776,0.7147779189280116,0.0,99986,merged_H3_V1_year_VIRGO_tsne_shepard_results/pdf/tsne_shepard _p30_e100_pca40_cosine.pdf,OK,
60,14,40,cosine,0.5380560083809225,0.7147216992919363,0.0,99986,merged_H3_V1_year_VIRGO_tsne_shepard_results/pdf/tsne_shepard _p60_e14_pca40_cosine.pdf,OK,
50,10,40,cosine,0.5380560083809225,0.7144708382226101,0.0,99986,merged_H3_V1_year_VIRGO_tsne_shepard_results/pdf/tsne_shepard _p50_e10_pca40_cosine.pdf,OK,
50,12,40,cosine,0.5380560083809225,0.7142022801250029,0.0,99986,merged_H3_V1_year_VIRGO_tsne_shepard_results/pdf/tsne_shepard _p50_e12_pca40_cosine.pdf,OK,
50,14,40,cosine,0.5380560083809225,0.7129173149528214,0.0,99986,merged_H3_V1_year_VIRGO_tsne_shepard_results/pdf/tsne_shepard _p50_e14_pca40_cosine.pdf,OK,
60,10,40,manhattan,0.18691083958386828,0.7124734950398282,0.0,99986,merged_H3_V1_year_VIRGO_tsne_shepard_results/pdf/tsne_shepard _p60_e10_pca40_manhattan.pdf,OK,
50,12,40,cosine,0.18691083958386828,0.7123731436113886,0.0,99986,merged_H3_V1_year_VIRGO_tsne_shepard_results/pdf/tsne_shepard _p50_e12_pca40_cosine.pdf,OK,
30,12,40,manhattan,0.18691083958386828,0.7122532144169255,0.0,99986,merged_H3_V1_year_VIRGO_tsne_shepard_results/pdf/tsne_shepard _p30_e12_pca40_manhattan.pdf,OK,
90,20,40,manhattan,0.18691083958386828,0.7109236380387376,0.0,99986,merged_H3_V1_year_VIRGO_tsne_shepard_results/pdf/tsne_shepard _p90_e20_pca40_manhattan.pdf,OK,
40,100,40,manhattan,0.18691083958386828,0.7101661112977194,0.0,99986,merged_H3_V1_year_VIRGO_tsne_shepard_results/pdf/tsne_shepard _p40_e100_pca40_manhattan.pdf,OK,
70,14,40,manhattan,0.18691083958386828,0.7095552469128525,0.0,99986,merged_H3_V1_year_VIRGO_tsne_shepard_results/pdf/tsne_shepard _p70_e14_pca40_manhattan.pdf,OK,
20,20,40,cosine,0.35032461509954776,0.7092317528824497,0.0,99986,merged_H3_V1_year_VIRGO_tsne_shepard_results/pdf/tsne_shepard _p20_e20_pca40_cosine.pdf,OK,
90,14,40,cosine,0.18691083958386828,0.70911107713501,0.0,99986,merged_H3_V1_year_VIRGO_tsne_shepard_results/pdf/tsne_shepard _p90_e14_pca40_cosine.pdf,OK,
30,10,40,cosine,0.43902228105585533,0.7089697263798177,0.0,99986,merged_H3_V1_year_VIRGO_tsne_shepard_results/pdf/tsne_shepard _p30_e10_pca40_cosine.pdf,OK,
60,12,40,manhattan,0.18691083958386828,0.7086665567634666,0.0,99986,merged_H3_V1_year_VIRGO_tsne_shepard_results/pdf/tsne_shepard _p60_e12_pca40_manhattan.pdf,OK,
20,100,40,cosine,0.35032461509954776,0.7078617834436294,0.0,99986,merged_H3_V1_year_VIRGO_tsne_shepard_results/pdf/tsne_shepard _p20_e100_pca40_cosine.pdf,OK,
30,12,40,cosine,0.43902228105585533,0.7077449449710982,0.0,99986,merged_H3_V1_year_VIRGO_tsne_shepard_results/pdf/tsne_shepard _p30_e12_pca40_cosine.pdf,OK,
30,14,40,manhattan,0.18691083958386828,0.7075967387982889,0.0,99986,merged_H3_V1_year_VIRGO_tsne_shepard_results/pdf/tsne_shepard _p30_e14_pca40_manhattan.pdf,OK,
40,20,40,cosine,0.43902228105585533,0.707540247458779,0.0,99986,merged_H3_V1_year_VIRGO_tsne_shepard_results/pdf/tsne_shepard _p40_e20_pca40_cosine.pdf,OK,
50,20,40,cosine,0.5380560083809225,0.7074014985688099,0.0,99986,merged_H3_V1_year_VIRGO_tsne_shepard_results/pdf/tsne_shepard _p50_e20_pca40_cosine.pdf,OK,
30,100,40,manhattan,0.18691083958386828,0.7072730492527687,0.0,99986,merged_H3_V1_year_VIRGO_tsne_shepard_results/pdf/tsne_shepard _p30_e100_pca40_manhattan.pdf,OK,
50,10,40,manhattan,0.18691083958386828,0.7072236046470105,0.0,99986,merged_H3_V1_year_VIRGO_tsne_shepard_results/pdf/tsne_shepard _p50_e10_pca40_manhattan.pdf,OK,
30,20,40,manhattan,0.18691083958386828,0.7063486911513842,0.0,99986,merged_H3_V1_year_VIRGO_tsne_shepard_results/pdf/tsne_shepard _p30_e20_pca40_manhattan.pdf,OK,
70,300,40,cosine,0.18691083958386828,0.7059801281554258,0.0,99986,merged_H3_V1_year_VIRGO_tsne_shepard_results/pdf/tsne_shepard _p70_e300_pca40_cosine.pdf,OK,
60,12,40,cosine,0.18691083958386828,0.7058970946280932,0.0,99986,merged_H3_V1_year_VIRGO_tsne_shepard_results/pdf/tsne_shepard _p60_e12_pca40_cosine.pdf,OK,
70,100,40,euclidean,0.35032461509954776,0.7057992458481831,0.0,99986,merged_H3_V1_year_VIRGO_tsne_shepard_results/pdf/tsne_shepard _p70_e100_pca40_euclidean.pdf,OK,
80,20,40,manhattan,0.18691083958386828,0.7055366875769142,0.0,99986,merged_H3_V1_year_VIRGO_tsne_shepard_results/pdf/tsne_shepard _p80_e20_pca40_manhattan.pdf,OK,
30,14,40,cosine,0.43902228105585533,0.7049410380639409,0.0,99986,merged_H3_V1_year_VIRGO_tsne_shepard_results/pdf/tsne_shepard _p30_e14_pca40_cosine.pdf,OK,
40,10,40,cosine,0.5380560083809225,0.7049305163117693,0.0,99986,merged_H3_V1_year_VIRGO_tsne_shepard_results/pdf/tsne_shepard _p40_e10_pca40_cosine.pdf,OK,
100,14,40,cosine,0.18691083958386828,0.7049228198211087,0.0,99986,merged_H3_V1_year_VIRGO_tsne_shepard_results/pdf/tsne_shepard _p100_e14_pca40_cosine.pdf,OK,
70,14,40,cosine,0.18691083958386828,0.7037428637280375,0.0,99986,merged_H3_V1_year_VIRGO_tsne_shepard_results/pdf/tsne_shepard _p70_e14_pca40_cosine.pdf,OK,
50,12,40,manhattan,0.18691083958386828,0.7034350303861975,0.0,99986,merged_H3_V1_year_VIRGO_tsne_shepard_results/pdf/tsne_shepard _p50_e12_pca40_manhattan.pdf,OK,
80,14,40,cosine,0.18691083958386828,0.7030075552975479,0.0,99986,merged_H3_V1_year_VIRGO_tsne_shepard_results/pdf/tsne_shepard _p80_e14_pca40_cosine.pdf,OK,
100,20,40,cosine,0.18691083958386828,0.7029977891253631,0.0,99986,merged_H3_V1_year_VIRGO_tsne_shepard_results/pdf/tsne_shepard _p100_e20_pca40_cosine.pdf,OK,
60,14,40,manhattan,0.18691083958386828,0.7029137701870152,0.0,99986,merged_H3_V1_year_VIRGO_tsne_shepard_results/pdf/tsne_shepard _p60_e14_pca40_manhattan.pdf,OK,
60,10,40,cosine,0.18691083958386828,0.7028306560020768,0.0,99986,merged_H3_V1_year_VIRGO_tsne_shepard_results/pdf/tsne_shepard _p60_e10_pca40_cosine.pdf,OK,
40,14,40,cosine,0.5380560083809225,0.7027154946279759,0.0,99986,merged_H3_V1_year_VIRGO_tsne_shepard_results/pdf/tsne_shepard _p40_e14_pca40_cosine.pdf,OK,
40,12,40,cosine,0.5380560083809225,0.7022495549186909,0.0,99986,merged_H3_V1_year_VIRGO_tsne_shepard_results/pdf/tsne_shepard _p40_e12_pca40_cosine.pdf,OK,
50,100,40,cosine,0.5380560083809225,0.7019641648534445,0.0,99986,merged_H3_V1_year_VIRGO_tsne_shepard_results/pdf/tsne_shepard _p50_e100_pca40_cosine.pdf,OK,
40,10,40,manhattan,0.18691083958386828,0.7018123205579192,0.0,99986,merged_H3_V1_year_VIRGO_tsne_shepard_results/pdf/tsne_shepard _p40_e10_pca40_manhattan.pdf,OK,
50,10,40,cosine,0.18691083958386828,0.7010531859839862,0.0,99986,merged_H3_V1_year_VIRGO_tsne_shepard_results/pdf/tsne_shepard _p50_e10_pca40_cosine.pdf,OK,
80,100,40,cosine,0.18691083958386828,0.7005416077212125,0.0,99986,merged_H3_V1_year_VIRGO_tsne_shepard_results/pdf/tsne_shepard _p80_e100_pca40_cosine.pdf,OK,
30,20,40,cosine,0.43902228105585533,0.7003782103748707,0.0,99986,merged_H3_V1_year_VIRGO_tsne_shepard_results/pdf/tsne_shepard _p30_e20_pca40_cosine.pdf,OK,
70,20,40,manhattan,0.18691083958386828,0.6992854807236941,0.0,99986,merged_H3_V1_year_VIRGO_tsne_shepard_results/pdf/tsne_shepard _p70_e20_pca40_manhattan.pdf,OK,
40,20,40,cosine,0.5380560083809225,0.6989380113254884,0.0,99986,merged_H3_V1_year_VIRGO_tsne_shepard_results/pdf/tsne_shepard _p40_e20_pca40_cosine.pdf,OK,
50,14,40,manhattan,0.18691083958386828,0.6983461099706102,0.0,99986,merged_H3_V1_year_VIRGO_tsne_shepard_results/pdf/tsne_shepard _p50_e14_pca40_manhattan.pdf,OK,
20,10,40,cosine,0.35032461509954776,0.6974191744631264,0.0,99986,merged_H3_V1_year_VIRGO_tsne_shepard_results/pdf/tsne_shepard _p20_e10_pca40_cosine.pdf,OK,
30,10,40,cosine,0.18691083958386828,0.6966300754939236,0.0,99986,merged_H3_V1_year_VIRGO_tsne_shepard_results/pdf/tsne_shepard _p30_e10_pca40_cosine.pdf,OK,
10,20,40,cosine,0.35032461509954776,0.6965580227654301,0.0,99986,merged_H3_V1_year_VIRGO_tsne_shepard_results/pdf/tsne_shepard _p10_e20_pca40_cosine.pdf,OK,
40,100,40,cosine,0.5380560083809225,0.6965245413501643,0.0,99986,merged_H3_V1_year_VIRGO_tsne_shepard_results/pdf/tsne_shepard _p40_e100_pca40_cosine.pdf,OK,
40,100,40,cosine,0.43902228105585533,0.6965145335971251,0.0,99986,merged_H3_V1_year_VIRGO_tsne_shepard_results/pdf/tsne_shepard _p40_e100_pca40_cosine.pdf,OK,
80,20,40,cosine,0.18691083958386828,0.6962089474544692,0.0,99986,merged_H3_V1_year_VIRGO_tsne_shepard_results/pdf/tsne_shepard _p80_e20_pca40_cosine.pdf,OK,
60,100,40,euclidean,0.35032461509954776,0.6960732558987183,0.0,99986,merged_H3_V1_year_VIRGO_tsne_shepard_results/pdf/tsne_shepard _p60_e100_pca40_euclidean.pdf,OK,
40,12,40,manhattan,0.18691083958386828,0.6953481661400325,0.0,99986,merged_H3_V1_year_VIRGO_tsne_shepard_results/pdf/tsne_shepard _p40_e12_pca40_manhattan.pdf,OK,
80,100,40,euclidean,0.35032461509954776,0.6951120519399534,0.0,99986,merged_H3_V1_year_VIRGO_tsne_shepard_results/pdf/tsne_shepard _p80_e100_pca40_euclidean.pdf,OK,
60,20,40,manhattan,0.18691083958386828,0.6949830921455783,0.0,99986,merged_H3_V1_year_VIRGO_tsne_shepard_results/pdf/tsne_shepard _p60_e20_pca40_manhattan.pdf,OK,
40,14,40,manhattan,0.18691083958386828,0.694964737127032,0.0,99986,merged_H3_V1_year_VIRGO_tsne_shepard_results/pdf/tsne_shepard _p40_e14_pca40_manhattan.pdf,OK,
30,10,40,cosine,0.5380560083809225,0.6944225790917631,0.0,99986,merged_H3_V1_year_VIRGO_tsne_shepard_results/pdf/tsne_shepard _p30_e10_pca40_cosine.pdf,OK,
100,100,40,euclidean,0.35032461509954776,0.6943210444363852,0.0,99986,merged_H3_V1_year_VIRGO_tsne_shepard_results/pdf/tsne_shepard _p100_e100_pca40_euclidean.pdf,OK,
30,12,40,cosine,0.5380560083809225,0.6932602259272206,0.0,99986,merged_H3_V1_year_VIRGO_tsne_shepard_results/pdf/tsne_shepard _p30_e12_pca40_cosine.pdf,OK,
70,12,40,cosine,0.18691083958386828,0.6930882647549229,0.0,99986,merged_H3_V1_year_VIRGO_tsne_shepard_results/pdf/tsne_shepard _p70_e12_pca40_cosine.pdf,OK,
50,20,40,manhattan,0.18691083958386828,0.6928045678007433,0.0,99986,merged_H3_V1_year_VIRGO_tsne_shepard_results/pdf/tsne_shepard _p50_e20_pca40_manhattan.pdf,OK,
90,20,40,cosine,0.18691083958386828,0.6924921125806246,0.0,99986,merged_H3_V1_year_VIRGO_tsne_shepard_results/pdf/tsne_shepard _p90_e20_pca40_cosine.pdf,OK,
30,14,40,cosine,0.18691083958386828,0.6920194249216645,0.0,99986,merged_H3_V1_year_VIRGO_tsne_shepard_results/pdf/tsne_shepard _p30_e14_pca40_cosine.pdf,OK,
30,100,40,euclidean,0.35032461509954776,0.6918868234879628,0.0,99986,merged_H3_V1_year_VIRGO_tsne_shepard_results/pdf/tsne_shepard _p30_e100_pca40_euclidean.pdf,OK,
30,14,40,cosine,0.5380560083809225,0.6913208760351988,0.0,99986,merged_H3_V1_year_VIRGO_tsne_shepard_results/pdf/tsne_shepard _p30_e14_pca40_cosine.pdf,OK,
60,300,40,cosine,0.18691083958386828,0.6912488214440365,0.0,99986,merged_H3_V1_year_VIRGO_tsne_shepard_results/pdf/tsne_shepard _p60_e300_pca40_cosine.pdf,OK,
40,10,40,cosine,0.18691083958386828,0.68965782333589,0.0,99986,merged_H3_V1_year_VIRGO_tsne_shepard_results/pdf/tsne_shepard _p40_e10_pca40_cosine.pdf,OK,
40,20,40,manhattan,0.18691083958386828,0.6892931388264464,0.0,99986,merged_H3_V1_year_VIRGO_tsne_shepard_results/pdf/tsne_shepard _p40_e20_pca40_manhattan.pdf,OK,
20,12,40,cosine,0.43902228105585533,0.6891739073118532,0.0,99986,merged_H3_V1_year_VIRGO_tsne_shepard_results/pdf/tsne_shepard _p20_e12_pca40_cosine.pdf,OK,
20,10,40,cosine,0.43902228105585533,0.6889612520646936,0.0,99986,merged_H3_V1_year_VIRGO_tsne_shepard_results/pdf/tsne_shepard _p20_e10_pca40_cosine.pdf,OK,
100,1000,40,cosine,0.35032461509954776,0.6882443401047252,0.0,99986,merged_H3_V1_year_VIRGO_tsne_shepard_results/pdf/tsne_shepard _p100_e1000_pca40_cosine.pdf,OK,
20,14,40,cosine,0.43902228105585533,0.6881741391760153,0.0,99986,merged_H3_V1_year_VIRGO_tsne_shepard_results/pdf/tsne_shepard _p20_e14_pca40_cosine.pdf,OK,
30,12,40,cosine,0.18691083958386828,0.6877829816370098,0.0,99986,merged_H3_V1_year_VIRGO_tsne_shepard_results/pdf/tsne_shepard _p30_e12_pca40_cosine.pdf,OK,
30,20,40,cosine,0.5380560083809225,0.6872359687927077,0.0,99986,merged_H3_V1_year_VIRGO_tsne_shepard_results/pdf/tsne_shepard _p30_e20_pca40_cosine.pdf,OK,
10,100,40,cosine,0.35032461509954776,0.6864268333713887,0.0,99986,merged_H3_V1_year_VIRGO_tsne_shepard_results/pdf/tsne_shepard _p10_e100_pca40_cosine.pdf,OK,
20,100,40,cosine,0.5380560083809225,0.6863580779105335,0.0,99986,merged_H3_V1_year_VIRGO_tsne_shepard_results/pdf/tsne_shepard _p20_e100_pca40_cosine.pdf,OK,
50,14,40,cosine,0.18691083958386828,0.6863030561808501,0.0,99986,merged_H3_V1_year_VIRGO_tsne_shepard_results/pdf/tsne_shepard _p50_e14_pca40_cosine.pdf,OK,
90,100,40,cosine,0.18691083958386828,0.6860549886274907,0.0,99986,merged_H3_V1_year_VIRGO_tsne_shepard_results/pdf/tsne_shepard _p90_e100_pca40_cosine.pdf,OK,
40,12,40,cosine,0.18691083958386828,0.6838282671718234,0.0,99986,merged_H3_V1_year_VIRGO_tsne_shepard_results/pdf/tsne_shepard _p40_e12_pca40_cosine.pdf,OK,
90,100,40,euclidean,0.35032461509954776,0.6834283241687371,0.0,99986,merged_H3_V1_year_VIRGO_tsne_shepard_results/pdf/tsne_shepard _p90_e100_pca40_euclidean.pdf,OK,
20,20,40,cosine,0.43902228105585533,0.6830091765857931,0.0,99986,merged_H3_V1_year_VIRGO_tsne_shepard_results/pdf/tsne_shepard _p20_e20_pca40_cosine.pdf,OK,
60,20,40,cosine,0.18691083958386828,0.6800132952135606,0.0,99986,merged_H3_V1_year_VIRGO_tsne_shepard_results/pdf/tsne_shepard _p60_e20_pca40_cosine.pdf,OK,
100,100,40,cosine,0.18691083958386828,0.6797951195776331,0.0,99986,merged_H3_V1_year_VIRGO_tsne_shepard_results/pdf/tsne_shepard _p100_e100_pca40_cosine.pdf,OK,
30,100,40,cosine,0.43902228105585533,0.6793216109130689,0.0,99986,merged_H3_V1_year_VIRGO_tsne_shepard_results/pdf/tsne_shepard _p30_e100_pca40_cosine.pdf,OK,
30,100,40,cosine,0.5380560083809225,0.6788413530586765,0.0,99986,merged_H3_V1_year_VIRGO_tsne_shepard_results/pdf/tsne_shepard _p30_e100_pca40_cosine.pdf,OK,
70,20,40,cosine,0.18691083958386828,0.6786139133753287,0.0,99986,merged_H3_V1_year_VIRGO_tsne_shepard_results/pdf/tsne_shepard _p70_e20_pca40_cosine.pdf,OK,
60,14,40,cosine,0.18691083958386828,0.6784002502864699,0.0,99986,merged_H3_V1_year_VIRGO_tsne_shepard_results/pdf/tsne_shepard _p60_e14_pca40_cosine.pdf,OK,
50,20,40,cosine,0.18691083958386828,0.6780173580551676,0.0,99986,merged_H3_V1_year_VIRGO_tsne_shepard_results/pdf/tsne_shepard _p50_e20_pca40_cosine.pdf,OK,
80,1000,40,manhattan,0.18691083958386828,0.6768876301035409,0.0,99986,merged_H3_V1_year_VIRGO_tsne_shepard_results/pdf/tsne_shepard _p80_e1000_pca40_manhattan.pdf,OK,
40,100,40,euclidean,0.35032461509954776,0.6749254861059156,0.0,99986,merged_H3_V1_year_VIRGO_tsne_shepard_results/pdf/tsne_shepard _p40_e100_pca40_euclidean.pdf,OK,
20,100,40,euclidean,0.35032461509954776,0.6739109938489483,0.0,99986,merged_H3_V1_year_VIRGO_tsne_shepard_results/pdf/tsne_shepard _p20_e100_pca40_euclidean.pdf,OK,
20,10,40,cosine,0.5380560083809225,0.6736653399626864,0.0,99986,merged_H3_V1_year_VIRGO_tsne_shepard_results/pdf/tsne_shepard _p20_e10_pca40_cosine.pdf,OK,
30,300,40,cosine,0.18691083958386828,0.6735981522960712,0.0,99986,merged_H3_V1_year_VIRGO_tsne_shepard_results/pdf/tsne_shepard _p30_e300_pca40_cosine.pdf,OK,
30,20,40,cosine,0.18691083958386828,0.6722446899250788,0.0,99986,merged_H3_V1_year_VIRGO_tsne_shepard_results/pdf/tsne_shepard _p30_e20_pca40_cosine.pdf,OK,
20,12,40,cosine,0.5380560083809225,0.671672701214692,0.0,99986,merged_H3_V1_year_VIRGO_tsne_shepard_results/pdf/tsne_shepard _p20_e12_pca40_cosine.pdf,OK,
10,10,40,cosine,0.35032461509954776,0.6706393195114199,0.0,99986,merged_H3_V1_year_VIRGO_tsne_shepard_results/pdf/tsne_shepard _p10_e10_pca40_cosine.pdf,OK,
20,14,40,cosine,0.5380560083809225,0.6702071649047667,0.0,99986,merged_H3_V1_year_VIRGO_tsne_shepard_results/pdf/tsne_shepard _p20_e14_pca40_cosine.pdf,OK,
10,14,40,cosine,0.35032461509954776,0.6697209356184777,0.0,99986,merged_H3_V1_year_VIRGO_tsne_shepard_results/pdf/tsne_shepard _p10_e14_pca40_cosine.pdf,OK,
40,14,40,cosine,0.18691083958386828,0.6687955932330897,0.0,99986,merged_H3_V1_year_VIRGO_tsne_shepard_results/pdf/tsne_shepard _p40_e14_pca40_cosine.pdf,OK,
10,12,40,cosine,0.35032461509954776,0.6685267061113173,0.0,99986,merged_H3_V1_year_VIRGO_tsne_shepard_results/pdf/tsne_shepard _p10_e12_pca40_cosine.pdf,OK,
20,20,40,cosine,0.5380560083809225,0.6679049681066848,0.0,99986,merged_H3_V1_year_VIRGO_tsne_shepard_results/pdf/tsne_shepard _p20_e20_pca40_cosine.pdf,OK,
20,10,40,cosine,0.18691083958386828,0.6675748622662933,0.0,99986,merged_H3_V1_year_VIRGO_tsne_shepard_results/pdf/tsne_shepard _p20_e10_pca40_cosine.pdf,OK,
40,300,40,cosine,0.18691083958386828,0.6669610186044813,0.0,99986,merged_H3_V1_year_VIRGO_tsne_shepard_results/pdf/tsne_shepard _p40_e300_pca40_cosine.pdf,OK,
80,300,40,cosine,0.43902228105585533,0.664938267182195,0.0,99986,merged_H3_V1_year_VIRGO_tsne_shepard_results/pdf/tsne_shepard _p80_e300_pca40_cosine.pdf,OK,
70,300,40,cosine,0.35032461509954776,0.6639568271042265,0.0,99986,merged_H3_V1_year_VIRGO_tsne_shepard_results/pdf/tsne_shepard _p70_e300_pca40_cosine.pdf,OK,
50,100,40,cosine,0.18691083958386828,0.6639547436654364,0.0,99986,merged_H3_V1_year_VIRGO_tsne_shepard_results/pdf/tsne_shepard _p50_e100_pca40_cosine.pdf,OK,
40,20,40,cosine,0.18691083958386828,0.6629193301244014,0.0,99986,merged_H3_V1_year_VIRGO_tsne_shepard_results/pdf/tsne_shepard _p40_e20_pca40_cosine.pdf,OK,
70,100,40,cosine,0.18691083958386828,0.6618416084187531,0.0,99986,merged_H3_V1_year_VIRGO_tsne_shepard_results/pdf/tsne_shepard _p70_e100_pca40_cosine.pdf,OK,
50,300,40,cosine,0.18691083958386828,0.6609330232849346,0.0,99986,merged_H3_V1_year_VIRGO_tsne_shepard_results/pdf/tsne_shepard _p50_e300_pca40_cosine.pdf,OK,
60,100,40,cosine,0.18691083958386828,0.6605978638890744,0.0,99986,merged_H3_V1_year_VIRGO_tsne_shepard_results/pdf/tsne_shepard _p60_e100_pca40_cosine.pdf,OK,
20,12,40,cosine,0.18691083958386828,0.6602614773598492,0.0,99986,merged_H3_V1_year_VIRGO_tsne_shepard_results/pdf/tsne_shepard _p20_e12_pca40_cosine.pdf,OK,
30,100,40,cosine,0.18691083958386828,0.6583314820549575,0.0,99986,merged_H3_V1_year_VIRGO_tsne_shepard_results/pdf/tsne_shepard _p30_e100_pca40_cosine.pdf,OK,
20,100,40,cosine,0.43902228105585533,0.6581403832535542,0.0,99986,merged_H3_V1_year_VIRGO_tsne_shepard_results/pdf/tsne_shepard _p20_e100_pca40_cosine.pdf,OK,
40,100,40,cosine,0.18691083958386828,0.6569251468084134,0.0,99986,merged_H3_V1_year_VIRGO_tsne_shepard_results/pdf/tsne_shepard _p40_e100_pca40_cosine.pdf,OK,
20,14,40,cosine,0.18691083958386828,0.6544128456061663,0.0,99986,merged_H3_V1_year_VIRGO_tsne_shepard_results/pdf/tsne_shepard _p20_e14_pca40_cosine.pdf,OK,
20,100,40,cosine,0.18691083958386828,0.6543229504694733,0.0,99986,merged_H3_V1_year_VIRGO_tsne_shepard_results/pdf/tsne_shepard _p20_e100_pca40_cosine.pdf,OK,
10,14,40,cosine,0.43902228105585533,0.6537187712006545,0.0,99986,merged_H3_V1_year_VIRGO_tsne_shepard_results/pdf/tsne_shepard _p10_e14_pca40_cosine.pdf,OK,
100,300,40,cosine,0.43902228105585533,0.6536824165011355,0.0,99986,merged_H3_V1_year_VIRGO_tsne_shepard_results/pdf/tsne_shepard _p100_e300_pca40_cosine.pdf,OK,
10,12,40,cosine,0.43902228105585533,0.6531512286972773,0.0,99986,merged_H3_V1_year_VIRGO_tsne_shepard_results/pdf/tsne_shepard _p10_e12_pca40_cosine.pdf,OK,
10,20,40,cosine,0.43902228105585533,0.6525400728018326,0.0,99986,merged_H3_V1_year_VIRGO_tsne_shepard_results/pdf/tsne_shepard _p10_e20_pca40_cosine.pdf,OK,
50,100,40,euclidean,0.35032461509954776,0.6515037431438195,0.0,99986,merged_H3_V1_year_VIRGO_tsne_shepard_results/pdf/tsne_shepard _p50_e100_pca40_euclidean.pdf,OK,
10,10,40,cosine,0.43902228105585533,0.6512113088707506,0.0,99986,merged_H3_V1_year_VIRGO_tsne_shepard_results/pdf/tsne_shepard _p10_e10_pca40_cosine.pdf,OK,
10,100,40,cosine,0.18691083958386828,0.6505909412415188,0.0,99986,merged_H3_V1_year_VIRGO_tsne_shepard_results/pdf/tsne_shepard _p10_e100_pca40_cosine.pdf,OK,
70,300,40,cosine,0.43902228105585533,0.6503440147099553,0.0,99986,merged_H3_V1_year_VIRGO_tsne_shepard_results/pdf/tsne_shepard _p70_e300_pca40_cosine.pdf,OK,
20,20,40,cosine,0.18691083958386828,0.6503412385758213,0.0,99986,merged_H3_V1_year_VIRGO_tsne_shepard_results/pdf/tsne_shepard _p20_e20_pca40_cosine.pdf,OK,
50,300,40,cosine,0.43902228105585533,0.6488094011012012,0.0,99986,merged_H3_V1_year_VIRGO_tsne_shepard_results/pdf/tsne_shepard _p50_e300_pca40_cosine.pdf,OK,
10,100,40,euclidean,0.35032461509954776,0.6475491424617381,0.0,99986,merged_H3_V1_year_VIRGO_tsne_shepard_results/pdf/tsne_shepard _p10_e100_pca40_euclidean.pdf,OK,
10,20,40,cosine,0.18691083958386828,0.6450247004585494,0.0,99986,merged_H3_V1_year_VIRGO_tsne_shepard_results/pdf/tsne_shepard _p10_e20_pca40_cosine.pdf,OK,
10,14,40,cosine,0.18691083958386828,0.6439292797162492,0.0,99986,merged_H3_V1_year_VIRGO_tsne_shepard_results/pdf/tsne_shepard _p10_e14_pca40_cosine.pdf,OK,
10,10,40,cosine,0.18691083958386828,0.6424828956833452,0.0,99986,merged_H3_V1_year_VIRGO_tsne_shepard_results/pdf/tsne_shepard _p10_e10_pca40_cosine.pdf,OK,
10,12,40,cosine,0.18691083958386828,0.6423949282209613,0.0,99986,merged_H3_V1_year_VIRGO_tsne_shepard_results/pdf/tsne_shepard _p10_e12_pca40_cosine.pdf,OK,
20,300,40,cosine,0.18691083958386828,0.641852344364452,0.0,99986,merged_H3_V1_year_VIRGO_tsne_shepard_results/pdf/tsne_shepard _p20_e300_pca40_cosine.pdf,OK,
20,300,40,cosine,0.35032461509954776,0.637199380338815,0.0,99986,merged_H3_V1_year_VIRGO_tsne_shepard_results/pdf/tsne_shepard _p20_e300_pca40_cosine.pdf,OK,
20,14,40,euclidean,0.35032461509954776,0.6353433346102249,0.0,99986,merged_H3_V1_year_VIRGO_tsne_shepard_results/pdf/tsne_shepard _p20_e14_pca40_euclidean.pdf,OK,
10,14,40,cosine,0.5380560083809225,0.6348541053305159,0.0,99986,merged_H3_V1_year_VIRGO_tsne_shepard_results/pdf/tsne_shepard _p10_e14_pca40_cosine.pdf,OK,
20,12,40,euclidean,0.35032461509954776,0.6348268550004569,0.0,99986,merged_H3_V1_year_VIRGO_tsne_shepard_results/pdf/tsne_shepard _p20_e12_pca40_euclidean.pdf,OK,
30,10,40,euclidean,0.35032461509954776,0.6347639385550254,0.0,99986,merged_H3_V1_year_VIRGO_tsne_shepard_results/pdf/tsne_shepard _p30_e10_pca40_euclidean.pdf,OK,
80,300,40,cosine,0.35032461509954776,0.6344021069439375,0.0,99986,merged_H3_V1_year_VIRGO_tsne_shepard_results/pdf/tsne_shepard _p80_e300_pca40_cosine.pdf,OK,
10,10,40,cosine,0.5380560083809225,0.6343788674840033,0.0,99986,merged_H3_V1_year_VIRGO_tsne_shepard_results/pdf/tsne_shepard _p10_e10_pca40_cosine.pdf,OK,
10,12,40,cosine,0.5380560083809225,0.6343556454422017,0.0,99986,merged_H3_V1_year_VIRGO_tsne_shepard_results/pdf/tsne_shepard _p10_e12_pca40_cosine.pdf,OK,
100,300,40,cosine,0.5380560083809225,0.6340489389045728,0.0,99986,merged_H3_V1_year_VIRGO_tsne_shepard_results/pdf/tsne_shepard _p100_e300_pca40_cosine.pdf,OK,
10,20,40,cosine,0.5380560083809225,0.6337802159501368,0.0,99986,merged_H3_V1_year_VIRGO_tsne_shepard_results/pdf/tsne_shepard _p10_e20_pca40_cosine.pdf,OK,
60,10,40,euclidean,0.35032461509954776,0.630849903701171,0.0,99986,merged_H3_V1_year_VIRGO_tsne_shepard_results/pdf/tsne_shepard _p60_e10_pca40_euclidean.pdf,OK,
30,300,40,euclidean,0.35032461509954776,0.6302093689461399,0.0,99986,merged_H3_V1_year_VIRGO_tsne_shepard_results/pdf/tsne_shepard _p30_e300_pca40_euclidean.pdf,OK,
70,10,40,euclidean,0.35032461509954776,0.6279038070853405,0.0,99986,merged_H3_V1_year_VIRGO_tsne_shepard_results/pdf/tsne_shepard _p70_e10_pca40_euclidean.pdf,OK,
30,12,40,euclidean,0.35032461509954776,0.626846255675936,0.0,99986,merged_H3_V1_year_VIRGO_tsne_shepard_results/pdf/tsne_shepard _p30_e12_pca40_euclidean.pdf,OK,
80,1000,40,cosine,0.5380560083809225,0.6267401008653543,0.0,99986,merged_H3_V1_year_VIRGO_tsne_shepard_results/pdf/tsne_shepard _p80_e1000_pca40_cosine.pdf,OK,
40,10,40,euclidean,0.35032461509954776,0.6267326428854522,0.0,99986,merged_H3_V1_year_VIRGO_tsne_shepard_results/pdf/tsne_shepard _p40_e10_pca40_euclidean.pdf,OK,
30,14,40,euclidean,0.35032461509954776,0.6255218313099449,0.0,99986,merged_H3_V1_year_VIRGO_tsne_shepard_results/pdf/tsne_shepard _p30_e14_pca40_euclidean.pdf,OK,
50,10,40,euclidean,0.35032461509954776,0.6248234368165021,0.0,99986,merged_H3_V1_year_VIRGO_tsne_shepard_results/pdf/tsne_shepard _p50_e10_pca40_euclidean.pdf,OK,
10,20,40,euclidean,0.35032461509954776,0.6243149209340545,0.0,99986,merged_H3_V1_year_VIRGO_tsne_shepard_results/pdf/tsne_shepard _p10_e20_pca40_euclidean.pdf,OK,
10,100,40,cosine,0.43902228105585533,0.622317041970538,0.0,99986,merged_H3_V1_year_VIRGO_tsne_shepard_results/pdf/tsne_shepard _p10_e100_pca40_cosine.pdf,OK,
50,12,40,euclidean,0.35032461509954776,0.6220678410011127,0.0,99986,merged_H3_V1_year_VIRGO_tsne_shepard_results/pdf/tsne_shepard _p50_e12_pca40_euclidean.pdf,OK,
30,100,40,euclidean,0.43902228105585533,0.6214347173257446,0.0,99986,merged_H3_V1_year_VIRGO_tsne_shepard_results/pdf/tsne_shepard _p30_e100_pca40_euclidean.pdf,OK,
60,12,40,euclidean,0.35032461509954776,0.6206999633701327,0.0,99986,merged_H3_V1_year_VIRGO_tsne_shepard_results/pdf/tsne_shepard _p60_e12_pca40_euclidean.pdf,OK,
70,12,40,euclidean,0.35032461509954776,0.6202214196784304,0.0,99986,merged_H3_V1_year_VIRGO_tsne_shepard_results/pdf/tsne_shepard _p70_e12_pca40_euclidean.pdf,OK,
40,12,40,euclidean,0.35032461509954776,0.6168491273421213,0.0,99986,merged_H3_V1_year_VIRGO_tsne_shepard_results/pdf/tsne_shepard _p40_e12_pca40_euclidean.pdf,OK,
20,20,40,euclidean,0.35032461509954776,0.6152438378158681,0.0,99986,merged_H3_V1_year_VIRGO_tsne_shepard_results/pdf/tsne_shepard _p20_e20_pca40_euclidean.pdf,OK,
20,100,40,euclidean,0.43902228105585533,0.6142882203400757,0.0,99986,merged_H3_V1_year_VIRGO_tsne_shepard_results/pdf/tsne_shepard _p20_e100_pca40_euclidean.pdf,OK,
10,100,40,cosine,0.5380560083809225,0.6129966196663549,0.0,99986,merged_H3_V1_year_VIRGO_tsne_shepard_results/pdf/tsne_shepard _p10_e100_pca40_cosine.pdf,OK,
60,14,40,euclidean,0.35032461509954776,0.6118946856046992,0.0,99986,merged_H3_V1_year_VIRGO_tsne_shepard_results/pdf/tsne_shepard _p60_e14_pca40_euclidean.pdf,OK,
100,1000,40,cosine,0.43902228105585533,0.6118567218427404,0.0,99986,merged_H3_V1_year_VIRGO_tsne_shepard_results/pdf/tsne_shepard _p100_e1000_pca40_cosine.pdf,OK,
50,14,40,euclidean,0.35032461509954776,0.6112796831302085,0.0,99986,merged_H3_V1_year_VIRGO_tsne_shepard_results/pdf/tsne_shepard _p50_e14_pca40_euclidean.pdf,OK,
70,100,40,euclidean,0.43902228105585533,0.6102698812444766,0.0,99986,merged_H3_V1_year_VIRGO_tsne_shepard_results/pdf/tsne_shepard _p70_e100_pca40_euclidean.pdf,OK,
40,20,40,euclidean,0.35032461509954776,0.609035541954181,0.0,99986,merged_H3_V1_year_VIRGO_tsne_shepard_results/pdf/tsne_shepard _p40_e20_pca40_euclidean.pdf,OK,
50,20,40,euclidean,0.35032461509954776,0.6085409757045173,0.0,99986,merged_H3_V1_year_VIRGO_tsne_shepard_results/pdf/tsne_shepard _p50_e20_pca40_euclidean.pdf,OK,
60,20,40,euclidean,0.35032461509954776,0.6066160778775123,0.0,99986,merged_H3_V1_year_VIRGO_tsne_shepard_results/pdf/tsne_shepard _p60_e20_pca40_euclidean.pdf,OK,
100,20,40,euclidean,0.35032461509954776,0.6058090996337648,0.0,99986,merged_H3_V1_year_VIRGO_tsne_shepard_results/pdf/tsne_shepard _p100_e20_pca40_euclidean.pdf,OK,
40,14,40,euclidean,0.35032461509954776,0.605039101980941,0.0,99986,merged_H3_V1_year_VIRGO_tsne_shepard_results/pdf/tsne_shepard _p40_e14_pca40_euclidean.pdf,OK,
80,300,40,euclidean,0.35032461509954776,0.6038734554780218,0.0,99986,merged_H3_V1_year_VIRGO_tsne_shepard_results/pdf/tsne_shepard _p80_e300_pca40_euclidean.pdf,OK,
30,20,40,euclidean,0.35032461509954776,0.6033791728489172,0.0,99986,merged_H3_V1_year_VIRGO_tsne_shepard_results/pdf/tsne_shepard _p30_e20_pca40_euclidean.pdf,OK,
100,10,40,euclidean,0.35032461509954776,0.6020938295706879,0.0,99986,merged_H3_V1_year_VIRGO_tsne_shepard_results/pdf/tsne_shepard _p100_e10_pca40_euclidean.pdf,OK,
20,300,40,euclidean,0.35032461509954776,0.602017175813026,0.0,99986,merged_H3_V1_year_VIRGO_tsne_shepard_results/pdf/tsne_shepard _p20_e300_pca40_euclidean.pdf,OK,
100,12,40,euclidean,0.35032461509954776,0.6014365879149177,0.0,99986,merged_H3_V1_year_VIRGO_tsne_shepard_results/pdf/tsne_shepard _p100_e12_pca40_euclidean.pdf,OK,
90,10,40,euclidean,0.35032461509954776,0.6013755787503916,0.0,99986,merged_H3_V1_year_VIRGO_tsne_shepard_results/pdf/tsne_shepard _p90_e10_pca40_euclidean.pdf,OK,
30,100,40,manhattan,0.35032461509954776,0.6008486077348063,0.0,99986,merged_H3_V1_year_VIRGO_tsne_shepard_results/pdf/tsne_shepard _p30_e100_pca40_manhattan.pdf,OK,
100,14,40,euclidean,0.35032461509954776,0.6001205777249597,0.0,99986,merged_H3_V1_year_VIRGO_tsne_shepard_results/pdf/tsne_shepard _p100_e14_pca40_euclidean.pdf,OK,
80,12,40,euclidean,0.35032461509954776,0.5997766171100927,0.0,99986,merged_H3_V1_year_VIRGO_tsne_shepard_results/pdf/tsne_shepard _p80_e12_pca40_euclidean.pdf,OK,
90,20,40,euclidean,0.35032461509954776,0.5993898071052766,0.0,99986,merged_H3_V1_year_VIRGO_tsne_shepard_results/pdf/tsne_shepard _p90_e20_pca40_euclidean.pdf,OK,
80,10,40,euclidean,0.35032461509954776,0.5992389123911491,0.0,99986,merged_H3_V1_year_VIRGO_tsne_shepard_results/pdf/tsne_shepard _p80_e10_pca40_euclidean.pdf,OK,
70,20,40,euclidean,0.35032461509954776,0.5991963614976116,0.0,99986,merged_H3_V1_year_VIRGO_tsne_shepard_results/pdf/tsne_shepard _p70_e20_pca40_euclidean.pdf,OK,
90,12,40,euclidean,0.35032461509954776,0.5990772762983361,0.0,99986,merged_H3_V1_year_VIRGO_tsne_shepard_results/pdf/tsne_shepard _p90_e12_pca40_euclidean.pdf,OK,
100,300,40,euclidean,0.35032461509954776,0.5976956480163135,0.0,99986,merged_H3_V1_year_VIRGO_tsne_shepard_results/pdf/tsne_shepard _p100_e300_pca40_euclidean.pdf,OK,
90,14,40,euclidean,0.35032461509954776,0.5974195655881025,0.0,99986,merged_H3_V1_year_VIRGO_tsne_shepard_results/pdf/tsne_shepard _p90_e14_pca40_euclidean.pdf,OK,
80,14,40,euclidean,0.35032461509954776,0.5969944482905376,0.0,99986,merged_H3_V1_year_VIRGO_tsne_shepard_results/pdf/tsne_shepard _p80_e14_pca40_euclidean.pdf,OK,
70,14,40,euclidean,0.35032461509954776,0.595516366720682,0.0,99986,merged_H3_V1_year_VIRGO_tsne_shepard_results/pdf/tsne_shepard _p70_e14_pca40_euclidean.pdf,OK,
70,100,40,manhattan,0.35032461509954776,0.5947872194446101,0.0,99986,merged_H3_V1_year_VIRGO_tsne_shepard_results/pdf/tsne_shepard _p70_e100_pca40_manhattan.pdf,OK,
40,100,40,euclidean,0.43902228105585533,0.5936533880814832,0.0,99986,merged_H3_V1_year_VIRGO_tsne_shepard_results/pdf/tsne_shepard _p40_e100_pca40_euclidean.pdf,OK,
60,100,40,euclidean,0.43902228105585533,0.5915673529840231,0.0,99986,merged_H3_V1_year_VIRGO_tsne_shepard_results/pdf/tsne_shepard _p60_e100_pca40_euclidean.pdf,OK,
80,20,40,euclidean,0.43902228105585533,0.5906769728104839,0.0,99986,merged_H3_V1_year_VIRGO_tsne_shepard_results/pdf/tsne_shepard _p80_e20_pca40_euclidean.pdf,OK,
10,14,40,euclidean,0.35032461509954776,0.5887193162088986,0.0,99986,merged_H3_V1_year_VIRGO_tsne_shepard_results/pdf/tsne_shepard _p10_e14_pca40_euclidean.pdf,OK,
10,10,40,euclidean,0.35032461509954776,0.5877857339074692,0.0,99986,merged_H3_V1_year_VIRGO_tsne_shepard_results/pdf/tsne_shepard _p10_e10_pca40_euclidean.pdf,OK,
10,12,40,euclidean,0.35032461509954776,0.5871154683457096,0.0,99986,merged_H3_V1_year_VIRGO_tsne_shepard_results/pdf/tsne_shepard _p10_e12_pca40_euclidean.pdf,OK,
20,100,40,manhattan,0.35032461509954776,0.5866204197921558,0.0,99986,merged_H3_V1_year_VIRGO_tsne_shepard_results/pdf/tsne_shepard _p20_e100_pca40_manhattan.pdf,OK,
50,100,40,euclidean,0.43902228105585533,0.5862485093445219,0.0,99986,merged_H3_V1_year_VIRGO_tsne_shepard_results/pdf/tsne_shepard _p50_e100_pca40_euclidean.pdf,OK,
60,100,40,manhattan,0.35032461509954776,0.5858726991304418,0.0,99986,merged_H3_V1_year_VIRGO_tsne_shepard_results/pdf/tsne_shepard _p60_e100_pca40_manhattan.pdf,OK,
90,100,40,euclidean,0.43902228105585533,0.5856935426448624,0.0,99986,merged_H3_V1_year_VIRGO_tsne_shepard_results/pdf/tsne_shepard _p90_e100_pca40_euclidean.pdf,OK,
20,10,40,euclidean,0.35032461509954776,0.5843212704485905,0.0,99986,merged_H3_V1_year_VIRGO_tsne_shepard_results/pdf/tsne_shepard _p20_e10_pca40_euclidean.pdf,OK,
90,100,40,manhattan,0.35032461509954776,0.5837534227360005,0.0,99986,merged_H3_V1_year_VIRGO_tsne_shepard_results/pdf/tsne_shepard _p90_e100_pca40_manhattan.pdf,OK,
10,100,40,euclidean,0.43902228105585533,0.5828140605971823,0.0,99986,merged_H3_V1_year_VIRGO_tsne_shepard_results/pdf/tsne_shepard _p10_e100_pca40_euclidean.pdf,OK,
70,1000,40,euclidean,0.35032461509954776,0.5788830144454106,0.0,99986,merged_H3_V1_year_VIRGO_tsne_shepard_results/pdf/tsne_shepard _p70_e1000_pca40_euclidean.pdf,OK,
80,20,40,euclidean,0.35032461509954776,0.5779590186757245,0.0,99986,merged_H3_V1_year_VIRGO_tsne_shepard_results/pdf/tsne_shepard _p80_e20_pca40_euclidean.pdf,OK,
100,20,40,euclidean,0.43902228105585533,0.5771358865299842,0.0,99986,merged_H3_V1_year_VIRGO_tsne_shepard_results/pdf/tsne_shepard _p100_e20_pca40_euclidean.pdf,OK,
100,100,40,euclidean,0.43902228105585533,0.5763707202032609,0.0,99986,merged_H3_V1_year_VIRGO_tsne_shepard_results/pdf/tsne_shepard _p100_e100_pca40_euclidean.pdf,OK,
10,12,40,manhattan,0.35032461509954776,0.5751704319567121,0.0,99986,merged_H3_V1_year_VIRGO_tsne_shepard_results/pdf/tsne_shepard _p10_e12_pca40_manhattan.pdf,OK,
10,300,40,euclidean,0.35032461509954776,0.5746111342905398,0.0,99986,merged_H3_V1_year_VIRGO_tsne_shepard_results/pdf/tsne_shepard _p10_e300_pca40_euclidean.pdf,OK,
10,14,40,manhattan,0.35032461509954776,0.5730844870363956,0.0,99986,merged_H3_V1_year_VIRGO_tsne_shepard_results/pdf/tsne_shepard _p10_e14_pca40_manhattan.pdf,OK,
10,100,40,manhattan,0.35032461509954776,0.5728004551240468,0.0,99986,merged_H3_V1_year_VIRGO_tsne_shepard_results/pdf/tsne_shepard _p10_e100_pca40_manhattan.pdf,OK,
10,300,40,cosine,0.35032461509954776,0.5720863190100318,0.0,99986,merged_H3_V1_year_VIRGO_tsne_shepard_results/pdf/tsne_shepard _p10_e300_pca40_cosine.pdf,OK,
90,20,40,euclidean,0.43902228105585533,0.5709227318076262,0.0,99986,merged_H3_V1_year_VIRGO_tsne_shepard_results/pdf/tsne_shepard _p90_e20_pca40_euclidean.pdf,OK,
90,300,40,cosine,0.5380560083809225,0.5697685570249293,0.0,99986,merged_H3_V1_year_VIRGO_tsne_shepard_results/pdf/tsne_shepard _p90_e300_pca40_cosine.pdf,OK,
10,20,40,manhattan,0.35032461509954776,0.5671398904213715,0.0,99986,merged_H3_V1_year_VIRGO_tsne_shepard_results/pdf/tsne_shepard _p10_e20_pca40_manhattan.pdf,OK,
100,300,40,cosine,0.35032461509954776,0.5667842461233399,0.0,99986,merged_H3_V1_year_VIRGO_tsne_shepard_results/pdf/tsne_shepard _p100_e300_pca40_cosine.pdf,OK,
50,1000,40,euclidean,0.35032461509954776,0.564340790612799,0.0,99986,merged_H3_V1_year_VIRGO_tsne_shepard_results/pdf/tsne_shepard _p50_e1000_pca40_euclidean.pdf,OK,
100,20,40,manhattan,0.35032461509954776,0.5621494200390815,0.0,99986,merged_H3_V1_year_VIRGO_tsne_shepard_results/pdf/tsne_shepard _p100_e20_pca40_manhattan.pdf,OK,
20,12,40,manhattan,0.35032461509954776,0.5603218554983005,0.0,99986,merged_H3_V1_year_VIRGO_tsne_shepard_results/pdf/tsne_shepard _p20_e12_pca40_manhattan.pdf,OK,
10,300,40,euclidean,0.18691083958386828,0.559310985268926,0.0,99986,merged_H3_V1_year_VIRGO_tsne_shepard_results/pdf/tsne_shepard _p10_e300_pca40_euclidean.pdf,OK,
20,20,40,manhattan,0.35032461509954776,0.558845493509201,0.0,99986,merged_H3_V1_year_VIRGO_tsne_shepard_results/pdf/tsne_shepard _p20_e20_pca40_manhattan.pdf,OK,
60,300,40,cosine,0.43902228105585533,0.5587396526654759,0.0,99986,merged_H3_V1_year_VIRGO_tsne_shepard_results/pdf/tsne_shepard _p60_e300_pca40_cosine.pdf,OK,
80,100,40,manhattan,0.35032461509954776,0.5579752160365584,0.0,99986,merged_H3_V1_year_VIRGO_tsne_shepard_results/pdf/tsne_shepard _p80_e100_pca40_manhattan.pdf,OK,
90,20,40,manhattan,0.35032461509954776,0.5574836522443588,0.0,99986,merged_H3_V1_year_VIRGO_tsne_shepard_results/pdf/tsne_shepard _p90_e20_pca40_manhattan.pdf,OK,
20,10,40,manhattan,0.35032461509954776,0.5574391912323082,0.0,99986,merged_H3_V1_year_VIRGO_tsne_shepard_results/pdf/tsne_shepard _p20_e10_pca40_manhattan.pdf,OK,
80,1000,40,cosine,0.43902228105585533,0.5563373558277857,0.0,99986,merged_H3_V1_year_VIRGO_tsne_shepard_results/pdf/tsne_shepard _p80_e1000_pca40_cosine.pdf,OK,
20,14,40,manhattan,0.35032461509954776,0.5562267322672162,0.0,99986,merged_H3_V1_year_VIRGO_tsne_shepard_results/pdf/tsne_shepard _p20_e14_pca40_manhattan.pdf,OK,
10,12,40,euclidean,0.43902228105585533,0.5557461286732902,0.0,99986,merged_H3_V1_year_VIRGO_tsne_shepard_results/pdf/tsne_shepard _p10_e12_pca40_euclidean.pdf,OK,
30,20,40,manhattan,0.35032461509954776,0.5554322305033073,0.0,99986,merged_H3_V1_year_VIRGO_tsne_shepard_results/pdf/tsne_shepard _p30_e20_pca40_manhattan.pdf,OK,
100,300,40,manhattan,0.35032461509954776,0.5554109739520647,0.0,99986,merged_H3_V1_year_VIRGO_tsne_shepard_results/pdf/tsne_shepard _p100_e300_pca40_manhattan.pdf,OK,
40,10,40,manhattan,0.35032461509954776,0.5546454124164343,0.0,99986,merged_H3_V1_year_VIRGO_tsne_shepard_results/pdf/tsne_shepard _p40_e10_pca40_manhattan.pdf,OK,
50,10,40,manhattan,0.35032461509954776,0.5543796141459613,0.0,99986,merged_H3_V1_year_VIRGO_tsne_shepard_results/pdf/tsne_shepard _p50_e10_pca40_manhattan.pdf,OK,
80,100,40,euclidean,0.43902228105585533,0.553801982432971,0.0,99986,merged_H3_V1_year_VIRGO_tsne_shepard_results/pdf/tsne_shepard _p80_e100_pca40_euclidean.pdf,OK,
30,10,40,manhattan,0.35032461509954776,0.5535374134745429,0.0,99986,merged_H3_V1_year_VIRGO_tsne_shepard_results/pdf/tsne_shepard _p30_e10_pca40_manhattan.pdf,OK,
30,100,40,euclidean,0.5380560083809225,0.5534452465823207,0.0,99986,merged_H3_V1_year_VIRGO_tsne_shepard_results/pdf/tsne_shepard _p30_e100_pca40_euclidean.pdf,OK,
40,12,40,manhattan,0.35032461509954776,0.5522858631117721,0.0,99986,merged_H3_V1_year_VIRGO_tsne_shepard_results/pdf/tsne_shepard _p40_e12_pca40_manhattan.pdf,OK,
40,100,40,manhattan,0.35032461509954776,0.5519762735912564,0.0,99986,merged_H3_V1_year_VIRGO_tsne_shepard_results/pdf/tsne_shepard _p40_e100_pca40_manhattan.pdf,OK,
40,20,40,manhattan,0.35032461509954776,0.5516158258526634,0.0,99986,merged_H3_V1_year_VIRGO_tsne_shepard_results/pdf/tsne_shepard _p40_e20_pca40_manhattan.pdf,OK,
30,12,40,manhattan,0.35032461509954776,0.5514130376927793,0.0,99986,merged_H3_V1_year_VIRGO_tsne_shepard_results/pdf/tsne_shepard _p30_e12_pca40_manhattan.pdf,OK,
30,14,40,manhattan,0.35032461509954776,0.5511971322333159,0.0,99986,merged_H3_V1_year_VIRGO_tsne_shepard_results/pdf/tsne_shepard _p30_e14_pca40_manhattan.pdf,OK,
50,12,40,manhattan,0.35032461509954776,0.5508180054733072,0.0,99986,merged_H3_V1_year_VIRGO_tsne_shepard_results/pdf/tsne_shepard _p50_e12_pca40_manhattan.pdf,OK,
70,1000,40,cosine,0.5380560083809225,0.5508068124145782,0.0,99986,merged_H3_V1_year_VIRGO_tsne_shepard_results/pdf/tsne_shepard _p70_e1000_pca40_cosine.pdf,OK,
40,14,40,manhattan,0.35032461509954776,0.5503114642132836,0.0,99986,merged_H3_V1_year_VIRGO_tsne_shepard_results/pdf/tsne_shepard _p40_e14_pca40_manhattan.pdf,OK,
60,1000,40,manhattan,0.18691083958386828,0.5485915098337788,0.0,99986,merged_H3_V1_year_VIRGO_tsne_shepard_results/pdf/tsne_shepard _p60_e1000_pca40_manhattan.pdf,OK,
50,14,40,manhattan,0.35032461509954776,0.5456185920225172,0.0,99986,merged_H3_V1_year_VIRGO_tsne_shepard_results/pdf/tsne_shepard _p50_e14_pca40_manhattan.pdf,OK,
90,100,40,euclidean,0.5380560083809225,0.5453632114786412,0.0,99986,merged_H3_V1_year_VIRGO_tsne_shepard_results/pdf/tsne_shepard _p90_e100_pca40_euclidean.pdf,OK,
70,100,40,euclidean,0.5380560083809225,0.5450650730983202,0.0,99986,merged_H3_V1_year_VIRGO_tsne_shepard_results/pdf/tsne_shepard _p70_e100_pca40_euclidean.pdf,OK,
100,100,40,manhattan,0.35032461509954776,0.545037325786827,0.0,99986,merged_H3_V1_year_VIRGO_tsne_shepard_results/pdf/tsne_shepard _p100_e100_pca40_manhattan.pdf,OK,
50,300,40,euclidean,0.35032461509954776,0.5446387061433076,0.0,99986,merged_H3_V1_year_VIRGO_tsne_shepard_results/pdf/tsne_shepard _p50_e300_pca40_euclidean.pdf,OK,
100,1000,40,cosine,0.5380560083809225,0.5435957260655967,0.0,99986,merged_H3_V1_year_VIRGO_tsne_shepard_results/pdf/tsne_shepard _p100_e1000_pca40_cosine.pdf,OK,
50,300,40,cosine,0.5380560083809225,0.5397536043665649,0.0,99986,merged_H3_V1_year_VIRGO_tsne_shepard_results/pdf/tsne_shepard _p50_e300_pca40_cosine.pdf,OK,
40,100,40,euclidean,0.5380560083809225,0.5391033247915864,0.0,99986,merged_H3_V1_year_VIRGO_tsne_shepard_results/pdf/tsne_shepard _p40_e100_pca40_euclidean.pdf,OK,
50,100,40,manhattan,0.35032461509954776,0.5380907847426719,0.0,99986,merged_H3_V1_year_VIRGO_tsne_shepard_results/pdf/tsne_shepard _p50_e100_pca40_manhattan.pdf,OK,
10,100,40,euclidean,0.5380560083809225,0.5350800911180654,0.0,99986,merged_H3_V1_year_VIRGO_tsne_shepard_results/pdf/tsne_shepard _p10_e100_pca40_euclidean.pdf,OK,
80,20,40,manhattan,0.35032461509954776,0.5333191423708229,0.0,99986,merged_H3_V1_year_VIRGO_tsne_shepard_results/pdf/tsne_shepard _p80_e20_pca40_manhattan.pdf,OK,
80,100,40,euclidean,0.5380560083809225,0.5316285891488772,0.0,99986,merged_H3_V1_year_VIRGO_tsne_shepard_results/pdf/tsne_shepard _p80_e100_pca40_euclidean.pdf,OK,
70,300,40,cosine,0.5380560083809225,0.530780879542787,0.0,99986,merged_H3_V1_year_VIRGO_tsne_shepard_results/pdf/tsne_shepard _p70_e300_pca40_cosine.pdf,OK,
70,20,40,manhattan,0.35032461509954776,0.5305488506862773,0.0,99986,merged_H3_V1_year_VIRGO_tsne_shepard_results/pdf/tsne_shepard _p70_e20_pca40_manhattan.pdf,OK,
30,1000,40,euclidean,0.18691083958386828,0.5296860152660645,0.0,99986,merged_H3_V1_year_VIRGO_tsne_shepard_results/pdf/tsne_shepard _p30_e1000_pca40_euclidean.pdf,OK,
50,300,40,cosine,0.35032461509954776,0.5277735398841098,0.0,99986,merged_H3_V1_year_VIRGO_tsne_shepard_results/pdf/tsne_shepard _p50_e300_pca40_cosine.pdf,OK,
60,20,40,manhattan,0.35032461509954776,0.5275501928817837,0.0,99986,merged_H3_V1_year_VIRGO_tsne_shepard_results/pdf/tsne_shepard _p60_e20_pca40_manhattan.pdf,OK,
70,1000,40,cosine,0.43902228105585533,0.5275206555537963,0.0,99986,merged_H3_V1_year_VIRGO_tsne_shepard_results/pdf/tsne_shepard _p70_e1000_pca40_cosine.pdf,OK,
60,100,40,euclidean,0.5380560083809225,0.5271569012991301,0.0,99986,merged_H3_V1_year_VIRGO_tsne_shepard_results/pdf/tsne_shepard _p60_e100_pca40_euclidean.pdf,OK,
50,100,40,euclidean,0.5380560083809225,0.5261790766504802,0.0,99986,merged_H3_V1_year_VIRGO_tsne_shepard_results/pdf/tsne_shepard _p50_e100_pca40_euclidean.pdf,OK,
90,300,40,euclidean,0.35032461509954776,0.5259982806283799,0.0,99986,merged_H3_V1_year_VIRGO_tsne_shepard_results/pdf/tsne_shepard _p90_e300_pca40_euclidean.pdf,OK,
50,20,40,manhattan,0.35032461509954776,0.5258321746204324,0.0,99986,merged_H3_V1_year_VIRGO_tsne_shepard_results/pdf/tsne_shepard _p50_e20_pca40_manhattan.pdf,OK,
100,100,40,euclidean,0.5380560083809225,0.5248633998089708,0.0,99986,merged_H3_V1_year_VIRGO_tsne_shepard_results/pdf/tsne_shepard _p100_e100_pca40_euclidean.pdf,OK,
70,20,40,euclidean,0.43902228105585533,0.524701647027682,0.0,99986,merged_H3_V1_year_VIRGO_tsne_shepard_results/pdf/tsne_shepard _p70_e20_pca40_euclidean.pdf,OK,
60,10,40,manhattan,0.35032461509954776,0.522937992120024,0.0,99986,merged_H3_V1_year_VIRGO_tsne_shepard_results/pdf/tsne_shepard _p60_e10_pca40_manhattan.pdf,OK,
60,300,40,cosine,0.35032461509954776,0.5228366642792148,0.0,99986,merged_H3_V1_year_VIRGO_tsne_shepard_results/pdf/tsne_shepard _p60_e300_pca40_cosine.pdf,OK,
90,1000,40,euclidean,0.43902228105585533,0.5225610813767264,0.0,99986,merged_H3_V1_year_VIRGO_tsne_shepard_results/pdf/tsne_shepard _p90_e1000_pca40_euclidean.pdf,OK,
80,14,40,manhattan,0.35032461509954776,0.519432591765021,0.0,99986,merged_H3_V1_year_VIRGO_tsne_shepard_results/pdf/tsne_shepard _p80_e14_pca40_manhattan.pdf,OK,
90,14,40,manhattan,0.35032461509954776,0.5190947675421869,0.0,99986,merged_H3_V1_year_VIRGO_tsne_shepard_results/pdf/tsne_shepard _p90_e14_pca40_manhattan.pdf,OK,
100,14,40,manhattan,0.35032461509954776,0.5189682729180942,0.0,99986,merged_H3_V1_year_VIRGO_tsne_shepard_results/pdf/tsne_shepard _p100_e14_pca40_manhattan.pdf,OK,
40,300,40,cosine,0.43902228105585533,0.5185937810847983,0.0,99986,merged_H3_V1_year_VIRGO_tsne_shepard_results/pdf/tsne_shepard _p40_e300_pca40_cosine.pdf,OK,
100,12,40,manhattan,0.35032461509954776,0.5183912637906017,0.0,99986,merged_H3_V1_year_VIRGO_tsne_shepard_results/pdf/tsne_shepard _p100_e12_pca40_manhattan.pdf,OK,
90,12,40,manhattan,0.35032461509954776,0.5179118662305477,0.0,99986,merged_H3_V1_year_VIRGO_tsne_shepard_results/pdf/tsne_shepard _p90_e12_pca40_manhattan.pdf,OK,
80,12,40,manhattan,0.35032461509954776,0.5175373481360378,0.0,99986,merged_H3_V1_year_VIRGO_tsne_shepard_results/pdf/tsne_shepard _p80_e12_pca40_manhattan.pdf,OK,
70,14,40,manhattan,0.35032461509954776,0.5172203934925651,0.0,99986,merged_H3_V1_year_VIRGO_tsne_shepard_results/pdf/tsne_shepard _p70_e14_pca40_manhattan.pdf,OK,
90,300,40,manhattan,0.35032461509954776,0.5165327659598822,0.0,99986,merged_H3_V1_year_VIRGO_tsne_shepard_results/pdf/tsne_shepard _p90_e300_pca40_manhattan.pdf,OK,
70,10,40,manhattan,0.35032461509954776,0.5164334576639362,0.0,99986,merged_H3_V1_year_VIRGO_tsne_shepard_results/pdf/tsne_shepard _p70_e10_pca40_manhattan.pdf,OK,
80,10,40,manhattan,0.35032461509954776,0.5163668501572548,0.0,99986,merged_H3_V1_year_VIRGO_tsne_shepard_results/pdf/tsne_shepard _p80_e10_pca40_manhattan.pdf,OK,
100,20,40,euclidean,0.5380560083809225,0.5161135164753295,0.0,99986,merged_H3_V1_year_VIRGO_tsne_shepard_results/pdf/tsne_shepard _p100_e20_pca40_euclidean.pdf,OK,
70,12,40,manhattan,0.35032461509954776,0.5160896676740203,0.0,99986,merged_H3_V1_year_VIRGO_tsne_shepard_results/pdf/tsne_shepard _p70_e12_pca40_manhattan.pdf,OK,
60,12,40,manhattan,0.35032461509954776,0.515847418348541,0.0,99986,merged_H3_V1_year_VIRGO_tsne_shepard_results/pdf/tsne_shepard _p60_e12_pca40_manhattan.pdf,OK,
90,10,40,manhattan,0.35032461509954776,0.5157370300523224,0.0,99986,merged_H3_V1_year_VIRGO_tsne_shepard_results/pdf/tsne_shepard _p90_e10_pca40_manhattan.pdf,OK,
70,1000,40,cosine,0.35032461509954776,0.5152362188530302,0.0,99986,merged_H3_V1_year_VIRGO_tsne_shepard_results/pdf/tsne_shepard _p70_e1000_pca40_cosine.pdf,OK,
10,10,40,euclidean,0.43902228105585533,0.5150162876207606,0.0,99986,merged_H3_V1_year_VIRGO_tsne_shepard_results/pdf/tsne_shepard _p10_e10_pca40_euclidean.pdf,OK,
60,14,40,manhattan,0.35032461509954776,0.5146263459475611,0.0,99986,merged_H3_V1_year_VIRGO_tsne_shepard_results/pdf/tsne_shepard _p60_e14_pca40_manhattan.pdf,OK,
100,10,40,manhattan,0.35032461509954776,0.5145236454724231,0.0,99986,merged_H3_V1_year_VIRGO_tsne_shepard_results/pdf/tsne_shepard _p100_e10_pca40_manhattan.pdf,OK,
70,300,40,euclidean,0.43902228105585533,0.5135384096376393,0.0,99986,merged_H3_V1_year_VIRGO_tsne_shepard_results/pdf/tsne_shepard _p70_e300_pca40_euclidean.pdf,OK,
70,20,40,euclidean,0.5380560083809225,0.5123557717333003,0.0,99986,merged_H3_V1_year_VIRGO_tsne_shepard_results/pdf/tsne_shepard _p70_e20_pca40_euclidean.pdf,OK,
40,300,40,euclidean,0.35032461509954776,0.5123337549122723,0.0,99986,merged_H3_V1_year_VIRGO_tsne_shepard_results/pdf/tsne_shepard _p40_e300_pca40_euclidean.pdf,OK,
80,20,40,euclidean,0.5380560083809225,0.5111099551983419,0.0,99986,merged_H3_V1_year_VIRGO_tsne_shepard_results/pdf/tsne_shepard _p80_e20_pca40_euclidean.pdf,OK,
40,300,40,cosine,0.35032461509954776,0.5101738976731126,0.0,99986,merged_H3_V1_year_VIRGO_tsne_shepard_results/pdf/tsne_shepard _p40_e300_pca40_cosine.pdf,OK,
50,1000,40,cosine,0.5380560083809225,0.5087432332801637,0.0,99986,merged_H3_V1_year_VIRGO_tsne_shepard_results/pdf/tsne_shepard _p50_e1000_pca40_cosine.pdf,OK,
50,20,40,euclidean,0.43902228105585533,0.5085812426938368,0.0,99986,merged_H3_V1_year_VIRGO_tsne_shepard_results/pdf/tsne_shepard _p50_e20_pca40_euclidean.pdf,OK,
20,10,40,euclidean,0.43902228105585533,0.5080080373301553,0.0,99986,merged_H3_V1_year_VIRGO_tsne_shepard_results/pdf/tsne_shepard _p20_e10_pca40_euclidean.pdf,OK,
60,1000,40,cosine,0.43902228105585533,0.5071138990143165,0.0,99986,merged_H3_V1_year_VIRGO_tsne_shepard_results/pdf/tsne_shepard _p60_e1000_pca40_cosine.pdf,OK,
10,10,40,manhattan,0.35032461509954776,0.5068369436554903,0.0,99986,merged_H3_V1_year_VIRGO_tsne_shepard_results/pdf/tsne_shepard _p10_e10_pca40_manhattan.pdf,OK,
20,20,40,euclidean,0.43902228105585533,0.5068022788034023,0.0,99986,merged_H3_V1_year_VIRGO_tsne_shepard_results/pdf/tsne_shepard _p20_e20_pca40_euclidean.pdf,OK,
90,20,40,euclidean,0.5380560083809225,0.5064895107565635,0.0,99986,merged_H3_V1_year_VIRGO_tsne_shepard_results/pdf/tsne_shepard _p90_e20_pca40_euclidean.pdf,OK,
60,20,40,euclidean,0.5380560083809225,0.5061962623404072,0.0,99986,merged_H3_V1_year_VIRGO_tsne_shepard_results/pdf/tsne_shepard _p60_e20_pca40_euclidean.pdf,OK,
60,20,40,euclidean,0.43902228105585533,0.5056442104588348,0.0,99986,merged_H3_V1_year_VIRGO_tsne_shepard_results/pdf/tsne_shepard _p60_e20_pca40_euclidean.pdf,OK,
10,20,40,euclidean,0.43902228105585533,0.505495358686806,0.0,99986,merged_H3_V1_year_VIRGO_tsne_shepard_results/pdf/tsne_shepard _p10_e20_pca40_euclidean.pdf,OK,
20,100,40,manhattan,0.43902228105585533,0.5048777267116121,0.0,99986,merged_H3_V1_year_VIRGO_tsne_shepard_results/pdf/tsne_shepard _p20_e100_pca40_manhattan.pdf,OK,
60,14,40,euclidean,0.43902228105585533,0.5045954550182264,0.0,99986,merged_H3_V1_year_VIRGO_tsne_shepard_results/pdf/tsne_shepard _p60_e14_pca40_euclidean.pdf,OK,
100,1000,40,euclidean,0.35032461509954776,0.5042372598474671,0.0,99986,merged_H3_V1_year_VIRGO_tsne_shepard_results/pdf/tsne_shepard _p100_e1000_pca40_euclidean.pdf,OK,
60,12,40,euclidean,0.43902228105585533,0.5034728216956064,0.0,99986,merged_H3_V1_year_VIRGO_tsne_shepard_results/pdf/tsne_shepard _p60_e12_pca40_euclidean.pdf,OK,
100,14,40,euclidean,0.43902228105585533,0.5034612310128034,0.0,99986,merged_H3_V1_year_VIRGO_tsne_shepard_results/pdf/tsne_shepard _p100_e14_pca40_euclidean.pdf,OK,
30,10,40,euclidean,0.43902228105585533,0.503152450525576,0.0,99986,merged_H3_V1_year_VIRGO_tsne_shepard_results/pdf/tsne_shepard _p30_e10_pca40_euclidean.pdf,OK,
40,20,40,euclidean,0.43902228105585533,0.503135728747458,0.0,99986,merged_H3_V1_year_VIRGO_tsne_shepard_results/pdf/tsne_shepard _p40_e20_pca40_euclidean.pdf,OK,
30,12,40,euclidean,0.43902228105585533,0.5029516843499844,0.0,99986,merged_H3_V1_year_VIRGO_tsne_shepard_results/pdf/tsne_shepard _p30_e12_pca40_euclidean.pdf,OK,
30,20,40,euclidean,0.43902228105585533,0.5029122829926935,0.0,99986,merged_H3_V1_year_VIRGO_tsne_shepard_results/pdf/tsne_shepard _p30_e20_pca40_euclidean.pdf,OK,
40,10,40,euclidean,0.43902228105585533,0.5028291527357088,0.0,99986,merged_H3_V1_year_VIRGO_tsne_shepard_results/pdf/tsne_shepard _p40_e10_pca40_euclidean.pdf,OK,
40,12,40,euclidean,0.43902228105585533,0.5025278373493723,0.0,99986,merged_H3_V1_year_VIRGO_tsne_shepard_results/pdf/tsne_shepard _p40_e12_pca40_euclidean.pdf,OK,
20,100,40,euclidean,0.5380560083809225,0.502431375164021,0.0,99986,merged_H3_V1_year_VIRGO_tsne_shepard_results/pdf/tsne_shepard _p20_e100_pca40_euclidean.pdf,OK,
30,14,40,euclidean,0.43902228105585533,0.5023174503628921,0.0,99986,merged_H3_V1_year_VIRGO_tsne_shepard_results/pdf/tsne_shepard _p30_e14_pca40_euclidean.pdf,OK,
20,14,40,euclidean,0.43902228105585533,0.5022752285463413,0.0,99986,merged_H3_V1_year_VIRGO_tsne_shepard_results/pdf/tsne_shepard _p20_e14_pca40_euclidean.pdf,OK,
40,14,40,euclidean,0.43902228105585533,0.502085417788669,0.0,99986,merged_H3_V1_year_VIRGO_tsne_shepard_results/pdf/tsne_shepard _p40_e14_pca40_euclidean.pdf,OK,
20,12,40,euclidean,0.43902228105585533,0.5018520439963244,0.0,99986,merged_H3_V1_year_VIRGO_tsne_shepard_results/pdf/tsne_shepard _p20_e12_pca40_euclidean.pdf,OK,
50,10,40,euclidean,0.43902228105585533,0.5013147405087801,0.0,99986,merged_H3_V1_year_VIRGO_tsne_shepard_results/pdf/tsne_shepard _p50_e10_pca40_euclidean.pdf,OK,
50,14,40,euclidean,0.43902228105585533,0.5009539785357716,0.0,99986,merged_H3_V1_year_VIRGO_tsne_shepard_results/pdf/tsne_shepard _p50_e14_pca40_euclidean.pdf,OK,
50,12,40,euclidean,0.43902228105585533,0.5009082393185336,0.0,99986,merged_H3_V1_year_VIRGO_tsne_shepard_results/pdf/tsne_shepard _p50_e12_pca40_euclidean.pdf,OK,
90,14,40,euclidean,0.43902228105585533,0.5005623942703489,0.0,99986,merged_H3_V1_year_VIRGO_tsne_shepard_results/pdf/tsne_shepard _p90_e14_pca40_euclidean.pdf,OK,
10,14,40,euclidean,0.43902228105585533,0.5000898216275029,0.0,99986,merged_H3_V1_year_VIRGO_tsne_shepard_results/pdf/tsne_shepard _p10_e14_pca40_euclidean.pdf,OK,
100,12,40,euclidean,0.43902228105585533,0.4997600390205419,0.0,99986,merged_H3_V1_year_VIRGO_tsne_shepard_results/pdf/tsne_shepard _p100_e12_pca40_euclidean.pdf,OK,
100,10,40,euclidean,0.43902228105585533,0.49824826211035744,0.0,99986,merged_H3_V1_year_VIRGO_tsne_shepard_results/pdf/tsne_shepard _p100_e10_pca40_euclidean.pdf,OK,
90,12,40,euclidean,0.43902228105585533,0.4958389049664596,0.0,99986,merged_H3_V1_year_VIRGO_tsne_shepard_results/pdf/tsne_shepard _p90_e12_pca40_euclidean.pdf,OK,
40,100,40,manhattan,0.43902228105585533,0.49473303897567367,0.0,99986,merged_H3_V1_year_VIRGO_tsne_shepard_results/pdf/tsne_shepard _p40_e100_pca40_manhattan.pdf,OK,
90,10,40,euclidean,0.43902228105585533,0.4941286162499424,0.0,99986,merged_H3_V1_year_VIRGO_tsne_shepard_results/pdf/tsne_shepard _p90_e10_pca40_euclidean.pdf,OK,
80,14,40,euclidean,0.43902228105585533,0.49380099135531846,0.0,99986,merged_H3_V1_year_VIRGO_tsne_shepard_results/pdf/tsne_shepard _p80_e14_pca40_euclidean.pdf,OK,
70,10,40,euclidean,0.43902228105585533,0.4921317063256843,0.0,99986,merged_H3_V1_year_VIRGO_tsne_shepard_results/pdf/tsne_shepard _p70_e10_pca40_euclidean.pdf,OK,
80,12,40,euclidean,0.43902228105585533,0.4905163750775272,0.0,99986,merged_H3_V1_year_VIRGO_tsne_shepard_results/pdf/tsne_shepard _p80_e12_pca40_euclidean.pdf,OK,
60,10,40,euclidean,0.43902228105585533,0.49005357686390855,0.0,99986,merged_H3_V1_year_VIRGO_tsne_shepard_results/pdf/tsne_shepard _p60_e10_pca40_euclidean.pdf,OK,
80,10,40,euclidean,0.43902228105585533,0.4899491811419608,0.0,99986,merged_H3_V1_year_VIRGO_tsne_shepard_results/pdf/tsne_shepard _p80_e10_pca40_euclidean.pdf,OK,
80,300,40,manhattan,0.35032461509954776,0.48786834996342576,0.0,99986,merged_H3_V1_year_VIRGO_tsne_shepard_results/pdf/tsne_shepard _p80_e300_pca40_manhattan.pdf,OK,
70,14,40,euclidean,0.43902228105585533,0.4875345462630442,0.0,99986,merged_H3_V1_year_VIRGO_tsne_shepard_results/pdf/tsne_shepard _p70_e14_pca40_euclidean.pdf,OK,
70,12,40,euclidean,0.43902228105585533,0.48595367647384274,0.0,99986,merged_H3_V1_year_VIRGO_tsne_shepard_results/pdf/tsne_shepard _p70_e12_pca40_euclidean.pdf,OK,
60,300,40,manhattan,0.35032461509954776,0.48364500397381577,0.0,99986,merged_H3_V1_year_VIRGO_tsne_shepard_results/pdf/tsne_shepard _p60_e300_pca40_manhattan.pdf,OK,
10,300,40,cosine,0.43902228105585533,0.48298397567339446,0.0,99986,merged_H3_V1_year_VIRGO_tsne_shepard_results/pdf/tsne_shepard _p10_e300_pca40_cosine.pdf,OK,
80,300,40,euclidean,0.43902228105585533,0.4812239532306061,0.0,99986,merged_H3_V1_year_VIRGO_tsne_shepard_results/pdf/tsne_shepard _p80_e300_pca40_euclidean.pdf,OK,
30,1000,40,manhattan,0.35032461509954776,0.4786369339761248,0.0,99986,merged_H3_V1_year_VIRGO_tsne_shepard_results/pdf/tsne_shepard _p30_e1000_pca40_manhattan.pdf,OK,
100,1000,40,manhattan,0.35032461509954776,0.47766338328283964,0.0,99986,merged_H3_V1_year_VIRGO_tsne_shepard_results/pdf/tsne_shepard _p100_e1000_pca40_manhattan.pdf,OK,
20,300,40,manhattan,0.43902228105585533,0.4754231487460945,0.0,99986,merged_H3_V1_year_VIRGO_tsne_shepard_results/pdf/tsne_shepard _p20_e300_pca40_manhattan.pdf,OK,
30,1000,40,euclidean,0.43902228105585533,0.474952410377101,0.0,99986,merged_H3_V1_year_VIRGO_tsne_shepard_results/pdf/tsne_shepard _p30_e1000_pca40_euclidean.pdf,OK,
20,300,40,euclidean,0.43902228105585533,0.4747923022627425,0.0,99986,merged_H3_V1_year_VIRGO_tsne_shepard_results/pdf/tsne_shepard _p20_e300_pca40_euclidean.pdf,OK,
100,300,40,euclidean,0.43902228105585533,0.4726760558252183,0.0,99986,merged_H3_V1_year_VIRGO_tsne_shepard_results/pdf/tsne_shepard _p100_e300_pca40_euclidean.pdf,OK,
10,100,40,manhattan,0.43902228105585533,0.4726273596504671,0.0,99986,merged_H3_V1_year_VIRGO_tsne_shepard_results/pdf/tsne_shepard _p10_e100_pca40_manhattan.pdf,OK,
90,100,40,manhattan,0.43902228105585533,0.4713224809598754,0.0,99986,merged_H3_V1_year_VIRGO_tsne_shepard_results/pdf/tsne_shepard _p90_e100_pca40_manhattan.pdf,OK,
90,1000,40,cosine,0.43902228105585533,0.4705453435422536,0.0,99986,merged_H3_V1_year_VIRGO_tsne_shepard_results/pdf/tsne_shepard _p90_e1000_pca40_cosine.pdf,OK,
80,1000,40,cosine,0.35032461509954776,0.4695331475437726,0.0,99986,merged_H3_V1_year_VIRGO_tsne_shepard_results/pdf/tsne_shepard _p80_e1000_pca40_cosine.pdf,OK,
50,300,40,manhattan,0.35032461509954776,0.4693490385354994,0.0,99986,merged_H3_V1_year_VIRGO_tsne_shepard_results/pdf/tsne_shepard _p50_e300_pca40_manhattan.pdf,OK,
50,20,40,manhattan,0.43902228105585533,0.4690605960833212,0.0,99986,merged_H3_V1_year_VIRGO_tsne_shepard_results/pdf/tsne_shepard _p50_e20_pca40_manhattan.pdf,OK,
40,1000,40,euclidean,0.35032461509954776,0.4683536734513883,0.0,99986,merged_H3_V1_year_VIRGO_tsne_shepard_results/pdf/tsne_shepard _p40_e1000_pca40_euclidean.pdf,OK,
20,300,40,manhattan,0.35032461509954776,0.46785000533182336,0.0,99986,merged_H3_V1_year_VIRGO_tsne_shepard_results/pdf/tsne_shepard _p20_e300_pca40_manhattan.pdf,OK,
50,1000,40,cosine,0.43902228105585533,0.4676421624082791,0.0,99986,merged_H3_V1_year_VIRGO_tsne_shepard_results/pdf/tsne_shepard _p50_e1000_pca40_cosine.pdf,OK,
70,100,40,manhattan,0.43902228105585533,0.4676406230111572,0.0,99986,merged_H3_V1_year_VIRGO_tsne_shepard_results/pdf/tsne_shepard _p70_e100_pca40_manhattan.pdf,OK,
100,1000,40,euclidean,0.43902228105585533,0.4675336989005558,0.0,99986,merged_H3_V1_year_VIRGO_tsne_shepard_results/pdf/tsne_shepard _p100_e1000_pca40_euclidean.pdf,OK,
60,100,40,manhattan,0.43902228105585533,0.46650193182354344,0.0,99986,merged_H3_V1_year_VIRGO_tsne_shepard_results/pdf/tsne_shepard _p60_e100_pca40_manhattan.pdf,OK,
80,1000,40,euclidean,0.43902228105585533,0.4613598799495348,0.0,99986,merged_H3_V1_year_VIRGO_tsne_shepard_results/pdf/tsne_shepard _p80_e1000_pca40_euclidean.pdf,OK,
90,1000,40,euclidean,0.18691083958386828,0.46126860039578144,0.0,99986,merged_H3_V1_year_VIRGO_tsne_shepard_results/pdf/tsne_shepard _p90_e1000_pca40_euclidean.pdf,OK,
100,300,40,euclidean,0.5380560083809225,0.46013442198490107,0.0,99986,merged_H3_V1_year_VIRGO_tsne_shepard_results/pdf/tsne_shepard _p100_e300_pca40_euclidean.pdf,OK,
30,300,40,euclidean,0.43902228105585533,0.45771430714995637,0.0,99986,merged_H3_V1_year_VIRGO_tsne_shepard_results/pdf/tsne_shepard _p30_e300_pca40_euclidean.pdf,OK,
50,20,40,euclidean,0.5380560083809225,0.456981797444376,0.0,99986,merged_H3_V1_year_VIRGO_tsne_shepard_results/pdf/tsne_shepard _p50_e20_pca40_euclidean.pdf,OK,
50,100,40,manhattan,0.43902228105585533,0.4553390763729887,0.0,99986,merged_H3_V1_year_VIRGO_tsne_shepard_results/pdf/tsne_shepard _p50_e100_pca40_manhattan.pdf,OK,
30,100,40,manhattan,0.43902228105585533,0.4543698236500052,0.0,99986,merged_H3_V1_year_VIRGO_tsne_shepard_results/pdf/tsne_shepard _p30_e100_pca40_manhattan.pdf,OK,
100,14,40,euclidean,0.5380560083809225,0.45436109956589205,0.0,99986,merged_H3_V1_year_VIRGO_tsne_shepard_results/pdf/tsne_shepard _p100_e14_pca40_euclidean.pdf,OK,
40,20,40,euclidean,0.5380560083809225,0.4529360952512652,0.0,99986,merged_H3_V1_year_VIRGO_tsne_shepard_results/pdf/tsne_shepard _p40_e20_pca40_euclidean.pdf,OK,
90,300,40,cosine,0.43902228105585533,0.45264405456429224,0.0,99986,merged_H3_V1_year_VIRGO_tsne_shepard_results/pdf/tsne_shepard _p90_e300_pca40_cosine.pdf,OK,
90,20,40,manhattan,0.43902228105585533,0.4520451273388811,0.0,99986,merged_H3_V1_year_VIRGO_tsne_shepard_results/pdf/tsne_shepard _p90_e20_pca40_manhattan.pdf,OK,
100,20,40,manhattan,0.43902228105585533,0.4516075163798286,0.0,99986,merged_H3_V1_year_VIRGO_tsne_shepard_results/pdf/tsne_shepard _p100_e20_pca40_manhattan.pdf,OK,
10,100,40,manhattan,0.5380560083809225,0.4501516149962778,0.0,99986,merged_H3_V1_year_VIRGO_tsne_shepard_results/pdf/tsne_shepard _p10_e100_pca40_manhattan.pdf,OK,
60,14,40,euclidean,0.5380560083809225,0.4500359904718117,0.0,99986,merged_H3_V1_year_VIRGO_tsne_shepard_results/pdf/tsne_shepard _p60_e14_pca40_euclidean.pdf,OK,
40,14,40,euclidean,0.5380560083809225,0.4498115390748718,0.0,99986,merged_H3_V1_year_VIRGO_tsne_shepard_results/pdf/tsne_shepard _p40_e14_pca40_euclidean.pdf,OK,
60,12,40,euclidean,0.5380560083809225,0.4494060151481004,0.0,99986,merged_H3_V1_year_VIRGO_tsne_shepard_results/pdf/tsne_shepard _p60_e12_pca40_euclidean.pdf,OK,
80,300,40,cosine,0.5380560083809225,0.4479020987373965,0.0,99986,merged_H3_V1_year_VIRGO_tsne_shepard_results/pdf/tsne_shepard _p80_e300_pca40_cosine.pdf,OK,
40,12,40,euclidean,0.5380560083809225,0.44699776202896296,0.0,99986,merged_H3_V1_year_VIRGO_tsne_shepard_results/pdf/tsne_shepard _p40_e12_pca40_euclidean.pdf,OK,
60,10,40,euclidean,0.5380560083809225,0.44688929142178796,0.0,99986,merged_H3_V1_year_VIRGO_tsne_shepard_results/pdf/tsne_shepard _p60_e10_pca40_euclidean.pdf,OK,
30,14,40,euclidean,0.5380560083809225,0.4460293098454475,0.0,99986,merged_H3_V1_year_VIRGO_tsne_shepard_results/pdf/tsne_shepard _p30_e14_pca40_euclidean.pdf,OK,
30,1000,40,euclidean,0.35032461509954776,0.4456951885002406,0.0,99986,merged_H3_V1_year_VIRGO_tsne_shepard_results/pdf/tsne_shepard _p30_e1000_pca40_euclidean.pdf,OK,
30,20,40,euclidean,0.5380560083809225,0.4454186143109208,0.0,99986,merged_H3_V1_year_VIRGO_tsne_shepard_results/pdf/tsne_shepard _p30_e20_pca40_euclidean.pdf,OK,
50,10,40,euclidean,0.5380560083809225,0.4452870957958046,0.0,99986,merged_H3_V1_year_VIRGO_tsne_shepard_results/pdf/tsne_shepard _p50_e10_pca40_euclidean.pdf,OK,
50,14,40,euclidean,0.5380560083809225,0.44515783837879586,0.0,99986,merged_H3_V1_year_VIRGO_tsne_shepard_results/pdf/tsne_shepard _p50_e14_pca40_euclidean.pdf,OK,
70,20,40,manhattan,0.43902228105585533,0.44507816217044815,0.0,99986,merged_H3_V1_year_VIRGO_tsne_shepard_results/pdf/tsne_shepard _p70_e20_pca40_manhattan.pdf,OK,
40,10,40,euclidean,0.5380560083809225,0.44412418878712207,0.0,99986,merged_H3_V1_year_VIRGO_tsne_shepard_results/pdf/tsne_shepard _p40_e10_pca40_euclidean.pdf,OK,
50,12,40,euclidean,0.5380560083809225,0.4433894999846368,0.0,99986,merged_H3_V1_year_VIRGO_tsne_shepard_results/pdf/tsne_shepard _p50_e12_pca40_euclidean.pdf,OK,
50,1000,40,euclidean,0.5380560083809225,0.44330585713812265,0.0,99986,merged_H3_V1_year_VIRGO_tsne_shepard_results/pdf/tsne_shepard _p50_e1000_pca40_euclidean.pdf,OK,
90,1000,40,manhattan,0.18691083958386828,0.44282872599558504,0.0,99986,merged_H3_V1_year_VIRGO_tsne_shepard_results/pdf/tsne_shepard _p90_e1000_pca40_manhattan.pdf,OK,
10,20,40,euclidean,0.5380560083809225,0.44268520601352657,0.0,99986,merged_H3_V1_year_VIRGO_tsne_shepard_results/pdf/tsne_shepard _p10_e20_pca40_euclidean.pdf,OK,
60,300,40,euclidean,0.35032461509954776,0.4423146797939322,0.0,99986,merged_H3_V1_year_VIRGO_tsne_shepard_results/pdf/tsne_shepard _p60_e300_pca40_euclidean.pdf,OK,
80,20,40,manhattan,0.43902228105585533,0.44201184511215297,0.0,99986,merged_H3_V1_year_VIRGO_tsne_shepard_results/pdf/tsne_shepard _p80_e20_pca40_manhattan.pdf,OK,
100,12,40,euclidean,0.5380560083809225,0.4405731648459583,0.0,99986,merged_H3_V1_year_VIRGO_tsne_shepard_results/pdf/tsne_shepard _p100_e12_pca40_euclidean.pdf,OK,
100,10,40,euclidean,0.5380560083809225,0.4398437708524752,0.0,99986,merged_H3_V1_year_VIRGO_tsne_shepard_results/pdf/tsne_shepard _p100_e10_pca40_euclidean.pdf,OK,
80,300,40,euclidean,0.5380560083809225,0.4396604518778602,0.0,99986,merged_H3_V1_year_VIRGO_tsne_shepard_results/pdf/tsne_shepard _p80_e300_pca40_euclidean.pdf,OK,
90,12,40,euclidean,0.5380560083809225,0.4394244094411748,0.0,99986,merged_H3_V1_year_VIRGO_tsne_shepard_results/pdf/tsne_shepard _p90_e12_pca40_euclidean.pdf,OK,
60,300,40,euclidean,0.5380560083809225,0.438734901641964,0.0,99986,merged_H3_V1_year_VIRGO_tsne_shepard_results/pdf/tsne_shepard _p60_e300_pca40_euclidean.pdf,OK,
30,300,40,cosine,0.43902228105585533,0.43741414380369875,0.0,99986,merged_H3_V1_year_VIRGO_tsne_shepard_results/pdf/tsne_shepard _p30_e300_pca40_cosine.pdf,OK,
80,12,40,euclidean,0.5380560083809225,0.43714013788737316,0.0,99986,merged_H3_V1_year_VIRGO_tsne_shepard_results/pdf/tsne_shepard _p80_e12_pca40_euclidean.pdf,OK,
10,300,40,manhattan,0.43902228105585533,0.43702019241788836,0.0,99986,merged_H3_V1_year_VIRGO_tsne_shepard_results/pdf/tsne_shepard _p10_e300_pca40_manhattan.pdf,OK,
90,10,40,euclidean,0.5380560083809225,0.4368393789727222,0.0,99986,merged_H3_V1_year_VIRGO_tsne_shepard_results/pdf/tsne_shepard _p90_e10_pca40_euclidean.pdf,OK,
70,10,40,euclidean,0.5380560083809225,0.4365046398541267,0.0,99986,merged_H3_V1_year_VIRGO_tsne_shepard_results/pdf/tsne_shepard _p70_e10_pca40_euclidean.pdf,OK,
70,12,40,euclidean,0.5380560083809225,0.4362766735417449,0.0,99986,merged_H3_V1_year_VIRGO_tsne_shepard_results/pdf/tsne_shepard _p70_e12_pca40_euclidean.pdf,OK,
80,14,40,euclidean,0.5380560083809225,0.4355315375191634,0.0,99986,merged_H3_V1_year_VIRGO_tsne_shepard_results/pdf/tsne_shepard _p80_e14_pca40_euclidean.pdf,OK,
70,14,40,euclidean,0.5380560083809225,0.4349122065125735,0.0,99986,merged_H3_V1_year_VIRGO_tsne_shepard_results/pdf/tsne_shepard _p70_e14_pca40_euclidean.pdf,OK,
10,14,40,euclidean,0.5380560083809225,0.43460903453380134,0.0,99986,merged_H3_V1_year_VIRGO_tsne_shepard_results/pdf/tsne_shepard _p10_e14_pca40_euclidean.pdf,OK,
80,100,40,manhattan,0.43902228105585533,0.43453557958026984,0.0,99986,merged_H3_V1_year_VIRGO_tsne_shepard_results/pdf/tsne_shepard _p80_e100_pca40_manhattan.pdf,OK,
80,10,40,euclidean,0.5380560083809225,0.4343384308551633,0.0,99986,merged_H3_V1_year_VIRGO_tsne_shepard_results/pdf/tsne_shepard _p80_e10_pca40_euclidean.pdf,OK,
50,1000,40,manhattan,0.35032461509954776,0.43423589356733305,0.0,99986,merged_H3_V1_year_VIRGO_tsne_shepard_results/pdf/tsne_shepard _p50_e1000_pca40_manhattan.pdf,OK,
20,20,40,euclidean,0.5380560083809225,0.4340368749757719,0.0,99986,merged_H3_V1_year_VIRGO_tsne_shepard_results/pdf/tsne_shepard _p20_e20_pca40_euclidean.pdf,OK,
30,12,40,euclidean,0.5380560083809225,0.43368742355774315,0.0,99986,merged_H3_V1_year_VIRGO_tsne_shepard_results/pdf/tsne_shepard _p30_e12_pca40_euclidean.pdf,OK,
90,14,40,euclidean,0.5380560083809225,0.4325416886400164,0.0,99986,merged_H3_V1_year_VIRGO_tsne_shepard_results/pdf/tsne_shepard _p90_e14_pca40_euclidean.pdf,OK,
30,10,40,euclidean,0.5380560083809225,0.43204200952748567,0.0,99986,merged_H3_V1_year_VIRGO_tsne_shepard_results/pdf/tsne_shepard _p30_e10_pca40_euclidean.pdf,OK,
10,300,40,manhattan,0.35032461509954776,0.43195374509371665,0.0,99986,merged_H3_V1_year_VIRGO_tsne_shepard_results/pdf/tsne_shepard _p10_e300_pca40_manhattan.pdf,OK,
10,12,40,euclidean,0.5380560083809225,0.4312845755862383,0.0,99986,merged_H3_V1_year_VIRGO_tsne_shepard_results/pdf/tsne_shepard _p10_e12_pca40_euclidean.pdf,OK,
80,1000,40,euclidean,0.35032461509954776,0.43128280923269,0.0,99986,merged_H3_V1_year_VIRGO_tsne_shepard_results/pdf/tsne_shepard _p80_e1000_pca40_euclidean.pdf,OK,
100,100,40,manhattan,0.43902228105585533,0.4306949831441594,0.0,99986,merged_H3_V1_year_VIRGO_tsne_shepard_results/pdf/tsne_shepard _p100_e100_pca40_manhattan.pdf,OK,
40,300,40,cosine,0.5380560083809225,0.42910796690180886,0.0,99986,merged_H3_V1_year_VIRGO_tsne_shepard_results/pdf/tsne_shepard _p40_e300_pca40_cosine.pdf,OK,
100,300,40,manhattan,0.43902228105585533,0.428914384035756,0.0,99986,merged_H3_V1_year_VIRGO_tsne_shepard_results/pdf/tsne_shepard _p100_e300_pca40_manhattan.pdf,OK,
10,10,40,euclidean,0.5380560083809225,0.42844305969645063,0.0,99986,merged_H3_V1_year_VIRGO_tsne_shepard_results/pdf/tsne_shepard _p10_e10_pca40_euclidean.pdf,OK,
20,14,40,euclidean,0.5380560083809225,0.42712872133811125,0.0,99986,merged_H3_V1_year_VIRGO_tsne_shepard_results/pdf/tsne_shepard _p20_e14_pca40_euclidean.pdf,OK,
30,1000,40,euclidean,0.5380560083809225,0.4235493841623431,0.0,99986,merged_H3_V1_year_VIRGO_tsne_shepard_results/pdf/tsne_shepard _p30_e1000_pca40_euclidean.pdf,OK,
20,12,40,euclidean,0.5380560083809225,0.4229781748474004,0.0,99986,merged_H3_V1_year_VIRGO_tsne_shepard_results/pdf/tsne_shepard _p20_e12_pca40_euclidean.pdf,OK,
30,300,40,euclidean,0.5380560083809225,0.42292006572228324,0.0,99986,merged_H3_V1_year_VIRGO_tsne_shepard_results/pdf/tsne_shepard _p30_e300_pca40_euclidean.pdf,OK,
20,10,40,euclidean,0.5380560083809225,0.4219458937932194,0.0,99986,merged_H3_V1_year_VIRGO_tsne_shepard_results/pdf/tsne_shepard _p20_e10_pca40_euclidean.pdf,OK,
50,1000,40,manhattan,0.43902228105585533,0.42162448338381947,0.0,99986,merged_H3_V1_year_VIRGO_tsne_shepard_results/pdf/tsne_shepard _p50_e1000_pca40_manhattan.pdf,OK,
80,1000,40,euclidean,0.18691083958386828,0.4209054972821366,0.0,99986,merged_H3_V1_year_VIRGO_tsne_shepard_results/pdf/tsne_shepard _p80_e1000_pca40_euclidean.pdf,OK,
70,300,40,euclidean,0.35032461509954776,0.42026152116517185,0.0,99986,merged_H3_V1_year_VIRGO_tsne_shepard_results/pdf/tsne_shepard _p70_e300_pca40_euclidean.pdf,OK,
100,1000,40,euclidean,0.18691083958386828,0.4201795951236789,0.0,99986,merged_H3_V1_year_VIRGO_tsne_shepard_results/pdf/tsne_shepard _p100_e1000_pca40_euclidean.pdf,OK,
70,1000,40,euclidean,0.43902228105585533,0.4165193965490204,0.0,99986,merged_H3_V1_year_VIRGO_tsne_shepard_results/pdf/tsne_shepard _p70_e1000_pca40_euclidean.pdf,OK,
90,300,40,cosine,0.35032461509954776,0.41544747545938704,0.0,99986,merged_H3_V1_year_VIRGO_tsne_shepard_results/pdf/tsne_shepard _p90_e300_pca40_cosine.pdf,OK,
10,20,40,manhattan,0.43902228105585533,0.4151575462622451,0.0,99986,merged_H3_V1_year_VIRGO_tsne_shepard_results/pdf/tsne_shepard _p10_e20_pca40_manhattan.pdf,OK,
60,1000,40,euclidean,0.18691083958386828,0.41369644137474587,0.0,99986,merged_H3_V1_year_VIRGO_tsne_shepard_results/pdf/tsne_shepard _p60_e1000_pca40_euclidean.pdf,OK,
60,20,40,manhattan,0.43902228105585533,0.41248980658405193,0.0,99986,merged_H3_V1_year_VIRGO_tsne_shepard_results/pdf/tsne_shepard _p60_e20_pca40_manhattan.pdf,OK,
30,100,40,manhattan,0.5380560083809225,0.4122128314985095,0.0,99986,merged_H3_V1_year_VIRGO_tsne_shepard_results/pdf/tsne_shepard _p30_e100_pca40_manhattan.pdf,OK,
10,14,40,manhattan,0.43902228105585533,0.4121984247033845,0.0,99986,merged_H3_V1_year_VIRGO_tsne_shepard_results/pdf/tsne_shepard _p10_e14_pca40_manhattan.pdf,OK,
10,12,40,manhattan,0.43902228105585533,0.4113791482580827,0.0,99986,merged_H3_V1_year_VIRGO_tsne_shepard_results/pdf/tsne_shepard _p10_e12_pca40_manhattan.pdf,OK,
40,1000,40,cosine,0.5380560083809225,0.41088905981140894,0.0,99986,merged_H3_V1_year_VIRGO_tsne_shepard_results/pdf/tsne_shepard _p40_e1000_pca40_cosine.pdf,OK,
40,20,40,manhattan,0.43902228105585533,0.40804267628780383,0.0,99986,merged_H3_V1_year_VIRGO_tsne_shepard_results/pdf/tsne_shepard _p40_e20_pca40_manhattan.pdf,OK,
90,1000,40,cosine,0.5380560083809225,0.40656591538974984,0.0,99986,merged_H3_V1_year_VIRGO_tsne_shepard_results/pdf/tsne_shepard _p90_e1000_pca40_cosine.pdf,OK,
10,10,40,manhattan,0.43902228105585533,0.40616608479611926,0.0,99986,merged_H3_V1_year_VIRGO_tsne_shepard_results/pdf/tsne_shepard _p10_e10_pca40_manhattan.pdf,OK,
30,20,40,manhattan,0.43902228105585533,0.40581245245773623,0.0,99986,merged_H3_V1_year_VIRGO_tsne_shepard_results/pdf/tsne_shepard _p30_e20_pca40_manhattan.pdf,OK,
20,20,40,manhattan,0.43902228105585533,0.40429432919054664,0.0,99986,merged_H3_V1_year_VIRGO_tsne_shepard_results/pdf/tsne_shepard _p20_e20_pca40_manhattan.pdf,OK,
30,300,40,cosine,0.5380560083809225,0.40125792701469404,0.0,99986,merged_H3_V1_year_VIRGO_tsne_shepard_results/pdf/tsne_shepard _p30_e300_pca40_cosine.pdf,OK,
20,12,40,manhattan,0.43902228105585533,0.4009505202126515,0.0,99986,merged_H3_V1_year_VIRGO_tsne_shepard_results/pdf/tsne_shepard _p20_e12_pca40_manhattan.pdf,OK,
30,12,40,manhattan,0.43902228105585533,0.39975751452031577,0.0,99986,merged_H3_V1_year_VIRGO_tsne_shepard_results/pdf/tsne_shepard _p30_e12_pca40_manhattan.pdf,OK,
20,10,40,manhattan,0.43902228105585533,0.39952971755411554,0.0,99986,merged_H3_V1_year_VIRGO_tsne_shepard_results/pdf/tsne_shepard _p20_e10_pca40_manhattan.pdf,OK,
30,10,40,manhattan,0.43902228105585533,0.3990147611462011,0.0,99986,merged_H3_V1_year_VIRGO_tsne_shepard_results/pdf/tsne_shepard _p30_e10_pca40_manhattan.pdf,OK,
30,14,40,manhattan,0.43902228105585533,0.39862711258736766,0.0,99986,merged_H3_V1_year_VIRGO_tsne_shepard_results/pdf/tsne_shepard _p30_e14_pca40_manhattan.pdf,OK,
40,14,40,manhattan,0.43902228105585533,0.3985979064049929,0.0,99986,merged_H3_V1_year_VIRGO_tsne_shepard_results/pdf/tsne_shepard _p40_e14_pca40_manhattan.pdf,OK,
20,14,40,manhattan,0.43902228105585533,0.39651791324554186,0.0,99986,merged_H3_V1_year_VIRGO_tsne_shepard_results/pdf/tsne_shepard _p20_e14_pca40_manhattan.pdf,OK,
60,1000,40,cosine,0.5380560083809225,0.3956053545424024,0.0,99986,merged_H3_V1_year_VIRGO_tsne_shepard_results/pdf/tsne_shepard _p60_e1000_pca40_cosine.pdf,OK,
90,300,40,euclidean,0.43902228105585533,0.3942440119744472,0.0,99986,merged_H3_V1_year_VIRGO_tsne_shepard_results/pdf/tsne_shepard _p90_e300_pca40_euclidean.pdf,OK,
70,100,40,manhattan,0.5380560083809225,0.3941544437512582,0.0,99986,merged_H3_V1_year_VIRGO_tsne_shepard_results/pdf/tsne_shepard _p70_e100_pca40_manhattan.pdf,OK,
60,300,40,euclidean,0.43902228105585533,0.39404045294154855,0.0,99986,merged_H3_V1_year_VIRGO_tsne_shepard_results/pdf/tsne_shepard _p60_e300_pca40_euclidean.pdf,OK,
50,10,40,manhattan,0.43902228105585533,0.39399166335401736,0.0,99986,merged_H3_V1_year_VIRGO_tsne_shepard_results/pdf/tsne_shepard _p50_e10_pca40_manhattan.pdf,OK,
100,14,40,manhattan,0.43902228105585533,0.3937651637342489,0.0,99986,merged_H3_V1_year_VIRGO_tsne_shepard_results/pdf/tsne_shepard _p100_e14_pca40_manhattan.pdf,OK,
50,20,40,manhattan,0.5380560083809225,0.39370638201439206,0.0,99986,merged_H3_V1_year_VIRGO_tsne_shepard_results/pdf/tsne_shepard _p50_e20_pca40_manhattan.pdf,OK,
40,12,40,manhattan,0.43902228105585533,0.3928834102184859,0.0,99986,merged_H3_V1_year_VIRGO_tsne_shepard_results/pdf/tsne_shepard _p40_e12_pca40_manhattan.pdf,OK,
90,14,40,manhattan,0.43902228105585533,0.39212340119182215,0.0,99986,merged_H3_V1_year_VIRGO_tsne_shepard_results/pdf/tsne_shepard _p90_e14_pca40_manhattan.pdf,OK,
50,14,40,manhattan,0.43902228105585533,0.3917140558002148,0.0,99986,merged_H3_V1_year_VIRGO_tsne_shepard_results/pdf/tsne_shepard _p50_e14_pca40_manhattan.pdf,OK,
100,12,40,manhattan,0.43902228105585533,0.3916238704429704,0.0,99986,merged_H3_V1_year_VIRGO_tsne_shepard_results/pdf/tsne_shepard _p100_e12_pca40_manhattan.pdf,OK,
40,10,40,manhattan,0.43902228105585533,0.3901220795702128,0.0,99986,merged_H3_V1_year_VIRGO_tsne_shepard_results/pdf/tsne_shepard _p40_e10_pca40_manhattan.pdf,OK,
50,12,40,manhattan,0.43902228105585533,0.3898322431013418,0.0,99986,merged_H3_V1_year_VIRGO_tsne_shepard_results/pdf/tsne_shepard _p50_e12_pca40_manhattan.pdf,OK,
30,1000,40,cosine,0.5380560083809225,0.38880693144359735,0.0,99986,merged_H3_V1_year_VIRGO_tsne_shepard_results/pdf/tsne_shepard _p30_e1000_pca40_cosine.pdf,OK,
90,100,40,manhattan,0.5380560083809225,0.3885853319040008,0.0,99986,merged_H3_V1_year_VIRGO_tsne_shepard_results/pdf/tsne_shepard _p90_e100_pca40_manhattan.pdf,OK,
90,300,40,euclidean,0.5380560083809225,0.3885158592562792,0.0,99986,merged_H3_V1_year_VIRGO_tsne_shepard_results/pdf/tsne_shepard _p90_e300_pca40_euclidean.pdf,OK,
70,1000,40,manhattan,0.18691083958386828,0.3882603583398566,0.0,99986,merged_H3_V1_year_VIRGO_tsne_shepard_results/pdf/tsne_shepard _p70_e1000_pca40_manhattan.pdf,OK,
10,1000,40,euclidean,0.5380560083809225,0.3872406148198509,0.0,99986,merged_H3_V1_year_VIRGO_tsne_shepard_results/pdf/tsne_shepard _p10_e1000_pca40_euclidean.pdf,OK,
20,1000,40,cosine,0.5380560083809225,0.38596755548114464,0.0,99986,merged_H3_V1_year_VIRGO_tsne_shepard_results/pdf/tsne_shepard _p20_e1000_pca40_cosine.pdf,OK,
60,20,40,manhattan,0.5380560083809225,0.3851512511102341,0.0,99986,merged_H3_V1_year_VIRGO_tsne_shepard_results/pdf/tsne_shepard _p60_e20_pca40_manhattan.pdf,OK,
80,20,40,manhattan,0.5380560083809225,0.38465707511553304,0.0,99986,merged_H3_V1_year_VIRGO_tsne_shepard_results/pdf/tsne_shepard _p80_e20_pca40_manhattan.pdf,OK,
80,1000,40,euclidean,0.5380560083809225,0.38437748680269584,0.0,99986,merged_H3_V1_year_VIRGO_tsne_shepard_results/pdf/tsne_shepard _p80_e1000_pca40_euclidean.pdf,OK,
10,300,40,euclidean,0.43902228105585533,0.38401077824301605,0.0,99986,merged_H3_V1_year_VIRGO_tsne_shepard_results/pdf/tsne_shepard _p10_e300_pca40_euclidean.pdf,OK,
30,300,40,manhattan,0.43902228105585533,0.3830378936244589,0.0,99986,merged_H3_V1_year_VIRGO_tsne_shepard_results/pdf/tsne_shepard _p30_e300_pca40_manhattan.pdf,OK,
90,20,40,manhattan,0.5380560083809225,0.38252419882227146,0.0,99986,merged_H3_V1_year_VIRGO_tsne_shepard_results/pdf/tsne_shepard _p90_e20_pca40_manhattan.pdf,OK,
10,1000,40,manhattan,0.35032461509954776,0.3777049866497519,0.0,99986,merged_H3_V1_year_VIRGO_tsne_shepard_results/pdf/tsne_shepard _p10_e1000_pca40_manhattan.pdf,OK,
100,20,40,manhattan,0.5380560083809225,0.3772491537378239,0.0,99986,merged_H3_V1_year_VIRGO_tsne_shepard_results/pdf/tsne_shepard _p100_e20_pca40_manhattan.pdf,OK,
80,100,40,manhattan,0.5380560083809225,0.3771234676140401,0.0,99986,merged_H3_V1_year_VIRGO_tsne_shepard_results/pdf/tsne_shepard _p80_e100_pca40_manhattan.pdf,OK,
100,10,40,manhattan,0.43902228105585533,0.37686236274301543,0.0,99986,merged_H3_V1_year_VIRGO_tsne_shepard_results/pdf/tsne_shepard _p100_e10_pca40_manhattan.pdf,OK,
80,14,40,manhattan,0.43902228105585533,0.37680138731484747,0.0,99986,merged_H3_V1_year_VIRGO_tsne_shepard_results/pdf/tsne_shepard _p80_e14_pca40_manhattan.pdf,OK,
70,14,40,manhattan,0.43902228105585533,0.37673730963191676,0.0,99986,merged_H3_V1_year_VIRGO_tsne_shepard_results/pdf/tsne_shepard _p70_e14_pca40_manhattan.pdf,OK,
90,12,40,manhattan,0.43902228105585533,0.37635589413951714,0.0,99986,merged_H3_V1_year_VIRGO_tsne_shepard_results/pdf/tsne_shepard _p90_e12_pca40_manhattan.pdf,OK,
40,20,40,manhattan,0.5380560083809225,0.3762509140326068,0.0,99986,merged_H3_V1_year_VIRGO_tsne_shepard_results/pdf/tsne_shepard _p40_e20_pca40_manhattan.pdf,OK,
80,12,40,manhattan,0.43902228105585533,0.3756585030769312,0.0,99986,merged_H3_V1_year_VIRGO_tsne_shepard_results/pdf/tsne_shepard _p80_e12_pca40_manhattan.pdf,OK,
90,10,40,manhattan,0.43902228105585533,0.374474501758905,0.0,99986,merged_H3_V1_year_VIRGO_tsne_shepard_results/pdf/tsne_shepard _p90_e10_pca40_manhattan.pdf,OK,
20,1000,40,euclidean,0.18691083958386828,0.3742258136553304,0.0,99986,merged_H3_V1_year_VIRGO_tsne_shepard_results/pdf/tsne_shepard _p20_e1000_pca40_euclidean.pdf,OK,
60,14,40,manhattan,0.43902228105585533,0.3740305383904348,0.0,99986,merged_H3_V1_year_VIRGO_tsne_shepard_results/pdf/tsne_shepard _p60_e14_pca40_manhattan.pdf,OK,
10,300,40,euclidean,0.5380560083809225,0.3739351426425184,0.0,99986,merged_H3_V1_year_VIRGO_tsne_shepard_results/pdf/tsne_shepard _p10_e300_pca40_euclidean.pdf,OK,
100,100,40,manhattan,0.5380560083809225,0.37366602446048247,0.0,99986,merged_H3_V1_year_VIRGO_tsne_shepard_results/pdf/tsne_shepard _p100_e100_pca40_manhattan.pdf,OK,
50,1000,40,cosine,0.35032461509954776,0.3736596045419375,0.0,99986,merged_H3_V1_year_VIRGO_tsne_shepard_results/pdf/tsne_shepard _p50_e1000_pca40_cosine.pdf,OK,
10,1000,40,euclidean,0.43902228105585533,0.37297895580407964,0.0,99986,merged_H3_V1_year_VIRGO_tsne_shepard_results/pdf/tsne_shepard _p10_e1000_pca40_euclidean.pdf,OK,
80,10,40,manhattan,0.43902228105585533,0.37289758732752193,0.0,99986,merged_H3_V1_year_VIRGO_tsne_shepard_results/pdf/tsne_shepard _p80_e10_pca40_manhattan.pdf,OK,
60,10,40,manhattan,0.43902228105585533,0.37177493704738473,0.0,99986,merged_H3_V1_year_VIRGO_tsne_shepard_results/pdf/tsne_shepard _p60_e10_pca40_manhattan.pdf,OK,
60,1000,40,euclidean,0.35032461509954776,0.37163743703272833,0.0,99986,merged_H3_V1_year_VIRGO_tsne_shepard_results/pdf/tsne_shepard _p60_e1000_pca40_euclidean.pdf,OK,
60,1000,40,cosine,0.18691083958386828,0.3715918679358144,0.0,99986,merged_H3_V1_year_VIRGO_tsne_shepard_results/pdf/tsne_shepard _p60_e1000_pca40_cosine.pdf,OK,
70,12,40,manhattan,0.43902228105585533,0.3711940382498845,0.0,99986,merged_H3_V1_year_VIRGO_tsne_shepard_results/pdf/tsne_shepard _p70_e12_pca40_manhattan.pdf,OK,
40,1000,40,euclidean,0.18691083958386828,0.3708610250202275,0.0,99986,merged_H3_V1_year_VIRGO_tsne_shepard_results/pdf/tsne_shepard _p40_e1000_pca40_euclidean.pdf,OK,
20,1000,40,euclidean,0.5380560083809225,0.3708065916037919,0.0,99986,merged_H3_V1_year_VIRGO_tsne_shepard_results/pdf/tsne_shepard _p20_e1000_pca40_euclidean.pdf,OK,
60,300,40,manhattan,0.43902228105585533,0.3707491801176486,0.0,99986,merged_H3_V1_year_VIRGO_tsne_shepard_results/pdf/tsne_shepard _p60_e300_pca40_manhattan.pdf,OK,
60,12,40,manhattan,0.43902228105585533,0.36931402191021184,0.0,99986,merged_H3_V1_year_VIRGO_tsne_shepard_results/pdf/tsne_shepard _p60_e12_pca40_manhattan.pdf,OK,
70,10,40,manhattan,0.43902228105585533,0.3690540793297118,0.0,99986,merged_H3_V1_year_VIRGO_tsne_shepard_results/pdf/tsne_shepard _p70_e10_pca40_manhattan.pdf,OK,
50,300,40,euclidean,0.43902228105585533,0.3679846776787949,0.0,99986,merged_H3_V1_year_VIRGO_tsne_shepard_results/pdf/tsne_shepard _p50_e300_pca40_euclidean.pdf,OK,
80,300,40,manhattan,0.43902228105585533,0.36794047872047814,0.0,99986,merged_H3_V1_year_VIRGO_tsne_shepard_results/pdf/tsne_shepard _p80_e300_pca40_manhattan.pdf,OK,
20,300,40,manhattan,0.5380560083809225,0.366306288440147,0.0,99986,merged_H3_V1_year_VIRGO_tsne_shepard_results/pdf/tsne_shepard _p20_e300_pca40_manhattan.pdf,OK,
20,100,40,manhattan,0.5380560083809225,0.365669117996778,0.0,99986,merged_H3_V1_year_VIRGO_tsne_shepard_results/pdf/tsne_shepard _p20_e100_pca40_manhattan.pdf,OK,
70,20,40,manhattan,0.5380560083809225,0.3644363022657942,0.0,99986,merged_H3_V1_year_VIRGO_tsne_shepard_results/pdf/tsne_shepard _p70_e20_pca40_manhattan.pdf,OK,
40,1000,40,manhattan,0.18691083958386828,0.3640728600025461,0.0,99986,merged_H3_V1_year_VIRGO_tsne_shepard_results/pdf/tsne_shepard _p40_e1000_pca40_manhattan.pdf,OK,
10,1000,40,manhattan,0.43902228105585533,0.36322564731895635,0.0,99986,merged_H3_V1_year_VIRGO_tsne_shepard_results/pdf/tsne_shepard _p10_e1000_pca40_manhattan.pdf,OK,
60,1000,40,manhattan,0.5380560083809225,0.36321382336605584,0.0,99986,merged_H3_V1_year_VIRGO_tsne_shepard_results/pdf/tsne_shepard _p60_e1000_pca40_manhattan.pdf,OK,
50,300,40,euclidean,0.5380560083809225,0.3618180601207424,0.0,99986,merged_H3_V1_year_VIRGO_tsne_shepard_results/pdf/tsne_shepard _p50_e300_pca40_euclidean.pdf,OK,
40,1000,40,manhattan,0.5380560083809225,0.3614698253752474,0.0,99986,merged_H3_V1_year_VIRGO_tsne_shepard_results/pdf/tsne_shepard _p40_e1000_pca40_manhattan.pdf,OK,
20,1000,40,cosine,0.35032461509954776,0.36120564573438396,0.0,99986,merged_H3_V1_year_VIRGO_tsne_shepard_results/pdf/tsne_shepard _p20_e1000_pca40_cosine.pdf,OK,
50,1000,40,euclidean,0.43902228105585533,0.35965572130238155,0.0,99986,merged_H3_V1_year_VIRGO_tsne_shepard_results/pdf/tsne_shepard _p50_e1000_pca40_euclidean.pdf,OK,
50,1000,40,manhattan,0.5380560083809225,0.3587314463819896,0.0,99986,merged_H3_V1_year_VIRGO_tsne_shepard_results/pdf/tsne_shepard _p50_e1000_pca40_manhattan.pdf,OK,
100,14,40,manhattan,0.5380560083809225,0.3570459413299738,0.0,99986,merged_H3_V1_year_VIRGO_tsne_shepard_results/pdf/tsne_shepard _p100_e14_pca40_manhattan.pdf,OK,
60,300,40,cosine,0.5380560083809225,0.3545304371660514,0.0,99986,merged_H3_V1_year_VIRGO_tsne_shepard_results/pdf/tsne_shepard _p60_e300_pca40_cosine.pdf,OK,
20,1000,40,euclidean,0.35032461509954776,0.35437987203230964,0.0,99986,merged_H3_V1_year_VIRGO_tsne_shepard_results/pdf/tsne_shepard _p20_e1000_pca40_euclidean.pdf,OK,
30,1000,40,manhattan,0.43902228105585533,0.3525983022864479,0.0,99986,merged_H3_V1_year_VIRGO_tsne_shepard_results/pdf/tsne_shepard _p30_e1000_pca40_manhattan.pdf,OK,
70,1000,40,manhattan,0.35032461509954776,0.35203308998010163,0.0,99986,merged_H3_V1_year_VIRGO_tsne_shepard_results/pdf/tsne_shepard _p70_e1000_pca40_manhattan.pdf,OK,
90,14,40,manhattan,0.5380560083809225,0.35030856642114355,0.0,99986,merged_H3_V1_year_VIRGO_tsne_shepard_results/pdf/tsne_shepard _p90_e14_pca40_manhattan.pdf,OK,
20,300,40,cosine,0.43902228105585533,0.3500114096878308,0.0,99986,merged_H3_V1_year_VIRGO_tsne_shepard_results/pdf/tsne_shepard _p20_e300_pca40_cosine.pdf,OK,
30,300,40,cosine,0.35032461509954776,0.34650317309093914,0.0,99986,merged_H3_V1_year_VIRGO_tsne_shepard_results/pdf/tsne_shepard _p30_e300_pca40_cosine.pdf,OK,
10,300,40,manhattan,0.18691083958386828,0.34620237617943,0.0,99986,merged_H3_V1_year_VIRGO_tsne_shepard_results/pdf/tsne_shepard _p10_e300_pca40_manhattan.pdf,OK,
20,1000,40,manhattan,0.5380560083809225,0.3448918355514331,0.0,99986,merged_H3_V1_year_VIRGO_tsne_shepard_results/pdf/tsne_shepard _p20_e1000_pca40_manhattan.pdf,OK,
80,14,40,manhattan,0.5380560083809225,0.3415091163594362,0.0,99986,merged_H3_V1_year_VIRGO_tsne_shepard_results/pdf/tsne_shepard _p80_e14_pca40_manhattan.pdf,OK,
90,1000,40,manhattan,0.43902228105585533,0.34097188362403336,0.0,99986,merged_H3_V1_year_VIRGO_tsne_shepard_results/pdf/tsne_shepard _p90_e1000_pca40_manhattan.pdf,OK,
100,12,40,manhattan,0.5380560083809225,0.33761774075816514,0.0,99986,merged_H3_V1_year_VIRGO_tsne_shepard_results/pdf/tsne_shepard _p100_e12_pca40_manhattan.pdf,OK,
50,1000,40,euclidean,0.18691083958386828,0.3373792668934686,0.0,99986,merged_H3_V1_year_VIRGO_tsne_shepard_results/pdf/tsne_shepard _p50_e1000_pca40_euclidean.pdf,OK,
100,1000,40,euclidean,0.5380560083809225,0.33659504333865414,0.0,99986,merged_H3_V1_year_VIRGO_tsne_shepard_results/pdf/tsne_shepard _p100_e1000_pca40_euclidean.pdf,OK,
90,1000,40,euclidean,0.5380560083809225,0.335780194775579,0.0,99986,merged_H3_V1_year_VIRGO_tsne_shepard_results/pdf/tsne_shepard _p90_e1000_pca40_euclidean.pdf,OK,
10,20,40,manhattan,0.5380560083809225,0.33539154785126946,0.0,99986,merged_H3_V1_year_VIRGO_tsne_shepard_results/pdf/tsne_shepard _p10_e20_pca40_manhattan.pdf,OK,
80,1000,40,manhattan,0.35032461509954776,0.33537675586298166,0.0,99986,merged_H3_V1_year_VIRGO_tsne_shepard_results/pdf/tsne_shepard _p80_e1000_pca40_manhattan.pdf,OK,
60,300,40,manhattan,0.5380560083809225,0.3343824031471562,0.0,99986,merged_H3_V1_year_VIRGO_tsne_shepard_results/pdf/tsne_shepard _p60_e300_pca40_manhattan.pdf,OK,
70,300,40,manhattan,0.35032461509954776,0.33399459006700555,0.0,99986,merged_H3_V1_year_VIRGO_tsne_shepard_results/pdf/tsne_shepard _p70_e300_pca40_manhattan.pdf,OK,
40,1000,40,manhattan,0.43902228105585533,0.3335675049590182,0.0,99986,merged_H3_V1_year_VIRGO_tsne_shepard_results/pdf/tsne_shepard _p40_e1000_pca40_manhattan.pdf,OK,
70,1000,40,manhattan,0.43902228105585533,0.3330417858090198,0.0,99986,merged_H3_V1_year_VIRGO_tsne_shepard_results/pdf/tsne_shepard _p70_e1000_pca40_manhattan.pdf,OK,
100,1000,40,manhattan,0.5380560083809225,0.33014066229887984,0.0,99986,merged_H3_V1_year_VIRGO_tsne_shepard_results/pdf/tsne_shepard _p100_e1000_pca40_manhattan.pdf,OK,
60,100,40,manhattan,0.5380560083809225,0.3289235171000829,0.0,99986,merged_H3_V1_year_VIRGO_tsne_shepard_results/pdf/tsne_shepard _p60_e100_pca40_manhattan.pdf,OK,
20,300,40,euclidean,0.5380560083809225,0.32882955192034763,0.0,99986,merged_H3_V1_year_VIRGO_tsne_shepard_results/pdf/tsne_shepard _p20_e300_pca40_euclidean.pdf,OK,
10,300,40,manhattan,0.5380560083809225,0.32619278411084,0.0,99986,merged_H3_V1_year_VIRGO_tsne_shepard_results/pdf/tsne_shepard _p10_e300_pca40_manhattan.pdf,OK,
20,20,40,manhattan,0.5380560083809225,0.32545692622826927,0.0,99986,merged_H3_V1_year_VIRGO_tsne_shepard_results/pdf/tsne_shepard _p20_e20_pca40_manhattan.pdf,OK,
90,1000,40,manhattan,0.35032461509954776,0.3235016450037958,0.0,99986,merged_H3_V1_year_VIRGO_tsne_shepard_results/pdf/tsne_shepard _p90_e1000_pca40_manhattan.pdf,OK,
10,12,40,manhattan,0.5380560083809225,0.32191696237261463,0.0,99986,merged_H3_V1_year_VIRGO_tsne_shepard_results/pdf/tsne_shepard _p10_e12_pca40_manhattan.pdf,OK,
10,14,40,manhattan,0.5380560083809225,0.3210803382302654,0.0,99986,merged_H3_V1_year_VIRGO_tsne_shepard_results/pdf/tsne_shepard _p10_e14_pca40_manhattan.pdf,OK,
30,20,40,manhattan,0.5380560083809225,0.3195905680092824,0.0,99986,merged_H3_V1_year_VIRGO_tsne_shepard_results/pdf/tsne_shepard _p30_e20_pca40_manhattan.pdf,OK,
50,12,40,manhattan,0.5380560083809225,0.31942125379834513,0.0,99986,merged_H3_V1_year_VIRGO_tsne_shepard_results/pdf/tsne_shepard _p50_e12_pca40_manhattan.pdf,OK,
30,300,40,manhattan,0.5380560083809225,0.3187979019724593,0.0,99986,merged_H3_V1_year_VIRGO_tsne_shepard_results/pdf/tsne_shepard _p30_e300_pca40_manhattan.pdf,OK,
20,1000,40,manhattan,0.43902228105585533,0.31860464480588396,0.0,99986,merged_H3_V1_year_VIRGO_tsne_shepard_results/pdf/tsne_shepard _p20_e1000_pca40_manhattan.pdf,OK,
50,1000,40,manhattan,0.18691083958386828,0.31858024069130364,0.0,99986,merged_H3_V1_year_VIRGO_tsne_shepard_results/pdf/tsne_shepard _p50_e1000_pca40_manhattan.pdf,OK,
40,14,40,manhattan,0.5380560083809225,0.31845030404472824,0.0,99986,merged_H3_V1_year_VIRGO_tsne_shepard_results/pdf/tsne_shepard _p40_e14_pca40_manhattan.pdf,OK,
50,10,40,manhattan,0.5380560083809225,0.3184214897980525,0.0,99986,merged_H3_V1_year_VIRGO_tsne_shepard_results/pdf/tsne_shepard _p50_e10_pca40_manhattan.pdf,OK,
50,100,40,manhattan,0.5380560083809225,0.3182128023002147,0.0,99986,merged_H3_V1_year_VIRGO_tsne_shepard_results/pdf/tsne_shepard _p50_e100_pca40_manhattan.pdf,OK,
40,12,40,manhattan,0.5380560083809225,0.3177835130097847,0.0,99986,merged_H3_V1_year_VIRGO_tsne_shepard_results/pdf/tsne_shepard _p40_e12_pca40_manhattan.pdf,OK,
90,12,40,manhattan,0.5380560083809225,0.3175300088619574,0.0,99986,merged_H3_V1_year_VIRGO_tsne_shepard_results/pdf/tsne_shepard _p90_e12_pca40_manhattan.pdf,OK,
30,1000,40,manhattan,0.18691083958386828,0.31656911048810027,0.0,99986,merged_H3_V1_year_VIRGO_tsne_shepard_results/pdf/tsne_shepard _p30_e1000_pca40_manhattan.pdf,OK,
40,1000,40,manhattan,0.35032461509954776,0.31594190271645944,0.0,99986,merged_H3_V1_year_VIRGO_tsne_shepard_results/pdf/tsne_shepard _p40_e1000_pca40_manhattan.pdf,OK,
40,10,40,manhattan,0.5380560083809225,0.31518916768442,0.0,99986,merged_H3_V1_year_VIRGO_tsne_shepard_results/pdf/tsne_shepard _p40_e10_pca40_manhattan.pdf,OK,
10,10,40,manhattan,0.5380560083809225,0.31515182747340914,0.0,99986,merged_H3_V1_year_VIRGO_tsne_shepard_results/pdf/tsne_shepard _p10_e10_pca40_manhattan.pdf,OK,
100,1000,40,manhattan,0.18691083958386828,0.3142969001726766,0.0,99986,merged_H3_V1_year_VIRGO_tsne_shepard_results/pdf/tsne_shepard _p100_e1000_pca40_manhattan.pdf,OK,
60,1000,40,manhattan,0.35032461509954776,0.31422103674919605,0.0,99986,merged_H3_V1_year_VIRGO_tsne_shepard_results/pdf/tsne_shepard _p60_e1000_pca40_manhattan.pdf,OK,
30,14,40,manhattan,0.5380560083809225,0.3141347719053494,0.0,99986,merged_H3_V1_year_VIRGO_tsne_shepard_results/pdf/tsne_shepard _p30_e14_pca40_manhattan.pdf,OK,
70,300,40,manhattan,0.43902228105585533,0.313282735976229,0.0,99986,merged_H3_V1_year_VIRGO_tsne_shepard_results/pdf/tsne_shepard _p70_e300_pca40_manhattan.pdf,OK,
20,14,40,manhattan,0.5380560083809225,0.31313019531367287,0.0,99986,merged_H3_V1_year_VIRGO_tsne_shepard_results/pdf/tsne_shepard _p20_e14_pca40_manhattan.pdf,OK,
90,300,40,manhattan,0.43902228105585533,0.31206921287606565,0.0,99986,merged_H3_V1_year_VIRGO_tsne_shepard_results/pdf/tsne_shepard _p90_e300_pca40_manhattan.pdf,OK,
70,14,40,manhattan,0.5380560083809225,0.31201131907928326,0.0,99986,merged_H3_V1_year_VIRGO_tsne_shepard_results/pdf/tsne_shepard _p70_e14_pca40_manhattan.pdf,OK,
40,1000,40,euclidean,0.5380560083809225,0.31173383535564847,0.0,99986,merged_H3_V1_year_VIRGO_tsne_shepard_results/pdf/tsne_shepard _p40_e1000_pca40_euclidean.pdf,OK,
30,12,40,manhattan,0.5380560083809225,0.31127926084113555,0.0,99986,merged_H3_V1_year_VIRGO_tsne_shepard_results/pdf/tsne_shepard _p30_e12_pca40_manhattan.pdf,OK,
100,10,40,manhattan,0.5380560083809225,0.3098445858153861,0.0,99986,merged_H3_V1_year_VIRGO_tsne_shepard_results/pdf/tsne_shepard _p100_e10_pca40_manhattan.pdf,OK,
20,12,40,manhattan,0.5380560083809225,0.30960671490910247,0.0,99986,merged_H3_V1_year_VIRGO_tsne_shepard_results/pdf/tsne_shepard _p20_e12_pca40_manhattan.pdf,OK,
90,1000,40,manhattan,0.5380560083809225,0.3093569067551095,0.0,99986,merged_H3_V1_year_VIRGO_tsne_shepard_results/pdf/tsne_shepard _p90_e1000_pca40_manhattan.pdf,OK,
30,10,40,manhattan,0.5380560083809225,0.3093371526615017,0.0,99986,merged_H3_V1_year_VIRGO_tsne_shepard_results/pdf/tsne_shepard _p30_e10_pca40_manhattan.pdf,OK,
70,1000,40,euclidean,0.18691083958386828,0.30861385315244616,0.0,99986,merged_H3_V1_year_VIRGO_tsne_shepard_results/pdf/tsne_shepard _p70_e1000_pca40_euclidean.pdf,OK,
60,1000,40,euclidean,0.43902228105585533,0.3082217089430943,0.0,99986,merged_H3_V1_year_VIRGO_tsne_shepard_results/pdf/tsne_shepard _p60_e1000_pca40_euclidean.pdf,OK,
90,10,40,manhattan,0.5380560083809225,0.30739126725606336,0.0,99986,merged_H3_V1_year_VIRGO_tsne_shepard_results/pdf/tsne_shepard _p90_e10_pca40_manhattan.pdf,OK,
20,1000,40,cosine,0.43902228105585533,0.3068102012022115,0.0,99986,merged_H3_V1_year_VIRGO_tsne_shepard_results/pdf/tsne_shepard _p20_e1000_pca40_cosine.pdf,OK,
20,10,40,manhattan,0.5380560083809225,0.30675379239289613,0.0,99986,merged_H3_V1_year_VIRGO_tsne_shepard_results/pdf/tsne_shepard _p20_e10_pca40_manhattan.pdf,OK,
80,12,40,manhattan,0.5380560083809225,0.30651589069569213,0.0,99986,merged_H3_V1_year_VIRGO_tsne_shepard_results/pdf/tsne_shepard _p80_e12_pca40_manhattan.pdf,OK,
80,10,40,manhattan,0.5380560083809225,0.30396813936870193,0.0,99986,merged_H3_V1_year_VIRGO_tsne_shepard_results/pdf/tsne_shepard _p80_e10_pca40_manhattan.pdf,OK,
60,14,40,manhattan,0.5380560083809225,0.30336889238044634,0.0,99986,merged_H3_V1_year_VIRGO_tsne_shepard_results/pdf/tsne_shepard _p60_e14_pca40_manhattan.pdf,OK,
70,12,40,manhattan,0.5380560083809225,0.3023852145107282,0.0,99986,merged_H3_V1_year_VIRGO_tsne_shepard_results/pdf/tsne_shepard _p70_e12_pca40_manhattan.pdf,OK,
70,10,40,manhattan,0.5380560083809225,0.3009921019977481,0.0,99986,merged_H3_V1_year_VIRGO_tsne_shepard_results/pdf/tsne_shepard _p70_e10_pca40_manhattan.pdf,OK,
30,1000,40,cosine,0.35032461509954776,0.30070144454435754,0.0,99986,merged_H3_V1_year_VIRGO_tsne_shepard_results/pdf/tsne_shepard _p30_e1000_pca40_cosine.pdf,OK,
60,12,40,manhattan,0.5380560083809225,0.3006567276338277,0.0,99986,merged_H3_V1_year_VIRGO_tsne_shepard_results/pdf/tsne_shepard _p60_e12_pca40_manhattan.pdf,OK,
60,1000,40,manhattan,0.43902228105585533,0.30046678161094753,0.0,99986,merged_H3_V1_year_VIRGO_tsne_shepard_results/pdf/tsne_shepard _p60_e1000_pca40_manhattan.pdf,OK,
40,300,40,manhattan,0.43902228105585533,0.2996493134148481,0.0,99986,merged_H3_V1_year_VIRGO_tsne_shepard_results/pdf/tsne_shepard _p40_e300_pca40_manhattan.pdf,OK,
50,14,40,manhattan,0.5380560083809225,0.29953851675463644,0.0,99986,merged_H3_V1_year_VIRGO_tsne_shepard_results/pdf/tsne_shepard _p50_e14_pca40_manhattan.pdf,OK,
60,10,40,manhattan,0.5380560083809225,0.2978272764625536,0.0,99986,merged_H3_V1_year_VIRGO_tsne_shepard_results/pdf/tsne_shepard _p60_e10_pca40_manhattan.pdf,OK,
20,1000,40,euclidean,0.43902228105585533,0.2976655798610228,0.0,99986,merged_H3_V1_year_VIRGO_tsne_shepard_results/pdf/tsne_shepard _p20_e1000_pca40_euclidean.pdf,OK,
20,1000,40,manhattan,0.35032461509954776,0.2947839952492985,0.0,99986,merged_H3_V1_year_VIRGO_tsne_shepard_results/pdf/tsne_shepard _p20_e1000_pca40_manhattan.pdf,OK,
40,300,40,manhattan,0.35032461509954776,0.2913573963175686,0.0,99986,merged_H3_V1_year_VIRGO_tsne_shepard_results/pdf/tsne_shepard _p40_e300_pca40_manhattan.pdf,OK,
80,1000,40,manhattan,0.43902228105585533,0.2899026490553914,0.0,99986,merged_H3_V1_year_VIRGO_tsne_shepard_results/pdf/tsne_shepard _p80_e1000_pca40_manhattan.pdf,OK,
60,1000,40,cosine,0.35032461509954776,0.28619249824848336,0.0,99986,merged_H3_V1_year_VIRGO_tsne_shepard_results/pdf/tsne_shepard _p60_e1000_pca40_cosine.pdf,OK,
60,1000,40,euclidean,0.5380560083809225,0.2840717938362045,0.0,99986,merged_H3_V1_year_VIRGO_tsne_shepard_results/pdf/tsne_shepard _p60_e1000_pca40_euclidean.pdf,OK,
90,1000,40,euclidean,0.35032461509954776,0.2820279582187211,0.0,99986,merged_H3_V1_year_VIRGO_tsne_shepard_results/pdf/tsne_shepard _p90_e1000_pca40_euclidean.pdf,OK,
40,300,40,euclidean,0.43902228105585533,0.2780590893063065,0.0,99986,merged_H3_V1_year_VIRGO_tsne_shepard_results/pdf/tsne_shepard _p40_e300_pca40_euclidean.pdf,OK,
80,300,40,manhattan,0.5380560083809225,0.275676705268925,0.0,99986,merged_H3_V1_year_VIRGO_tsne_shepard_results/pdf/tsne_shepard _p80_e300_pca40_manhattan.pdf,OK,
90,1000,40,cosine,0.35032461509954776,0.27295031286947014,0.0,99986,merged_H3_V1_year_VIRGO_tsne_shepard_results/pdf/tsne_shepard _p90_e1000_pca40_cosine.pdf,OK,
10,300,40,cosine,0.5380560083809225,0.2683463376639341,0.0,99986,merged_H3_V1_year_VIRGO_tsne_shepard_results/pdf/tsne_shepard _p10_e300_pca40_cosine.pdf,OK,
10,1000,40,cosine,0.43902228105585533,0.2680468314335335,0.0,99986,merged_H3_V1_year_VIRGO_tsne_shepard_results/pdf/tsne_shepard _p10_e1000_pca40_cosine.pdf,OK,
10,1000,40,euclidean,0.35032461509954776,0.26595474820918785,0.0,99986,merged_H3_V1_year_VIRGO_tsne_shepard_results/pdf/tsne_shepard _p10_e1000_pca40_euclidean.pdf,OK,
80,1000,40,manhattan,0.5380560083809225,0.26533295348595254,0.0,99986,merged_H3_V1_year_VIRGO_tsne_shepard_results/pdf/tsne_shepard _p80_e1000_pca40_manhattan.pdf,OK,
40,1000,40,euclidean,0.43902228105585533,0.2644203565827683,0.0,99986,merged_H3_V1_year_VIRGO_tsne_shepard_results/pdf/tsne_shepard _p40_e1000_pca40_euclidean.pdf,OK,
70,1000,40,manhattan,0.5380560083809225,0.26277645816417955,0.0,99986,merged_H3_V1_year_VIRGO_tsne_shepard_results/pdf/tsne_shepard _p70_e1000_pca40_manhattan.pdf,OK,
30,1000,40,cosine,0.43902228105585533,0.2615341537618006,0.0,99986,merged_H3_V1_year_VIRGO_tsne_shepard_results/pdf/tsne_shepard _p30_e1000_pca40_cosine.pdf,OK,
40,300,40,euclidean,0.5380560083809225,0.2600845048502107,0.0,99986,merged_H3_V1_year_VIRGO_tsne_shepard_results/pdf/tsne_shepard _p40_e300_pca40_euclidean.pdf,OK,
50,300,40,manhattan,0.5380560083809225,0.258863136326717,0.0,99986,merged_H3_V1_year_VIRGO_tsne_shepard_results/pdf/tsne_shepard _p50_e300_pca40_manhattan.pdf,OK,
40,100,40,manhattan,0.5380560083809225,0.2549963824040774,0.0,99986,merged_H3_V1_year_VIRGO_tsne_shepard_results/pdf/tsne_shepard _p40_e100_pca40_manhattan.pdf,OK,
70,1000,40,euclidean,0.5380560083809225,0.25465724907897574,0.0,99986,merged_H3_V1_year_VIRGO_tsne_shepard_results/pdf/tsne_shepard _p70_e1000_pca40_euclidean.pdf,OK,
40,1000,40,cosine,0.43902228105585533,0.2537317920876176,0.0,99986,merged_H3_V1_year_VIRGO_tsne_shepard_results/pdf/tsne_shepard _p40_e1000_pca40_cosine.pdf,OK,
50,300,40,manhattan,0.43902228105585533,0.2535302784730462,0.0,99986,merged_H3_V1_year_VIRGO_tsne_shepard_results/pdf/tsne_shepard _p50_e300_pca40_manhattan.pdf,OK,
40,1000,40,cosine,0.18691083958386828,0.250128728243665,0.0,99986,merged_H3_V1_year_VIRGO_tsne_shepard_results/pdf/tsne_shepard _p40_e1000_pca40_cosine.pdf,OK,
70,300,40,manhattan,0.5380560083809225,0.24605269627389306,0.0,99986,merged_H3_V1_year_VIRGO_tsne_shepard_results/pdf/tsne_shepard _p70_e300_pca40_manhattan.pdf,OK,
30,1000,40,manhattan,0.5380560083809225,0.24449655014002386,0.0,99986,merged_H3_V1_year_VIRGO_tsne_shepard_results/pdf/tsne_shepard _p30_e1000_pca40_manhattan.pdf,OK,
30,300,40,manhattan,0.35032461509954776,0.2440115563966527,0.0,99986,merged_H3_V1_year_VIRGO_tsne_shepard_results/pdf/tsne_shepard _p30_e300_pca40_manhattan.pdf,OK,
40,1000,40,cosine,0.35032461509954776,0.23978519542497923,0.0,99986,merged_H3_V1_year_VIRGO_tsne_shepard_results/pdf/tsne_shepard _p40_e1000_pca40_cosine.pdf,OK,
10,1000,40,manhattan,0.5380560083809225,0.23794569226759577,0.0,99986,merged_H3_V1_year_VIRGO_tsne_shepard_results/pdf/tsne_shepard _p10_e1000_pca40_manhattan.pdf,OK,
40,300,40,manhattan,0.5380560083809225,0.2344123462360264,0.0,99986,merged_H3_V1_year_VIRGO_tsne_shepard_results/pdf/tsne_shepard _p40_e300_pca40_manhattan.pdf,OK,
100,300,40,manhattan,0.5380560083809225,0.23207255049590178,0.0,99986,merged_H3_V1_year_VIRGO_tsne_shepard_results/pdf/tsne_shepard _p100_e300_pca40_manhattan.pdf,OK,
70,300,40,euclidean,0.5380560083809225,0.22995848504754818,0.0,99986,merged_H3_V1_year_VIRGO_tsne_shepard_results/pdf/tsne_shepard _p70_e300_pca40_euclidean.pdf,OK,
90,300,40,manhattan,0.5380560083809225,0.22904217387349268,0.0,99986,merged_H3_V1_year_VIRGO_tsne_shepard_results/pdf/tsne_shepard _p90_e300_pca40_manhattan.pdf,OK,
10,1000,40,cosine,0.35032461509954776,0.22374428685587705,0.0,99986,merged_H3_V1_year_VIRGO_tsne_shepard_results/pdf/tsne_shepard _p10_e1000_pca40_cosine.pdf,OK,
20,300,40,cosine,0.5380560083809225,0.22311445326889245,0.0,99986,merged_H3_V1_year_VIRGO_tsne_shepard_results/pdf/tsne_shepard _p20_e300_pca40_cosine.pdf,OK,
100,1000,40,manhattan,0.43902228105585533,0.22237983642307393,0.0,99986,merged_H3_V1_year_VIRGO_tsne_shepard_results/pdf/tsne_shepard _p100_e1000_pca40_manhattan.pdf,OK,
90,1000,40,cosine,0.18691083958386828,0.21775125989079072,0.0,99986,merged_H3_V1_year_VIRGO_tsne_shepard_results/pdf/tsne_shepard _p90_e1000_pca40_cosine.pdf,OK,
80,1000,40,cosine,0.18691083958386828,0.20554864448515847,0.0,99986,merged_H3_V1_year_VIRGO_tsne_shepard_results/pdf/tsne_shepard _p80_e1000_pca40_cosine.pdf,OK,
50,1000,40,cosine,0.18691083958386828,0.19411316516952395,0.0,99986,merged_H3_V1_year_VIRGO_tsne_shepard_results/pdf/tsne_shepard _p50_e1000_pca40_cosine.pdf,OK,
100,1000,40,cosine,0.18691083958386828,0.19194340579876357,0.0,99986,merged_H3_V1_year_VIRGO_tsne_shepard_results/pdf/tsne_shepard _p100_e1000_pca40_cosine.pdf,OK,
20,1000,40,manhattan,0.18691083958386828,0.17509672611185043,0.0,99986,merged_H3_V1_year_VIRGO_tsne_shepard_results/pdf/tsne_shepard _p20_e1000_pca40_manhattan.pdf,OK,
10,1000,40,cosine,0.5380560083809225,0.11832041906895552,1.696177542414417e-308,99986,merged_H3_V1_year_VIRGO_tsne_shepard_results/pdf/tsne_shepard _p10_e1000_pca40_cosine.pdf,OK,
30,1000,40,cosine,0.18691083958386828,0.11267601341909418,8.741290628640736e-280,99986,merged_H3_V1_year_VIRGO_tsne_shepard_results/pdf/tsne_shepard _p30_e1000_pca40_cosine.pdf,OK,
10,300,40,cosine,0.18691083958386828,0.09701157935236271,1.3097706943738419e-207,99986,merged_H3_V1_year_VIRGO_tsne_shepard_results/pdf/tsne_shepard _p10_e300_pca40_cosine.pdf,OK,
70,1000,40,cosine,0.18691083958386828,0.0930467269003413,4.415864719099183e-191,99986,merged_H3_V1_year_VIRGO_tsne_shepard_results/pdf/tsne_shepard _p70_e1000_pca40_cosine.pdf,OK,
10,1000,40,manhattan,0.18691083958386828,0.07937585082541809,1.890452635205146e-139,99986,merged_H3_V1_year_VIRGO_tsne_shepard_results/pdf/tsne_shepard _p10_e1000_pca40_manhattan.pdf,OK,
20,1000,40,cosine,0.18691083958386828,0.05651577354347694,1.5525099280671866e-71,99986,merged_H3_V1_year_VIRGO_tsne_shepard_results/pdf/tsne_shepard _p20_e1000_pca40_cosine.pdf,OK,
10,1000,40,euclidean,0.18691083958386828,0.05178983380914894,2.3673522947042162e-60,99986,merged_H3_V1_year_VIRGO_tsne_shepard_results/pdf/tsne_shepard _p10_e1000_pca40_euclidean.pdf,OK,
10,1000,40,cosine,0.18691083958386828,0.027674840149944258,2.0866439370874344e-18,99986,merged_H3_V1_year_VIRGO_tsne_shepard_results/pdf/tsne_shepard _p10_e1000_pca40_cosine.pdf,OK,
