perplexity,early_exaggeration,pca_components,metric,explained_variance,spearman_rho,p_value,n_pairs,pdf,status,error
10,10,40,euclidean,0.17878070617143674,0.8204250374300079,0.0,99995,year_VIRGO_tsne_shepard_results/pdf/tsne_shepard _p10_e10_pca40_euclidean.pdf,OK,
10,10,40,manhattan,0.17878070617143674,0.8197890556198033,0.0,99995,year_VIRGO_tsne_shepard_results/pdf/tsne_shepard _p10_e10_pca40_manhattan.pdf,OK,
10,10,40,cosine,0.17878070617143674,0.7215156337917042,0.0,99995,year_VIRGO_tsne_shepard_results/pdf/tsne_shepard _p10_e10_pca40_cosine.pdf,OK,
10,10,40,euclidean,0.36395096328206755,0.42950946224696346,0.0,99995,year_VIRGO_tsne_shepard_results/pdf/tsne_shepard _p10_e10_pca40_euclidean.pdf,OK,
10,10,40,manhattan,0.36395096328206755,0.3926141947737677,0.0,99995,year_VIRGO_tsne_shepard_results/pdf/tsne_shepard _p10_e10_pca40_manhattan.pdf,OK,
10,10,40,cosine,0.36395096328206755,0.6757106902404048,0.0,99995,year_VIRGO_tsne_shepard_results/pdf/tsne_shepard _p10_e10_pca40_cosine.pdf,OK,
10,10,40,euclidean,0.4581330224820056,0.3225147932188149,0.0,99995,year_VIRGO_tsne_shepard_results/pdf/tsne_shepard _p10_e10_pca40_euclidean.pdf,OK,
10,10,40,manhattan,0.4581330224820056,0.2682570278321429,0.0,99995,year_VIRGO_tsne_shepard_results/pdf/tsne_shepard _p10_e10_pca40_manhattan.pdf,OK,
10,10,40,cosine,0.4581330224820056,0.6416094146850553,0.0,99995,year_VIRGO_tsne_shepard_results/pdf/tsne_shepard _p10_e10_pca40_cosine.pdf,OK,
10,10,40,euclidean,0.5566912206836107,0.2816885594527851,0.0,99995,year_VIRGO_tsne_shepard_results/pdf/tsne_shepard _p10_e10_pca40_euclidean.pdf,OK,
10,10,40,manhattan,0.5566912206836107,0.21451708293938693,0.0,99995,year_VIRGO_tsne_shepard_results/pdf/tsne_shepard _p10_e10_pca40_manhattan.pdf,OK,
10,10,40,cosine,0.5566912206836107,0.6132497777196293,0.0,99995,year_VIRGO_tsne_shepard_results/pdf/tsne_shepard _p10_e10_pca40_cosine.pdf,OK,
10,12,40,euclidean,0.17878070617143674,0.82209293188573,0.0,99995,year_VIRGO_tsne_shepard_results/pdf/tsne_shepard _p10_e12_pca40_euclidean.pdf,OK,
10,12,40,manhattan,0.17878070617143674,0.8183679687977785,0.0,99995,year_VIRGO_tsne_shepard_results/pdf/tsne_shepard _p10_e12_pca40_manhattan.pdf,OK,
10,12,40,cosine,0.17878070617143674,0.721000541903505,0.0,99995,year_VIRGO_tsne_shepard_results/pdf/tsne_shepard _p10_e12_pca40_cosine.pdf,OK,
10,12,40,euclidean,0.36395096328206755,0.4242021740699738,0.0,99995,year_VIRGO_tsne_shepard_results/pdf/tsne_shepard _p10_e12_pca40_euclidean.pdf,OK,
10,12,40,manhattan,0.36395096328206755,0.3973437865328217,0.0,99995,year_VIRGO_tsne_shepard_results/pdf/tsne_shepard _p10_e12_pca40_manhattan.pdf,OK,
10,12,40,cosine,0.36395096328206755,0.6830656307573928,0.0,99995,year_VIRGO_tsne_shepard_results/pdf/tsne_shepard _p10_e12_pca40_cosine.pdf,OK,
10,12,40,euclidean,0.4581330224820056,0.32436558422599093,0.0,99995,year_VIRGO_tsne_shepard_results/pdf/tsne_shepard _p10_e12_pca40_euclidean.pdf,OK,
10,12,40,manhattan,0.4581330224820056,0.2595586257729997,0.0,99995,year_VIRGO_tsne_shepard_results/pdf/tsne_shepard _p10_e12_pca40_manhattan.pdf,OK,
10,12,40,cosine,0.4581330224820056,0.645321337020044,0.0,99995,year_VIRGO_tsne_shepard_results/pdf/tsne_shepard _p10_e12_pca40_cosine.pdf,OK,
10,12,40,euclidean,0.5566912206836107,0.27083749540421365,0.0,99995,year_VIRGO_tsne_shepard_results/pdf/tsne_shepard _p10_e12_pca40_euclidean.pdf,OK,
10,12,40,manhattan,0.5566912206836107,0.2048115364063569,0.0,99995,year_VIRGO_tsne_shepard_results/pdf/tsne_shepard _p10_e12_pca40_manhattan.pdf,OK,
10,12,40,cosine,0.5566912206836107,0.6154875507459936,0.0,99995,year_VIRGO_tsne_shepard_results/pdf/tsne_shepard _p10_e12_pca40_cosine.pdf,OK,
10,14,40,euclidean,0.17878070617143674,0.8215324049546536,0.0,99995,year_VIRGO_tsne_shepard_results/pdf/tsne_shepard _p10_e14_pca40_euclidean.pdf,OK,
10,14,40,manhattan,0.17878070617143674,0.8180662381883359,0.0,99995,year_VIRGO_tsne_shepard_results/pdf/tsne_shepard _p10_e14_pca40_manhattan.pdf,OK,
10,14,40,cosine,0.17878070617143674,0.722905482893511,0.0,99995,year_VIRGO_tsne_shepard_results/pdf/tsne_shepard _p10_e14_pca40_cosine.pdf,OK,
10,14,40,euclidean,0.36395096328206755,0.4286181846291844,0.0,99995,year_VIRGO_tsne_shepard_results/pdf/tsne_shepard _p10_e14_pca40_euclidean.pdf,OK,
10,14,40,manhattan,0.36395096328206755,0.3967929351453868,0.0,99995,year_VIRGO_tsne_shepard_results/pdf/tsne_shepard _p10_e14_pca40_manhattan.pdf,OK,
10,14,40,cosine,0.36395096328206755,0.6826187121951106,0.0,99995,year_VIRGO_tsne_shepard_results/pdf/tsne_shepard _p10_e14_pca40_cosine.pdf,OK,
10,14,40,euclidean,0.4581330224820056,0.3169829880086823,0.0,99995,year_VIRGO_tsne_shepard_results/pdf/tsne_shepard _p10_e14_pca40_euclidean.pdf,OK,
10,14,40,manhattan,0.4581330224820056,0.26614875776881597,0.0,99995,year_VIRGO_tsne_shepard_results/pdf/tsne_shepard _p10_e14_pca40_manhattan.pdf,OK,
10,14,40,cosine,0.4581330224820056,0.6455993809400695,0.0,99995,year_VIRGO_tsne_shepard_results/pdf/tsne_shepard _p10_e14_pca40_cosine.pdf,OK,
10,14,40,euclidean,0.5566912206836107,0.27337096779208103,0.0,99995,year_VIRGO_tsne_shepard_results/pdf/tsne_shepard _p10_e14_pca40_euclidean.pdf,OK,
10,14,40,manhattan,0.5566912206836107,0.21052144372701445,0.0,99995,year_VIRGO_tsne_shepard_results/pdf/tsne_shepard _p10_e14_pca40_manhattan.pdf,OK,
10,14,40,cosine,0.5566912206836107,0.6158676199965522,0.0,99995,year_VIRGO_tsne_shepard_results/pdf/tsne_shepard _p10_e14_pca40_cosine.pdf,OK,
10,20,40,euclidean,0.17878070617143674,0.8210132542680787,0.0,99995,year_VIRGO_tsne_shepard_results/pdf/tsne_shepard _p10_e20_pca40_euclidean.pdf,OK,
10,20,40,manhattan,0.17878070617143674,0.8194549515527753,0.0,99995,year_VIRGO_tsne_shepard_results/pdf/tsne_shepard _p10_e20_pca40_manhattan.pdf,OK,
10,20,40,cosine,0.17878070617143674,0.723248554308058,0.0,99995,year_VIRGO_tsne_shepard_results/pdf/tsne_shepard _p10_e20_pca40_cosine.pdf,OK,
10,20,40,euclidean,0.36395096328206755,0.42980606577000013,0.0,99995,year_VIRGO_tsne_shepard_results/pdf/tsne_shepard _p10_e20_pca40_euclidean.pdf,OK,
10,20,40,manhattan,0.36395096328206755,0.3962376605802713,0.0,99995,year_VIRGO_tsne_shepard_results/pdf/tsne_shepard _p10_e20_pca40_manhattan.pdf,OK,
10,20,40,cosine,0.36395096328206755,0.6883171850854046,0.0,99995,year_VIRGO_tsne_shepard_results/pdf/tsne_shepard _p10_e20_pca40_cosine.pdf,OK,
10,20,40,euclidean,0.4581330224820056,0.3224900098597977,0.0,99995,year_VIRGO_tsne_shepard_results/pdf/tsne_shepard _p10_e20_pca40_euclidean.pdf,OK,
10,20,40,manhattan,0.4581330224820056,0.27322819320129055,0.0,99995,year_VIRGO_tsne_shepard_results/pdf/tsne_shepard _p10_e20_pca40_manhattan.pdf,OK,
10,20,40,cosine,0.4581330224820056,0.6525711833943163,0.0,99995,year_VIRGO_tsne_shepard_results/pdf/tsne_shepard _p10_e20_pca40_cosine.pdf,OK,
10,20,40,euclidean,0.5566912206836107,0.27846545415046675,0.0,99995,year_VIRGO_tsne_shepard_results/pdf/tsne_shepard _p10_e20_pca40_euclidean.pdf,OK,
10,20,40,manhattan,0.5566912206836107,0.21664463792908525,0.0,99995,year_VIRGO_tsne_shepard_results/pdf/tsne_shepard _p10_e20_pca40_manhattan.pdf,OK,
10,20,40,cosine,0.5566912206836107,0.6202013072648608,0.0,99995,year_VIRGO_tsne_shepard_results/pdf/tsne_shepard _p10_e20_pca40_cosine.pdf,OK,
10,100,40,euclidean,0.17878070617143674,0.8140959712921207,0.0,99995,year_VIRGO_tsne_shepard_results/pdf/tsne_shepard _p10_e100_pca40_euclidean.pdf,OK,
10,100,40,manhattan,0.17878070617143674,0.8130904771514303,0.0,99995,year_VIRGO_tsne_shepard_results/pdf/tsne_shepard _p10_e100_pca40_manhattan.pdf,OK,
10,100,40,cosine,0.17878070617143674,0.7161985880695659,0.0,99995,year_VIRGO_tsne_shepard_results/pdf/tsne_shepard _p10_e100_pca40_cosine.pdf,OK,
10,100,40,euclidean,0.36395096328206755,0.5795777766360335,0.0,99995,year_VIRGO_tsne_shepard_results/pdf/tsne_shepard _p10_e100_pca40_euclidean.pdf,OK,
10,100,40,manhattan,0.36395096328206755,0.5412423601857246,0.0,99995,year_VIRGO_tsne_shepard_results/pdf/tsne_shepard _p10_e100_pca40_manhattan.pdf,OK,
10,100,40,cosine,0.36395096328206755,0.6872569436744328,0.0,99995,year_VIRGO_tsne_shepard_results/pdf/tsne_shepard _p10_e100_pca40_cosine.pdf,OK,
10,100,40,euclidean,0.4581330224820056,0.5065083642225734,0.0,99995,year_VIRGO_tsne_shepard_results/pdf/tsne_shepard _p10_e100_pca40_euclidean.pdf,OK,
10,100,40,manhattan,0.4581330224820056,0.4434365539425772,0.0,99995,year_VIRGO_tsne_shepard_results/pdf/tsne_shepard _p10_e100_pca40_manhattan.pdf,OK,
10,100,40,cosine,0.4581330224820056,0.6532936410773966,0.0,99995,year_VIRGO_tsne_shepard_results/pdf/tsne_shepard _p10_e100_pca40_cosine.pdf,OK,
10,100,40,euclidean,0.5566912206836107,0.40323280386294397,0.0,99995,year_VIRGO_tsne_shepard_results/pdf/tsne_shepard _p10_e100_pca40_euclidean.pdf,OK,
10,100,40,manhattan,0.5566912206836107,0.28722731339582225,0.0,99995,year_VIRGO_tsne_shepard_results/pdf/tsne_shepard _p10_e100_pca40_manhattan.pdf,OK,
10,100,40,cosine,0.5566912206836107,0.6250813492077426,0.0,99995,year_VIRGO_tsne_shepard_results/pdf/tsne_shepard _p10_e100_pca40_cosine.pdf,OK,
10,300,40,euclidean,0.17878070617143674,0.8153016315517043,0.0,99995,year_VIRGO_tsne_shepard_results/pdf/tsne_shepard _p10_e300_pca40_euclidean.pdf,OK,
10,300,40,manhattan,0.17878070617143674,0.8137688359653746,0.0,99995,year_VIRGO_tsne_shepard_results/pdf/tsne_shepard _p10_e300_pca40_manhattan.pdf,OK,
10,300,40,cosine,0.17878070617143674,0.7211346539326238,0.0,99995,year_VIRGO_tsne_shepard_results/pdf/tsne_shepard _p10_e300_pca40_cosine.pdf,OK,
10,300,40,euclidean,0.36395096328206755,0.5238894533612167,0.0,99995,year_VIRGO_tsne_shepard_results/pdf/tsne_shepard _p10_e300_pca40_euclidean.pdf,OK,
10,300,40,manhattan,0.36395096328206755,0.38135261223037414,0.0,99995,year_VIRGO_tsne_shepard_results/pdf/tsne_shepard _p10_e300_pca40_manhattan.pdf,OK,
10,300,40,cosine,0.36395096328206755,0.6887868751294483,0.0,99995,year_VIRGO_tsne_shepard_results/pdf/tsne_shepard _p10_e300_pca40_cosine.pdf,OK,
10,300,40,euclidean,0.4581330224820056,0.4716533955288212,0.0,99995,year_VIRGO_tsne_shepard_results/pdf/tsne_shepard _p10_e300_pca40_euclidean.pdf,OK,
10,300,40,manhattan,0.4581330224820056,0.31525662431533624,0.0,99995,year_VIRGO_tsne_shepard_results/pdf/tsne_shepard _p10_e300_pca40_manhattan.pdf,OK,
10,300,40,cosine,0.4581330224820056,0.5215178850468257,0.0,99995,year_VIRGO_tsne_shepard_results/pdf/tsne_shepard _p10_e300_pca40_cosine.pdf,OK,
10,300,40,euclidean,0.5566912206836107,0.3618762318530267,0.0,99995,year_VIRGO_tsne_shepard_results/pdf/tsne_shepard _p10_e300_pca40_euclidean.pdf,OK,
10,300,40,manhattan,0.5566912206836107,0.24450157448132237,0.0,99995,year_VIRGO_tsne_shepard_results/pdf/tsne_shepard _p10_e300_pca40_manhattan.pdf,OK,
10,300,40,cosine,0.5566912206836107,0.3975419153065017,0.0,99995,year_VIRGO_tsne_shepard_results/pdf/tsne_shepard _p10_e300_pca40_cosine.pdf,OK,
10,1000,40,euclidean,0.17878070617143674,0.15781204341968993,0.0,99995,year_VIRGO_tsne_shepard_results/pdf/tsne_shepard _p10_e1000_pca40_euclidean.pdf,OK,
10,1000,40,manhattan,0.17878070617143674,0.1902612516446475,0.0,99995,year_VIRGO_tsne_shepard_results/pdf/tsne_shepard _p10_e1000_pca40_manhattan.pdf,OK,
10,1000,40,cosine,0.17878070617143674,0.044972743226382464,6.115430392683456e-46,99995,year_VIRGO_tsne_shepard_results/pdf/tsne_shepard _p10_e1000_pca40_cosine.pdf,OK,
10,1000,40,euclidean,0.36395096328206755,0.34465906932214163,0.0,99995,year_VIRGO_tsne_shepard_results/pdf/tsne_shepard _p10_e1000_pca40_euclidean.pdf,OK,
10,1000,40,manhattan,0.36395096328206755,0.3638692413921554,0.0,99995,year_VIRGO_tsne_shepard_results/pdf/tsne_shepard _p10_e1000_pca40_manhattan.pdf,OK,
10,1000,40,cosine,0.36395096328206755,0.1484394513083453,0.0,99995,year_VIRGO_tsne_shepard_results/pdf/tsne_shepard _p10_e1000_pca40_cosine.pdf,OK,
10,1000,40,euclidean,0.4581330224820056,0.34754051537837055,0.0,99995,year_VIRGO_tsne_shepard_results/pdf/tsne_shepard _p10_e1000_pca40_euclidean.pdf,OK,
10,1000,40,manhattan,0.4581330224820056,0.3585144619466065,0.0,99995,year_VIRGO_tsne_shepard_results/pdf/tsne_shepard _p10_e1000_pca40_manhattan.pdf,OK,
10,1000,40,cosine,0.4581330224820056,0.11333569315193785,4.313595819205031e-283,99995,year_VIRGO_tsne_shepard_results/pdf/tsne_shepard _p10_e1000_pca40_cosine.pdf,OK,
10,1000,40,euclidean,0.5566912206836107,0.27500043232379173,0.0,99995,year_VIRGO_tsne_shepard_results/pdf/tsne_shepard _p10_e1000_pca40_euclidean.pdf,OK,
10,1000,40,manhattan,0.5566912206836107,0.3325078703412371,0.0,99995,year_VIRGO_tsne_shepard_results/pdf/tsne_shepard _p10_e1000_pca40_manhattan.pdf,OK,
10,1000,40,cosine,0.5566912206836107,0.21204293305010471,0.0,99995,year_VIRGO_tsne_shepard_results/pdf/tsne_shepard _p10_e1000_pca40_cosine.pdf,OK,
20,10,40,euclidean,0.17878070617143674,0.8249275762768208,0.0,99995,year_VIRGO_tsne_shepard_results/pdf/tsne_shepard _p20_e10_pca40_euclidean.pdf,OK,
20,10,40,manhattan,0.17878070617143674,0.8165507511041129,0.0,99995,year_VIRGO_tsne_shepard_results/pdf/tsne_shepard _p20_e10_pca40_manhattan.pdf,OK,
20,10,40,cosine,0.17878070617143674,0.7232906604076981,0.0,99995,year_VIRGO_tsne_shepard_results/pdf/tsne_shepard _p20_e10_pca40_cosine.pdf,OK,
20,10,40,euclidean,0.36395096328206755,0.42127164369006276,0.0,99995,year_VIRGO_tsne_shepard_results/pdf/tsne_shepard _p20_e10_pca40_euclidean.pdf,OK,
20,10,40,manhattan,0.36395096328206755,0.3860691206918191,0.0,99995,year_VIRGO_tsne_shepard_results/pdf/tsne_shepard _p20_e10_pca40_manhattan.pdf,OK,
20,10,40,cosine,0.36395096328206755,0.6888965615917412,0.0,99995,year_VIRGO_tsne_shepard_results/pdf/tsne_shepard _p20_e10_pca40_cosine.pdf,OK,
20,10,40,euclidean,0.4581330224820056,0.3091870494170187,0.0,99995,year_VIRGO_tsne_shepard_results/pdf/tsne_shepard _p20_e10_pca40_euclidean.pdf,OK,
20,10,40,manhattan,0.4581330224820056,0.26222141928398274,0.0,99995,year_VIRGO_tsne_shepard_results/pdf/tsne_shepard _p20_e10_pca40_manhattan.pdf,OK,
20,10,40,cosine,0.4581330224820056,0.6503096357508922,0.0,99995,year_VIRGO_tsne_shepard_results/pdf/tsne_shepard _p20_e10_pca40_cosine.pdf,OK,
20,10,40,euclidean,0.5566912206836107,0.2720821221411314,0.0,99995,year_VIRGO_tsne_shepard_results/pdf/tsne_shepard _p20_e10_pca40_euclidean.pdf,OK,
20,10,40,manhattan,0.5566912206836107,0.20651817321244537,0.0,99995,year_VIRGO_tsne_shepard_results/pdf/tsne_shepard _p20_e10_pca40_manhattan.pdf,OK,
20,10,40,cosine,0.5566912206836107,0.6227376401023927,0.0,99995,year_VIRGO_tsne_shepard_results/pdf/tsne_shepard _p20_e10_pca40_cosine.pdf,OK,
20,12,40,euclidean,0.17878070617143674,0.8209469879814132,0.0,99995,year_VIRGO_tsne_shepard_results/pdf/tsne_shepard _p20_e12_pca40_euclidean.pdf,OK,
20,12,40,manhattan,0.17878070617143674,0.8149343518171074,0.0,99995,year_VIRGO_tsne_shepard_results/pdf/tsne_shepard _p20_e12_pca40_manhattan.pdf,OK,
20,12,40,cosine,0.17878070617143674,0.7284623072001501,0.0,99995,year_VIRGO_tsne_shepard_results/pdf/tsne_shepard _p20_e12_pca40_cosine.pdf,OK,
20,12,40,euclidean,0.36395096328206755,0.4278343033784367,0.0,99995,year_VIRGO_tsne_shepard_results/pdf/tsne_shepard _p20_e12_pca40_euclidean.pdf,OK,
20,12,40,manhattan,0.36395096328206755,0.3881134082429275,0.0,99995,year_VIRGO_tsne_shepard_results/pdf/tsne_shepard _p20_e12_pca40_manhattan.pdf,OK,
20,12,40,cosine,0.36395096328206755,0.6881735078682314,0.0,99995,year_VIRGO_tsne_shepard_results/pdf/tsne_shepard _p20_e12_pca40_cosine.pdf,OK,
20,12,40,euclidean,0.4581330224820056,0.31800098756327505,0.0,99995,year_VIRGO_tsne_shepard_results/pdf/tsne_shepard _p20_e12_pca40_euclidean.pdf,OK,
20,12,40,manhattan,0.4581330224820056,0.26558199296375334,0.0,99995,year_VIRGO_tsne_shepard_results/pdf/tsne_shepard _p20_e12_pca40_manhattan.pdf,OK,
20,12,40,cosine,0.4581330224820056,0.6551199768460466,0.0,99995,year_VIRGO_tsne_shepard_results/pdf/tsne_shepard _p20_e12_pca40_cosine.pdf,OK,
20,12,40,euclidean,0.5566912206836107,0.27470086138172023,0.0,99995,year_VIRGO_tsne_shepard_results/pdf/tsne_shepard _p20_e12_pca40_euclidean.pdf,OK,
20,12,40,manhattan,0.5566912206836107,0.20813173577049338,0.0,99995,year_VIRGO_tsne_shepard_results/pdf/tsne_shepard _p20_e12_pca40_manhattan.pdf,OK,
20,12,40,cosine,0.5566912206836107,0.6233622229253719,0.0,99995,year_VIRGO_tsne_shepard_results/pdf/tsne_shepard _p20_e12_pca40_cosine.pdf,OK,
20,14,40,euclidean,0.17878070617143674,0.8178978353351684,0.0,99995,year_VIRGO_tsne_shepard_results/pdf/tsne_shepard _p20_e14_pca40_euclidean.pdf,OK,
20,14,40,manhattan,0.17878070617143674,0.8120625899186734,0.0,99995,year_VIRGO_tsne_shepard_results/pdf/tsne_shepard _p20_e14_pca40_manhattan.pdf,OK,
20,14,40,cosine,0.17878070617143674,0.727573766401888,0.0,99995,year_VIRGO_tsne_shepard_results/pdf/tsne_shepard _p20_e14_pca40_cosine.pdf,OK,
20,14,40,euclidean,0.36395096328206755,0.42574688952162976,0.0,99995,year_VIRGO_tsne_shepard_results/pdf/tsne_shepard _p20_e14_pca40_euclidean.pdf,OK,
20,14,40,manhattan,0.36395096328206755,0.3879157084698009,0.0,99995,year_VIRGO_tsne_shepard_results/pdf/tsne_shepard _p20_e14_pca40_manhattan.pdf,OK,
20,14,40,cosine,0.36395096328206755,0.6892038875327007,0.0,99995,year_VIRGO_tsne_shepard_results/pdf/tsne_shepard _p20_e14_pca40_cosine.pdf,OK,
20,14,40,euclidean,0.4581330224820056,0.31841859091277563,0.0,99995,year_VIRGO_tsne_shepard_results/pdf/tsne_shepard _p20_e14_pca40_euclidean.pdf,OK,
20,14,40,manhattan,0.4581330224820056,0.26779875607702786,0.0,99995,year_VIRGO_tsne_shepard_results/pdf/tsne_shepard _p20_e14_pca40_manhattan.pdf,OK,
20,14,40,cosine,0.4581330224820056,0.6586215834627713,0.0,99995,year_VIRGO_tsne_shepard_results/pdf/tsne_shepard _p20_e14_pca40_cosine.pdf,OK,
20,14,40,euclidean,0.5566912206836107,0.27319584797592067,0.0,99995,year_VIRGO_tsne_shepard_results/pdf/tsne_shepard _p20_e14_pca40_euclidean.pdf,OK,
20,14,40,manhattan,0.5566912206836107,0.2097764640902082,0.0,99995,year_VIRGO_tsne_shepard_results/pdf/tsne_shepard _p20_e14_pca40_manhattan.pdf,OK,
20,14,40,cosine,0.5566912206836107,0.6248100913343738,0.0,99995,year_VIRGO_tsne_shepard_results/pdf/tsne_shepard _p20_e14_pca40_cosine.pdf,OK,
20,20,40,euclidean,0.17878070617143674,0.8165651710212719,0.0,99995,year_VIRGO_tsne_shepard_results/pdf/tsne_shepard _p20_e20_pca40_euclidean.pdf,OK,
20,20,40,manhattan,0.17878070617143674,0.8103938510805437,0.0,99995,year_VIRGO_tsne_shepard_results/pdf/tsne_shepard _p20_e20_pca40_manhattan.pdf,OK,
20,20,40,cosine,0.17878070617143674,0.7256851089422841,0.0,99995,year_VIRGO_tsne_shepard_results/pdf/tsne_shepard _p20_e20_pca40_cosine.pdf,OK,
20,20,40,euclidean,0.36395096328206755,0.41736220886714664,0.0,99995,year_VIRGO_tsne_shepard_results/pdf/tsne_shepard _p20_e20_pca40_euclidean.pdf,OK,
20,20,40,manhattan,0.36395096328206755,0.38118599266632647,0.0,99995,year_VIRGO_tsne_shepard_results/pdf/tsne_shepard _p20_e20_pca40_manhattan.pdf,OK,
20,20,40,cosine,0.36395096328206755,0.6889767735042803,0.0,99995,year_VIRGO_tsne_shepard_results/pdf/tsne_shepard _p20_e20_pca40_cosine.pdf,OK,
20,20,40,euclidean,0.4581330224820056,0.3278608114422878,0.0,99995,year_VIRGO_tsne_shepard_results/pdf/tsne_shepard _p20_e20_pca40_euclidean.pdf,OK,
20,20,40,manhattan,0.4581330224820056,0.27373868336620255,0.0,99995,year_VIRGO_tsne_shepard_results/pdf/tsne_shepard _p20_e20_pca40_manhattan.pdf,OK,
20,20,40,cosine,0.4581330224820056,0.6578965900320873,0.0,99995,year_VIRGO_tsne_shepard_results/pdf/tsne_shepard _p20_e20_pca40_cosine.pdf,OK,
20,20,40,euclidean,0.5566912206836107,0.27734635145504094,0.0,99995,year_VIRGO_tsne_shepard_results/pdf/tsne_shepard _p20_e20_pca40_euclidean.pdf,OK,
20,20,40,manhattan,0.5566912206836107,0.21779011100281764,0.0,99995,year_VIRGO_tsne_shepard_results/pdf/tsne_shepard _p20_e20_pca40_manhattan.pdf,OK,
20,20,40,cosine,0.5566912206836107,0.6251732108592928,0.0,99995,year_VIRGO_tsne_shepard_results/pdf/tsne_shepard _p20_e20_pca40_cosine.pdf,OK,
20,100,40,euclidean,0.17878070617143674,0.8032362683142968,0.0,99995,year_VIRGO_tsne_shepard_results/pdf/tsne_shepard _p20_e100_pca40_euclidean.pdf,OK,
20,100,40,manhattan,0.17878070617143674,0.7972407947755146,0.0,99995,year_VIRGO_tsne_shepard_results/pdf/tsne_shepard _p20_e100_pca40_manhattan.pdf,OK,
20,100,40,cosine,0.17878070617143674,0.7223012210153139,0.0,99995,year_VIRGO_tsne_shepard_results/pdf/tsne_shepard _p20_e100_pca40_cosine.pdf,OK,
20,100,40,euclidean,0.36395096328206755,0.5733548051532015,0.0,99995,year_VIRGO_tsne_shepard_results/pdf/tsne_shepard _p20_e100_pca40_euclidean.pdf,OK,
20,100,40,manhattan,0.36395096328206755,0.5364941406144255,0.0,99995,year_VIRGO_tsne_shepard_results/pdf/tsne_shepard _p20_e100_pca40_manhattan.pdf,OK,
20,100,40,cosine,0.36395096328206755,0.6912161886927165,0.0,99995,year_VIRGO_tsne_shepard_results/pdf/tsne_shepard _p20_e100_pca40_cosine.pdf,OK,
20,100,40,euclidean,0.4581330224820056,0.5038144741979635,0.0,99995,year_VIRGO_tsne_shepard_results/pdf/tsne_shepard _p20_e100_pca40_euclidean.pdf,OK,
20,100,40,manhattan,0.4581330224820056,0.4481086600021242,0.0,99995,year_VIRGO_tsne_shepard_results/pdf/tsne_shepard _p20_e100_pca40_manhattan.pdf,OK,
20,100,40,cosine,0.4581330224820056,0.6611824367316098,0.0,99995,year_VIRGO_tsne_shepard_results/pdf/tsne_shepard _p20_e100_pca40_cosine.pdf,OK,
20,100,40,euclidean,0.5566912206836107,0.37547301139947337,0.0,99995,year_VIRGO_tsne_shepard_results/pdf/tsne_shepard _p20_e100_pca40_euclidean.pdf,OK,
20,100,40,manhattan,0.5566912206836107,0.2861439528195409,0.0,99995,year_VIRGO_tsne_shepard_results/pdf/tsne_shepard _p20_e100_pca40_manhattan.pdf,OK,
20,100,40,cosine,0.5566912206836107,0.6318954031434367,0.0,99995,year_VIRGO_tsne_shepard_results/pdf/tsne_shepard _p20_e100_pca40_cosine.pdf,OK,
20,300,40,euclidean,0.17878070617143674,0.8071037627664246,0.0,99995,year_VIRGO_tsne_shepard_results/pdf/tsne_shepard _p20_e300_pca40_euclidean.pdf,OK,
20,300,40,manhattan,0.17878070617143674,0.8011130511106879,0.0,99995,year_VIRGO_tsne_shepard_results/pdf/tsne_shepard _p20_e300_pca40_manhattan.pdf,OK,
20,300,40,cosine,0.17878070617143674,0.7226426284018809,0.0,99995,year_VIRGO_tsne_shepard_results/pdf/tsne_shepard _p20_e300_pca40_cosine.pdf,OK,
20,300,40,euclidean,0.36395096328206755,0.5712517541147778,0.0,99995,year_VIRGO_tsne_shepard_results/pdf/tsne_shepard _p20_e300_pca40_euclidean.pdf,OK,
20,300,40,manhattan,0.36395096328206755,0.5716472059889293,0.0,99995,year_VIRGO_tsne_shepard_results/pdf/tsne_shepard _p20_e300_pca40_manhattan.pdf,OK,
20,300,40,cosine,0.36395096328206755,0.6914540453133754,0.0,99995,year_VIRGO_tsne_shepard_results/pdf/tsne_shepard _p20_e300_pca40_cosine.pdf,OK,
20,300,40,euclidean,0.4581330224820056,0.36357628619175336,0.0,99995,year_VIRGO_tsne_shepard_results/pdf/tsne_shepard _p20_e300_pca40_euclidean.pdf,OK,
20,300,40,manhattan,0.4581330224820056,0.3134761062511449,0.0,99995,year_VIRGO_tsne_shepard_results/pdf/tsne_shepard _p20_e300_pca40_manhattan.pdf,OK,
20,300,40,cosine,0.4581330224820056,0.5077782818459784,0.0,99995,year_VIRGO_tsne_shepard_results/pdf/tsne_shepard _p20_e300_pca40_cosine.pdf,OK,
20,300,40,euclidean,0.5566912206836107,0.2798200164035383,0.0,99995,year_VIRGO_tsne_shepard_results/pdf/tsne_shepard _p20_e300_pca40_euclidean.pdf,OK,
20,300,40,manhattan,0.5566912206836107,0.3115538774499875,0.0,99995,year_VIRGO_tsne_shepard_results/pdf/tsne_shepard _p20_e300_pca40_manhattan.pdf,OK,
20,300,40,cosine,0.5566912206836107,0.42291518053151794,0.0,99995,year_VIRGO_tsne_shepard_results/pdf/tsne_shepard _p20_e300_pca40_cosine.pdf,OK,
20,1000,40,euclidean,0.17878070617143674,0.32562039772517143,0.0,99995,year_VIRGO_tsne_shepard_results/pdf/tsne_shepard _p20_e1000_pca40_euclidean.pdf,OK,
20,1000,40,manhattan,0.17878070617143674,0.2412963497652768,0.0,99995,year_VIRGO_tsne_shepard_results/pdf/tsne_shepard _p20_e1000_pca40_manhattan.pdf,OK,
20,1000,40,cosine,0.17878070617143674,0.07869510475368625,4.1599195159122884e-137,99995,year_VIRGO_tsne_shepard_results/pdf/tsne_shepard _p20_e1000_pca40_cosine.pdf,OK,
20,1000,40,euclidean,0.36395096328206755,0.3478495183882695,0.0,99995,year_VIRGO_tsne_shepard_results/pdf/tsne_shepard _p20_e1000_pca40_euclidean.pdf,OK,
20,1000,40,manhattan,0.36395096328206755,0.2848601463957588,0.0,99995,year_VIRGO_tsne_shepard_results/pdf/tsne_shepard _p20_e1000_pca40_manhattan.pdf,OK,
20,1000,40,cosine,0.36395096328206755,0.2743088293991751,0.0,99995,year_VIRGO_tsne_shepard_results/pdf/tsne_shepard _p20_e1000_pca40_cosine.pdf,OK,
20,1000,40,euclidean,0.4581330224820056,0.3273181390676375,0.0,99995,year_VIRGO_tsne_shepard_results/pdf/tsne_shepard _p20_e1000_pca40_euclidean.pdf,OK,
20,1000,40,manhattan,0.4581330224820056,0.3837951047087405,0.0,99995,year_VIRGO_tsne_shepard_results/pdf/tsne_shepard _p20_e1000_pca40_manhattan.pdf,OK,
20,1000,40,cosine,0.4581330224820056,0.4290040267812261,0.0,99995,year_VIRGO_tsne_shepard_results/pdf/tsne_shepard _p20_e1000_pca40_cosine.pdf,OK,
20,1000,40,euclidean,0.5566912206836107,0.2363575507377186,0.0,99995,year_VIRGO_tsne_shepard_results/pdf/tsne_shepard _p20_e1000_pca40_euclidean.pdf,OK,
20,1000,40,manhattan,0.5566912206836107,0.1726842225494467,0.0,99995,year_VIRGO_tsne_shepard_results/pdf/tsne_shepard _p20_e1000_pca40_manhattan.pdf,OK,
20,1000,40,cosine,0.5566912206836107,0.36106199722710963,0.0,99995,year_VIRGO_tsne_shepard_results/pdf/tsne_shepard _p20_e1000_pca40_cosine.pdf,OK,
30,10,40,euclidean,0.17878070617143674,0.808631324688146,0.0,99995,year_VIRGO_tsne_shepard_results/pdf/tsne_shepard _p30_e10_pca40_euclidean.pdf,OK,
30,10,40,manhattan,0.17878070617143674,0.7991451718582231,0.0,99995,year_VIRGO_tsne_shepard_results/pdf/tsne_shepard _p30_e10_pca40_manhattan.pdf,OK,
30,10,40,cosine,0.17878070617143674,0.7376466254210351,0.0,99995,year_VIRGO_tsne_shepard_results/pdf/tsne_shepard _p30_e10_pca40_cosine.pdf,OK,
30,10,40,euclidean,0.36395096328206755,0.41819351262072235,0.0,99995,year_VIRGO_tsne_shepard_results/pdf/tsne_shepard _p30_e10_pca40_euclidean.pdf,OK,
30,10,40,manhattan,0.36395096328206755,0.3883361338879619,0.0,99995,year_VIRGO_tsne_shepard_results/pdf/tsne_shepard _p30_e10_pca40_manhattan.pdf,OK,
30,10,40,cosine,0.36395096328206755,0.6870611816356144,0.0,99995,year_VIRGO_tsne_shepard_results/pdf/tsne_shepard _p30_e10_pca40_cosine.pdf,OK,
30,10,40,euclidean,0.4581330224820056,0.31511983001390376,0.0,99995,year_VIRGO_tsne_shepard_results/pdf/tsne_shepard _p30_e10_pca40_euclidean.pdf,OK,
30,10,40,manhattan,0.4581330224820056,0.26556714517038105,0.0,99995,year_VIRGO_tsne_shepard_results/pdf/tsne_shepard _p30_e10_pca40_manhattan.pdf,OK,
30,10,40,cosine,0.4581330224820056,0.650946281180592,0.0,99995,year_VIRGO_tsne_shepard_results/pdf/tsne_shepard _p30_e10_pca40_cosine.pdf,OK,
30,10,40,euclidean,0.5566912206836107,0.2742935422753597,0.0,99995,year_VIRGO_tsne_shepard_results/pdf/tsne_shepard _p30_e10_pca40_euclidean.pdf,OK,
30,10,40,manhattan,0.5566912206836107,0.21303395932903216,0.0,99995,year_VIRGO_tsne_shepard_results/pdf/tsne_shepard _p30_e10_pca40_manhattan.pdf,OK,
30,10,40,cosine,0.5566912206836107,0.6232661896280423,0.0,99995,year_VIRGO_tsne_shepard_results/pdf/tsne_shepard _p30_e10_pca40_cosine.pdf,OK,
30,12,40,euclidean,0.17878070617143674,0.8002151810801783,0.0,99995,year_VIRGO_tsne_shepard_results/pdf/tsne_shepard _p30_e12_pca40_euclidean.pdf,OK,
30,12,40,manhattan,0.17878070617143674,0.7934316661568163,0.0,99995,year_VIRGO_tsne_shepard_results/pdf/tsne_shepard _p30_e12_pca40_manhattan.pdf,OK,
30,12,40,cosine,0.17878070617143674,0.7173986134600491,0.0,99995,year_VIRGO_tsne_shepard_results/pdf/tsne_shepard _p30_e12_pca40_cosine.pdf,OK,
30,12,40,euclidean,0.36395096328206755,0.4125974588419761,0.0,99995,year_VIRGO_tsne_shepard_results/pdf/tsne_shepard _p30_e12_pca40_euclidean.pdf,OK,
30,12,40,manhattan,0.36395096328206755,0.37981843895665046,0.0,99995,year_VIRGO_tsne_shepard_results/pdf/tsne_shepard _p30_e12_pca40_manhattan.pdf,OK,
30,12,40,cosine,0.36395096328206755,0.6897969611852383,0.0,99995,year_VIRGO_tsne_shepard_results/pdf/tsne_shepard _p30_e12_pca40_cosine.pdf,OK,
30,12,40,euclidean,0.4581330224820056,0.32000956762214355,0.0,99995,year_VIRGO_tsne_shepard_results/pdf/tsne_shepard _p30_e12_pca40_euclidean.pdf,OK,
30,12,40,manhattan,0.4581330224820056,0.26508700707774746,0.0,99995,year_VIRGO_tsne_shepard_results/pdf/tsne_shepard _p30_e12_pca40_manhattan.pdf,OK,
30,12,40,cosine,0.4581330224820056,0.656476607909777,0.0,99995,year_VIRGO_tsne_shepard_results/pdf/tsne_shepard _p30_e12_pca40_cosine.pdf,OK,
30,12,40,euclidean,0.5566912206836107,0.27791814950553034,0.0,99995,year_VIRGO_tsne_shepard_results/pdf/tsne_shepard _p30_e12_pca40_euclidean.pdf,OK,
30,12,40,manhattan,0.5566912206836107,0.2097356895773599,0.0,99995,year_VIRGO_tsne_shepard_results/pdf/tsne_shepard _p30_e12_pca40_manhattan.pdf,OK,
30,12,40,cosine,0.5566912206836107,0.6251949183432056,0.0,99995,year_VIRGO_tsne_shepard_results/pdf/tsne_shepard _p30_e12_pca40_cosine.pdf,OK,
30,14,40,euclidean,0.17878070617143674,0.796511198672382,0.0,99995,year_VIRGO_tsne_shepard_results/pdf/tsne_shepard _p30_e14_pca40_euclidean.pdf,OK,
30,14,40,manhattan,0.17878070617143674,0.7902089404549576,0.0,99995,year_VIRGO_tsne_shepard_results/pdf/tsne_shepard _p30_e14_pca40_manhattan.pdf,OK,
30,14,40,cosine,0.17878070617143674,0.73147998349654,0.0,99995,year_VIRGO_tsne_shepard_results/pdf/tsne_shepard _p30_e14_pca40_cosine.pdf,OK,
30,14,40,euclidean,0.36395096328206755,0.4123542351960068,0.0,99995,year_VIRGO_tsne_shepard_results/pdf/tsne_shepard _p30_e14_pca40_euclidean.pdf,OK,
30,14,40,manhattan,0.36395096328206755,0.3735345686666924,0.0,99995,year_VIRGO_tsne_shepard_results/pdf/tsne_shepard _p30_e14_pca40_manhattan.pdf,OK,
30,14,40,cosine,0.36395096328206755,0.6920812500654282,0.0,99995,year_VIRGO_tsne_shepard_results/pdf/tsne_shepard _p30_e14_pca40_cosine.pdf,OK,
30,14,40,euclidean,0.4581330224820056,0.3241028611863003,0.0,99995,year_VIRGO_tsne_shepard_results/pdf/tsne_shepard _p30_e14_pca40_euclidean.pdf,OK,
30,14,40,manhattan,0.4581330224820056,0.2642341978240481,0.0,99995,year_VIRGO_tsne_shepard_results/pdf/tsne_shepard _p30_e14_pca40_manhattan.pdf,OK,
30,14,40,cosine,0.4581330224820056,0.6562771296919399,0.0,99995,year_VIRGO_tsne_shepard_results/pdf/tsne_shepard _p30_e14_pca40_cosine.pdf,OK,
30,14,40,euclidean,0.5566912206836107,0.27602527931303783,0.0,99995,year_VIRGO_tsne_shepard_results/pdf/tsne_shepard _p30_e14_pca40_euclidean.pdf,OK,
30,14,40,manhattan,0.5566912206836107,0.210491645009836,0.0,99995,year_VIRGO_tsne_shepard_results/pdf/tsne_shepard _p30_e14_pca40_manhattan.pdf,OK,
30,14,40,cosine,0.5566912206836107,0.6258220799580663,0.0,99995,year_VIRGO_tsne_shepard_results/pdf/tsne_shepard _p30_e14_pca40_cosine.pdf,OK,
30,20,40,euclidean,0.17878070617143674,0.7992464332496859,0.0,99995,year_VIRGO_tsne_shepard_results/pdf/tsne_shepard _p30_e20_pca40_euclidean.pdf,OK,
30,20,40,manhattan,0.17878070617143674,0.7898878085439879,0.0,99995,year_VIRGO_tsne_shepard_results/pdf/tsne_shepard _p30_e20_pca40_manhattan.pdf,OK,
30,20,40,cosine,0.17878070617143674,0.7236143193746895,0.0,99995,year_VIRGO_tsne_shepard_results/pdf/tsne_shepard _p30_e20_pca40_cosine.pdf,OK,
30,20,40,euclidean,0.36395096328206755,0.4151471077444282,0.0,99995,year_VIRGO_tsne_shepard_results/pdf/tsne_shepard _p30_e20_pca40_euclidean.pdf,OK,
30,20,40,manhattan,0.36395096328206755,0.3767343373194307,0.0,99995,year_VIRGO_tsne_shepard_results/pdf/tsne_shepard _p30_e20_pca40_manhattan.pdf,OK,
30,20,40,cosine,0.36395096328206755,0.6923721485157639,0.0,99995,year_VIRGO_tsne_shepard_results/pdf/tsne_shepard _p30_e20_pca40_cosine.pdf,OK,
30,20,40,euclidean,0.4581330224820056,0.32816107694762764,0.0,99995,year_VIRGO_tsne_shepard_results/pdf/tsne_shepard _p30_e20_pca40_euclidean.pdf,OK,
30,20,40,manhattan,0.4581330224820056,0.27330375728286105,0.0,99995,year_VIRGO_tsne_shepard_results/pdf/tsne_shepard _p30_e20_pca40_manhattan.pdf,OK,
30,20,40,cosine,0.4581330224820056,0.6604929457792647,0.0,99995,year_VIRGO_tsne_shepard_results/pdf/tsne_shepard _p30_e20_pca40_cosine.pdf,OK,
30,20,40,euclidean,0.5566912206836107,0.28147249265272795,0.0,99995,year_VIRGO_tsne_shepard_results/pdf/tsne_shepard _p30_e20_pca40_euclidean.pdf,OK,
30,20,40,manhattan,0.5566912206836107,0.21440941836838529,0.0,99995,year_VIRGO_tsne_shepard_results/pdf/tsne_shepard _p30_e20_pca40_manhattan.pdf,OK,
30,20,40,cosine,0.5566912206836107,0.6302339408878621,0.0,99995,year_VIRGO_tsne_shepard_results/pdf/tsne_shepard _p30_e20_pca40_cosine.pdf,OK,
30,100,40,euclidean,0.17878070617143674,0.7929940352889556,0.0,99995,year_VIRGO_tsne_shepard_results/pdf/tsne_shepard _p30_e100_pca40_euclidean.pdf,OK,
30,100,40,manhattan,0.17878070617143674,0.7857544369514557,0.0,99995,year_VIRGO_tsne_shepard_results/pdf/tsne_shepard _p30_e100_pca40_manhattan.pdf,OK,
30,100,40,cosine,0.17878070617143674,0.7259539325391288,0.0,99995,year_VIRGO_tsne_shepard_results/pdf/tsne_shepard _p30_e100_pca40_cosine.pdf,OK,
30,100,40,euclidean,0.36395096328206755,0.544531428434781,0.0,99995,year_VIRGO_tsne_shepard_results/pdf/tsne_shepard _p30_e100_pca40_euclidean.pdf,OK,
30,100,40,manhattan,0.36395096328206755,0.45904320123527637,0.0,99995,year_VIRGO_tsne_shepard_results/pdf/tsne_shepard _p30_e100_pca40_manhattan.pdf,OK,
30,100,40,cosine,0.36395096328206755,0.6933137966421923,0.0,99995,year_VIRGO_tsne_shepard_results/pdf/tsne_shepard _p30_e100_pca40_cosine.pdf,OK,
30,100,40,euclidean,0.4581330224820056,0.4444664642310622,0.0,99995,year_VIRGO_tsne_shepard_results/pdf/tsne_shepard _p30_e100_pca40_euclidean.pdf,OK,
30,100,40,manhattan,0.4581330224820056,0.3393263018995432,0.0,99995,year_VIRGO_tsne_shepard_results/pdf/tsne_shepard _p30_e100_pca40_manhattan.pdf,OK,
30,100,40,cosine,0.4581330224820056,0.6595578415270177,0.0,99995,year_VIRGO_tsne_shepard_results/pdf/tsne_shepard _p30_e100_pca40_cosine.pdf,OK,
30,100,40,euclidean,0.5566912206836107,0.4094286639370815,0.0,99995,year_VIRGO_tsne_shepard_results/pdf/tsne_shepard _p30_e100_pca40_euclidean.pdf,OK,
30,100,40,manhattan,0.5566912206836107,0.26477289846860214,0.0,99995,year_VIRGO_tsne_shepard_results/pdf/tsne_shepard _p30_e100_pca40_manhattan.pdf,OK,
30,100,40,cosine,0.5566912206836107,0.6440217575734927,0.0,99995,year_VIRGO_tsne_shepard_results/pdf/tsne_shepard _p30_e100_pca40_cosine.pdf,OK,
30,300,40,euclidean,0.17878070617143674,0.7959596203673597,0.0,99995,year_VIRGO_tsne_shepard_results/pdf/tsne_shepard _p30_e300_pca40_euclidean.pdf,OK,
30,300,40,manhattan,0.17878070617143674,0.789116032930458,0.0,99995,year_VIRGO_tsne_shepard_results/pdf/tsne_shepard _p30_e300_pca40_manhattan.pdf,OK,
30,300,40,cosine,0.17878070617143674,0.7255910955731513,0.0,99995,year_VIRGO_tsne_shepard_results/pdf/tsne_shepard _p30_e300_pca40_cosine.pdf,OK,
30,300,40,euclidean,0.36395096328206755,0.511294964228458,0.0,99995,year_VIRGO_tsne_shepard_results/pdf/tsne_shepard _p30_e300_pca40_euclidean.pdf,OK,
30,300,40,manhattan,0.36395096328206755,0.4680837170226098,0.0,99995,year_VIRGO_tsne_shepard_results/pdf/tsne_shepard _p30_e300_pca40_manhattan.pdf,OK,
30,300,40,cosine,0.36395096328206755,0.6937595650973657,0.0,99995,year_VIRGO_tsne_shepard_results/pdf/tsne_shepard _p30_e300_pca40_cosine.pdf,OK,
30,300,40,euclidean,0.4581330224820056,0.29173842578347575,0.0,99995,year_VIRGO_tsne_shepard_results/pdf/tsne_shepard _p30_e300_pca40_euclidean.pdf,OK,
30,300,40,manhattan,0.4581330224820056,0.37906045846239744,0.0,99995,year_VIRGO_tsne_shepard_results/pdf/tsne_shepard _p30_e300_pca40_manhattan.pdf,OK,
30,300,40,cosine,0.4581330224820056,0.5663126680367607,0.0,99995,year_VIRGO_tsne_shepard_results/pdf/tsne_shepard _p30_e300_pca40_cosine.pdf,OK,
30,300,40,euclidean,0.5566912206836107,0.42674065807427813,0.0,99995,year_VIRGO_tsne_shepard_results/pdf/tsne_shepard _p30_e300_pca40_euclidean.pdf,OK,
30,300,40,manhattan,0.5566912206836107,0.1537638761698516,0.0,99995,year_VIRGO_tsne_shepard_results/pdf/tsne_shepard _p30_e300_pca40_manhattan.pdf,OK,
30,300,40,cosine,0.5566912206836107,0.6019656702884628,0.0,99995,year_VIRGO_tsne_shepard_results/pdf/tsne_shepard _p30_e300_pca40_cosine.pdf,OK,
30,1000,40,euclidean,0.17878070617143674,0.4511584322965538,0.0,99995,year_VIRGO_tsne_shepard_results/pdf/tsne_shepard _p30_e1000_pca40_euclidean.pdf,OK,
30,1000,40,manhattan,0.17878070617143674,0.1874521936723191,0.0,99995,year_VIRGO_tsne_shepard_results/pdf/tsne_shepard _p30_e1000_pca40_manhattan.pdf,OK,
30,1000,40,cosine,0.17878070617143674,0.12177782892539002,0.0,99995,year_VIRGO_tsne_shepard_results/pdf/tsne_shepard _p30_e1000_pca40_cosine.pdf,OK,
30,1000,40,euclidean,0.36395096328206755,0.3562676294993018,0.0,99995,year_VIRGO_tsne_shepard_results/pdf/tsne_shepard _p30_e1000_pca40_euclidean.pdf,OK,
30,1000,40,manhattan,0.36395096328206755,0.41216953314569255,0.0,99995,year_VIRGO_tsne_shepard_results/pdf/tsne_shepard _p30_e1000_pca40_manhattan.pdf,OK,
30,1000,40,cosine,0.36395096328206755,0.2539359639441398,0.0,99995,year_VIRGO_tsne_shepard_results/pdf/tsne_shepard _p30_e1000_pca40_cosine.pdf,OK,
30,1000,40,euclidean,0.4581330224820056,0.2933972874446804,0.0,99995,year_VIRGO_tsne_shepard_results/pdf/tsne_shepard _p30_e1000_pca40_euclidean.pdf,OK,
30,1000,40,manhattan,0.4581330224820056,0.30117029621935626,0.0,99995,year_VIRGO_tsne_shepard_results/pdf/tsne_shepard _p30_e1000_pca40_manhattan.pdf,OK,
30,1000,40,cosine,0.4581330224820056,0.24835184560925078,0.0,99995,year_VIRGO_tsne_shepard_results/pdf/tsne_shepard _p30_e1000_pca40_cosine.pdf,OK,
30,1000,40,euclidean,0.5566912206836107,0.3283394573246846,0.0,99995,year_VIRGO_tsne_shepard_results/pdf/tsne_shepard _p30_e1000_pca40_euclidean.pdf,OK,
30,1000,40,manhattan,0.5566912206836107,0.33192182939890175,0.0,99995,year_VIRGO_tsne_shepard_results/pdf/tsne_shepard _p30_e1000_pca40_manhattan.pdf,OK,
30,1000,40,cosine,0.5566912206836107,0.349113176917421,0.0,99995,year_VIRGO_tsne_shepard_results/pdf/tsne_shepard _p30_e1000_pca40_cosine.pdf,OK,
40,10,40,euclidean,0.17878070617143674,0.7932142351871839,0.0,99995,year_VIRGO_tsne_shepard_results/pdf/tsne_shepard _p40_e10_pca40_euclidean.pdf,OK,
40,10,40,manhattan,0.17878070617143674,0.7859013867441462,0.0,99995,year_VIRGO_tsne_shepard_results/pdf/tsne_shepard _p40_e10_pca40_manhattan.pdf,OK,
40,10,40,cosine,0.17878070617143674,0.7266256433724224,0.0,99995,year_VIRGO_tsne_shepard_results/pdf/tsne_shepard _p40_e10_pca40_cosine.pdf,OK,
40,10,40,euclidean,0.36395096328206755,0.40894942352853275,0.0,99995,year_VIRGO_tsne_shepard_results/pdf/tsne_shepard _p40_e10_pca40_euclidean.pdf,OK,
40,10,40,manhattan,0.36395096328206755,0.37512823463701306,0.0,99995,year_VIRGO_tsne_shepard_results/pdf/tsne_shepard _p40_e10_pca40_manhattan.pdf,OK,
40,10,40,cosine,0.36395096328206755,0.6877861769362974,0.0,99995,year_VIRGO_tsne_shepard_results/pdf/tsne_shepard _p40_e10_pca40_cosine.pdf,OK,
40,10,40,euclidean,0.4581330224820056,0.3202577919252319,0.0,99995,year_VIRGO_tsne_shepard_results/pdf/tsne_shepard _p40_e10_pca40_euclidean.pdf,OK,
40,10,40,manhattan,0.4581330224820056,0.26224606683304064,0.0,99995,year_VIRGO_tsne_shepard_results/pdf/tsne_shepard _p40_e10_pca40_manhattan.pdf,OK,
40,10,40,cosine,0.4581330224820056,0.6552643360383572,0.0,99995,year_VIRGO_tsne_shepard_results/pdf/tsne_shepard _p40_e10_pca40_cosine.pdf,OK,
40,10,40,euclidean,0.5566912206836107,0.2841031709679617,0.0,99995,year_VIRGO_tsne_shepard_results/pdf/tsne_shepard _p40_e10_pca40_euclidean.pdf,OK,
40,10,40,manhattan,0.5566912206836107,0.20952987956996905,0.0,99995,year_VIRGO_tsne_shepard_results/pdf/tsne_shepard _p40_e10_pca40_manhattan.pdf,OK,
40,10,40,cosine,0.5566912206836107,0.6262796577987013,0.0,99995,year_VIRGO_tsne_shepard_results/pdf/tsne_shepard _p40_e10_pca40_cosine.pdf,OK,
40,12,40,euclidean,0.17878070617143674,0.7905121476353597,0.0,99995,year_VIRGO_tsne_shepard_results/pdf/tsne_shepard _p40_e12_pca40_euclidean.pdf,OK,
40,12,40,manhattan,0.17878070617143674,0.7804417590372965,0.0,99995,year_VIRGO_tsne_shepard_results/pdf/tsne_shepard _p40_e12_pca40_manhattan.pdf,OK,
40,12,40,cosine,0.17878070617143674,0.7338360881809861,0.0,99995,year_VIRGO_tsne_shepard_results/pdf/tsne_shepard _p40_e12_pca40_cosine.pdf,OK,
40,12,40,euclidean,0.36395096328206755,0.4119096711043978,0.0,99995,year_VIRGO_tsne_shepard_results/pdf/tsne_shepard _p40_e12_pca40_euclidean.pdf,OK,
40,12,40,manhattan,0.36395096328206755,0.37524597846696767,0.0,99995,year_VIRGO_tsne_shepard_results/pdf/tsne_shepard _p40_e12_pca40_manhattan.pdf,OK,
40,12,40,cosine,0.36395096328206755,0.6890009960439801,0.0,99995,year_VIRGO_tsne_shepard_results/pdf/tsne_shepard _p40_e12_pca40_cosine.pdf,OK,
40,12,40,euclidean,0.4581330224820056,0.32407788177175073,0.0,99995,year_VIRGO_tsne_shepard_results/pdf/tsne_shepard _p40_e12_pca40_euclidean.pdf,OK,
40,12,40,manhattan,0.4581330224820056,0.2679609847498621,0.0,99995,year_VIRGO_tsne_shepard_results/pdf/tsne_shepard _p40_e12_pca40_manhattan.pdf,OK,
40,12,40,cosine,0.4581330224820056,0.6546669484974701,0.0,99995,year_VIRGO_tsne_shepard_results/pdf/tsne_shepard _p40_e12_pca40_cosine.pdf,OK,
40,12,40,euclidean,0.5566912206836107,0.2839379105991609,0.0,99995,year_VIRGO_tsne_shepard_results/pdf/tsne_shepard _p40_e12_pca40_euclidean.pdf,OK,
40,12,40,manhattan,0.5566912206836107,0.2106791316934957,0.0,99995,year_VIRGO_tsne_shepard_results/pdf/tsne_shepard _p40_e12_pca40_manhattan.pdf,OK,
40,12,40,cosine,0.5566912206836107,0.6288492138714136,0.0,99995,year_VIRGO_tsne_shepard_results/pdf/tsne_shepard _p40_e12_pca40_cosine.pdf,OK,
40,14,40,euclidean,0.17878070617143674,0.7867505789139418,0.0,99995,year_VIRGO_tsne_shepard_results/pdf/tsne_shepard _p40_e14_pca40_euclidean.pdf,OK,
40,14,40,manhattan,0.17878070617143674,0.7790722887125967,0.0,99995,year_VIRGO_tsne_shepard_results/pdf/tsne_shepard _p40_e14_pca40_manhattan.pdf,OK,
40,14,40,cosine,0.17878070617143674,0.7384359151733099,0.0,99995,year_VIRGO_tsne_shepard_results/pdf/tsne_shepard _p40_e14_pca40_cosine.pdf,OK,
40,14,40,euclidean,0.36395096328206755,0.4130131666657795,0.0,99995,year_VIRGO_tsne_shepard_results/pdf/tsne_shepard _p40_e14_pca40_euclidean.pdf,OK,
40,14,40,manhattan,0.36395096328206755,0.3745226746177586,0.0,99995,year_VIRGO_tsne_shepard_results/pdf/tsne_shepard _p40_e14_pca40_manhattan.pdf,OK,
40,14,40,cosine,0.36395096328206755,0.6918721731916994,0.0,99995,year_VIRGO_tsne_shepard_results/pdf/tsne_shepard _p40_e14_pca40_cosine.pdf,OK,
40,14,40,euclidean,0.4581330224820056,0.3262241733855629,0.0,99995,year_VIRGO_tsne_shepard_results/pdf/tsne_shepard _p40_e14_pca40_euclidean.pdf,OK,
40,14,40,manhattan,0.4581330224820056,0.2703057976433672,0.0,99995,year_VIRGO_tsne_shepard_results/pdf/tsne_shepard _p40_e14_pca40_manhattan.pdf,OK,
40,14,40,cosine,0.4581330224820056,0.6563288937801116,0.0,99995,year_VIRGO_tsne_shepard_results/pdf/tsne_shepard _p40_e14_pca40_cosine.pdf,OK,
40,14,40,euclidean,0.5566912206836107,0.2828816013412998,0.0,99995,year_VIRGO_tsne_shepard_results/pdf/tsne_shepard _p40_e14_pca40_euclidean.pdf,OK,
40,14,40,manhattan,0.5566912206836107,0.21145638039634937,0.0,99995,year_VIRGO_tsne_shepard_results/pdf/tsne_shepard _p40_e14_pca40_manhattan.pdf,OK,
40,14,40,cosine,0.5566912206836107,0.6278576324913014,0.0,99995,year_VIRGO_tsne_shepard_results/pdf/tsne_shepard _p40_e14_pca40_cosine.pdf,OK,
40,20,40,euclidean,0.17878070617143674,0.7882467399531303,0.0,99995,year_VIRGO_tsne_shepard_results/pdf/tsne_shepard _p40_e20_pca40_euclidean.pdf,OK,
40,20,40,manhattan,0.17878070617143674,0.7807626133276281,0.0,99995,year_VIRGO_tsne_shepard_results/pdf/tsne_shepard _p40_e20_pca40_manhattan.pdf,OK,
40,20,40,cosine,0.17878070617143674,0.7340922982919008,0.0,99995,year_VIRGO_tsne_shepard_results/pdf/tsne_shepard _p40_e20_pca40_cosine.pdf,OK,
40,20,40,euclidean,0.36395096328206755,0.41485799421032615,0.0,99995,year_VIRGO_tsne_shepard_results/pdf/tsne_shepard _p40_e20_pca40_euclidean.pdf,OK,
40,20,40,manhattan,0.36395096328206755,0.3745520394832938,0.0,99995,year_VIRGO_tsne_shepard_results/pdf/tsne_shepard _p40_e20_pca40_manhattan.pdf,OK,
40,20,40,cosine,0.36395096328206755,0.6937706339706146,0.0,99995,year_VIRGO_tsne_shepard_results/pdf/tsne_shepard _p40_e20_pca40_cosine.pdf,OK,
40,20,40,euclidean,0.4581330224820056,0.32870264209660643,0.0,99995,year_VIRGO_tsne_shepard_results/pdf/tsne_shepard _p40_e20_pca40_euclidean.pdf,OK,
40,20,40,manhattan,0.4581330224820056,0.2718332653446958,0.0,99995,year_VIRGO_tsne_shepard_results/pdf/tsne_shepard _p40_e20_pca40_manhattan.pdf,OK,
40,20,40,cosine,0.4581330224820056,0.6584222363826002,0.0,99995,year_VIRGO_tsne_shepard_results/pdf/tsne_shepard _p40_e20_pca40_cosine.pdf,OK,
40,20,40,euclidean,0.5566912206836107,0.2851108613224462,0.0,99995,year_VIRGO_tsne_shepard_results/pdf/tsne_shepard _p40_e20_pca40_euclidean.pdf,OK,
40,20,40,manhattan,0.5566912206836107,0.21286285968787017,0.0,99995,year_VIRGO_tsne_shepard_results/pdf/tsne_shepard _p40_e20_pca40_manhattan.pdf,OK,
40,20,40,cosine,0.5566912206836107,0.6358669439043763,0.0,99995,year_VIRGO_tsne_shepard_results/pdf/tsne_shepard _p40_e20_pca40_cosine.pdf,OK,
40,100,40,euclidean,0.17878070617143674,0.7872800368998639,0.0,99995,year_VIRGO_tsne_shepard_results/pdf/tsne_shepard _p40_e100_pca40_euclidean.pdf,OK,
40,100,40,manhattan,0.17878070617143674,0.7806368299371201,0.0,99995,year_VIRGO_tsne_shepard_results/pdf/tsne_shepard _p40_e100_pca40_manhattan.pdf,OK,
40,100,40,cosine,0.17878070617143674,0.7239530965028304,0.0,99995,year_VIRGO_tsne_shepard_results/pdf/tsne_shepard _p40_e100_pca40_cosine.pdf,OK,
40,100,40,euclidean,0.36395096328206755,0.5059958234112035,0.0,99995,year_VIRGO_tsne_shepard_results/pdf/tsne_shepard _p40_e100_pca40_euclidean.pdf,OK,
40,100,40,manhattan,0.36395096328206755,0.45531422638346486,0.0,99995,year_VIRGO_tsne_shepard_results/pdf/tsne_shepard _p40_e100_pca40_manhattan.pdf,OK,
40,100,40,cosine,0.36395096328206755,0.6929690439361255,0.0,99995,year_VIRGO_tsne_shepard_results/pdf/tsne_shepard _p40_e100_pca40_cosine.pdf,OK,
40,100,40,euclidean,0.4581330224820056,0.3773476073304375,0.0,99995,year_VIRGO_tsne_shepard_results/pdf/tsne_shepard _p40_e100_pca40_euclidean.pdf,OK,
40,100,40,manhattan,0.4581330224820056,0.315186440944414,0.0,99995,year_VIRGO_tsne_shepard_results/pdf/tsne_shepard _p40_e100_pca40_manhattan.pdf,OK,
40,100,40,cosine,0.4581330224820056,0.6625778703777441,0.0,99995,year_VIRGO_tsne_shepard_results/pdf/tsne_shepard _p40_e100_pca40_cosine.pdf,OK,
40,100,40,euclidean,0.5566912206836107,0.3374817113505913,0.0,99995,year_VIRGO_tsne_shepard_results/pdf/tsne_shepard _p40_e100_pca40_euclidean.pdf,OK,
40,100,40,manhattan,0.5566912206836107,0.2654422225013387,0.0,99995,year_VIRGO_tsne_shepard_results/pdf/tsne_shepard _p40_e100_pca40_manhattan.pdf,OK,
40,100,40,cosine,0.5566912206836107,0.6469999420333232,0.0,99995,year_VIRGO_tsne_shepard_results/pdf/tsne_shepard _p40_e100_pca40_cosine.pdf,OK,
40,300,40,euclidean,0.17878070617143674,0.7900258461408458,0.0,99995,year_VIRGO_tsne_shepard_results/pdf/tsne_shepard _p40_e300_pca40_euclidean.pdf,OK,
40,300,40,manhattan,0.17878070617143674,0.7836473372846041,0.0,99995,year_VIRGO_tsne_shepard_results/pdf/tsne_shepard _p40_e300_pca40_manhattan.pdf,OK,
40,300,40,cosine,0.17878070617143674,0.7204735149983775,0.0,99995,year_VIRGO_tsne_shepard_results/pdf/tsne_shepard _p40_e300_pca40_cosine.pdf,OK,
40,300,40,euclidean,0.36395096328206755,0.5620194161468396,0.0,99995,year_VIRGO_tsne_shepard_results/pdf/tsne_shepard _p40_e300_pca40_euclidean.pdf,OK,
40,300,40,manhattan,0.36395096328206755,0.4561084561963288,0.0,99995,year_VIRGO_tsne_shepard_results/pdf/tsne_shepard _p40_e300_pca40_manhattan.pdf,OK,
40,300,40,cosine,0.36395096328206755,0.6950867972807354,0.0,99995,year_VIRGO_tsne_shepard_results/pdf/tsne_shepard _p40_e300_pca40_cosine.pdf,OK,
40,300,40,euclidean,0.4581330224820056,0.31898292985498466,0.0,99995,year_VIRGO_tsne_shepard_results/pdf/tsne_shepard _p40_e300_pca40_euclidean.pdf,OK,
40,300,40,manhattan,0.4581330224820056,0.3608236839976084,0.0,99995,year_VIRGO_tsne_shepard_results/pdf/tsne_shepard _p40_e300_pca40_manhattan.pdf,OK,
40,300,40,cosine,0.4581330224820056,0.4258494276826778,0.0,99995,year_VIRGO_tsne_shepard_results/pdf/tsne_shepard _p40_e300_pca40_cosine.pdf,OK,
40,300,40,euclidean,0.5566912206836107,0.3395345918381511,0.0,99995,year_VIRGO_tsne_shepard_results/pdf/tsne_shepard _p40_e300_pca40_euclidean.pdf,OK,
40,300,40,manhattan,0.5566912206836107,0.24290836712492314,0.0,99995,year_VIRGO_tsne_shepard_results/pdf/tsne_shepard _p40_e300_pca40_manhattan.pdf,OK,
40,300,40,cosine,0.5566912206836107,0.4154174711364261,0.0,99995,year_VIRGO_tsne_shepard_results/pdf/tsne_shepard _p40_e300_pca40_cosine.pdf,OK,
40,1000,40,euclidean,0.17878070617143674,0.16766403072618663,0.0,99995,year_VIRGO_tsne_shepard_results/pdf/tsne_shepard _p40_e1000_pca40_euclidean.pdf,OK,
40,1000,40,manhattan,0.17878070617143674,0.1679507088470216,0.0,99995,year_VIRGO_tsne_shepard_results/pdf/tsne_shepard _p40_e1000_pca40_manhattan.pdf,OK,
40,1000,40,cosine,0.17878070617143674,0.15775452727382294,0.0,99995,year_VIRGO_tsne_shepard_results/pdf/tsne_shepard _p40_e1000_pca40_cosine.pdf,OK,
40,1000,40,euclidean,0.36395096328206755,0.2637798742842557,0.0,99995,year_VIRGO_tsne_shepard_results/pdf/tsne_shepard _p40_e1000_pca40_euclidean.pdf,OK,
40,1000,40,manhattan,0.36395096328206755,0.38596601149176735,0.0,99995,year_VIRGO_tsne_shepard_results/pdf/tsne_shepard _p40_e1000_pca40_manhattan.pdf,OK,
40,1000,40,cosine,0.36395096328206755,0.27443013817396394,0.0,99995,year_VIRGO_tsne_shepard_results/pdf/tsne_shepard _p40_e1000_pca40_cosine.pdf,OK,
40,1000,40,euclidean,0.4581330224820056,0.29426792703182875,0.0,99995,year_VIRGO_tsne_shepard_results/pdf/tsne_shepard _p40_e1000_pca40_euclidean.pdf,OK,
40,1000,40,manhattan,0.4581330224820056,0.24366427942472926,0.0,99995,year_VIRGO_tsne_shepard_results/pdf/tsne_shepard _p40_e1000_pca40_manhattan.pdf,OK,
40,1000,40,cosine,0.4581330224820056,0.24924656916353613,0.0,99995,year_VIRGO_tsne_shepard_results/pdf/tsne_shepard _p40_e1000_pca40_cosine.pdf,OK,
40,1000,40,euclidean,0.5566912206836107,0.3624471137085925,0.0,99995,year_VIRGO_tsne_shepard_results/pdf/tsne_shepard _p40_e1000_pca40_euclidean.pdf,OK,
40,1000,40,manhattan,0.5566912206836107,0.2987172815856542,0.0,99995,year_VIRGO_tsne_shepard_results/pdf/tsne_shepard _p40_e1000_pca40_manhattan.pdf,OK,
40,1000,40,cosine,0.5566912206836107,0.43681776927163957,0.0,99995,year_VIRGO_tsne_shepard_results/pdf/tsne_shepard _p40_e1000_pca40_cosine.pdf,OK,
50,10,40,euclidean,0.17878070617143674,0.7879592182291875,0.0,99995,year_VIRGO_tsne_shepard_results/pdf/tsne_shepard _p50_e10_pca40_euclidean.pdf,OK,
50,10,40,manhattan,0.17878070617143674,0.781923373807009,0.0,99995,year_VIRGO_tsne_shepard_results/pdf/tsne_shepard _p50_e10_pca40_manhattan.pdf,OK,
50,10,40,cosine,0.17878070617143674,0.7359489372761581,0.0,99995,year_VIRGO_tsne_shepard_results/pdf/tsne_shepard _p50_e10_pca40_cosine.pdf,OK,
50,10,40,euclidean,0.36395096328206755,0.3993241747316313,0.0,99995,year_VIRGO_tsne_shepard_results/pdf/tsne_shepard _p50_e10_pca40_euclidean.pdf,OK,
50,10,40,manhattan,0.36395096328206755,0.3577386280259755,0.0,99995,year_VIRGO_tsne_shepard_results/pdf/tsne_shepard _p50_e10_pca40_manhattan.pdf,OK,
50,10,40,cosine,0.36395096328206755,0.6880572716289803,0.0,99995,year_VIRGO_tsne_shepard_results/pdf/tsne_shepard _p50_e10_pca40_cosine.pdf,OK,
50,10,40,euclidean,0.4581330224820056,0.32714490025143866,0.0,99995,year_VIRGO_tsne_shepard_results/pdf/tsne_shepard _p50_e10_pca40_euclidean.pdf,OK,
50,10,40,manhattan,0.4581330224820056,0.26193171180113456,0.0,99995,year_VIRGO_tsne_shepard_results/pdf/tsne_shepard _p50_e10_pca40_manhattan.pdf,OK,
50,10,40,cosine,0.4581330224820056,0.6545435214768766,0.0,99995,year_VIRGO_tsne_shepard_results/pdf/tsne_shepard _p50_e10_pca40_cosine.pdf,OK,
50,10,40,euclidean,0.5566912206836107,0.28783069513087456,0.0,99995,year_VIRGO_tsne_shepard_results/pdf/tsne_shepard _p50_e10_pca40_euclidean.pdf,OK,
50,10,40,manhattan,0.5566912206836107,0.21388216725987463,0.0,99995,year_VIRGO_tsne_shepard_results/pdf/tsne_shepard _p50_e10_pca40_manhattan.pdf,OK,
50,10,40,cosine,0.5566912206836107,0.6270920592663233,0.0,99995,year_VIRGO_tsne_shepard_results/pdf/tsne_shepard _p50_e10_pca40_cosine.pdf,OK,
50,12,40,euclidean,0.17878070617143674,0.7841064735556559,0.0,99995,year_VIRGO_tsne_shepard_results/pdf/tsne_shepard _p50_e12_pca40_euclidean.pdf,OK,
50,12,40,manhattan,0.17878070617143674,0.7755776977114213,0.0,99995,year_VIRGO_tsne_shepard_results/pdf/tsne_shepard _p50_e12_pca40_manhattan.pdf,OK,
50,12,40,cosine,0.17878070617143674,0.7282058381357291,0.0,99995,year_VIRGO_tsne_shepard_results/pdf/tsne_shepard _p50_e12_pca40_cosine.pdf,OK,
50,12,40,euclidean,0.36395096328206755,0.402693326126733,0.0,99995,year_VIRGO_tsne_shepard_results/pdf/tsne_shepard _p50_e12_pca40_euclidean.pdf,OK,
50,12,40,manhattan,0.36395096328206755,0.359048373386209,0.0,99995,year_VIRGO_tsne_shepard_results/pdf/tsne_shepard _p50_e12_pca40_manhattan.pdf,OK,
50,12,40,cosine,0.36395096328206755,0.6882866983372748,0.0,99995,year_VIRGO_tsne_shepard_results/pdf/tsne_shepard _p50_e12_pca40_cosine.pdf,OK,
50,12,40,euclidean,0.4581330224820056,0.3283792888591942,0.0,99995,year_VIRGO_tsne_shepard_results/pdf/tsne_shepard _p50_e12_pca40_euclidean.pdf,OK,
50,12,40,manhattan,0.4581330224820056,0.2617153389100603,0.0,99995,year_VIRGO_tsne_shepard_results/pdf/tsne_shepard _p50_e12_pca40_manhattan.pdf,OK,
50,12,40,cosine,0.4581330224820056,0.6549661849267112,0.0,99995,year_VIRGO_tsne_shepard_results/pdf/tsne_shepard _p50_e12_pca40_cosine.pdf,OK,
50,12,40,euclidean,0.5566912206836107,0.28647539808045547,0.0,99995,year_VIRGO_tsne_shepard_results/pdf/tsne_shepard _p50_e12_pca40_euclidean.pdf,OK,
50,12,40,manhattan,0.5566912206836107,0.2138305279893954,0.0,99995,year_VIRGO_tsne_shepard_results/pdf/tsne_shepard _p50_e12_pca40_manhattan.pdf,OK,
50,12,40,cosine,0.5566912206836107,0.6312595849279343,0.0,99995,year_VIRGO_tsne_shepard_results/pdf/tsne_shepard _p50_e12_pca40_cosine.pdf,OK,
50,14,40,euclidean,0.17878070617143674,0.7812133523797752,0.0,99995,year_VIRGO_tsne_shepard_results/pdf/tsne_shepard _p50_e14_pca40_euclidean.pdf,OK,
50,14,40,manhattan,0.17878070617143674,0.7760054530906463,0.0,99995,year_VIRGO_tsne_shepard_results/pdf/tsne_shepard _p50_e14_pca40_manhattan.pdf,OK,
50,14,40,cosine,0.17878070617143674,0.7276894572871246,0.0,99995,year_VIRGO_tsne_shepard_results/pdf/tsne_shepard _p50_e14_pca40_cosine.pdf,OK,
50,14,40,euclidean,0.36395096328206755,0.4156037112931942,0.0,99995,year_VIRGO_tsne_shepard_results/pdf/tsne_shepard _p50_e14_pca40_euclidean.pdf,OK,
50,14,40,manhattan,0.36395096328206755,0.3596128221140987,0.0,99995,year_VIRGO_tsne_shepard_results/pdf/tsne_shepard _p50_e14_pca40_manhattan.pdf,OK,
50,14,40,cosine,0.36395096328206755,0.6898509829592225,0.0,99995,year_VIRGO_tsne_shepard_results/pdf/tsne_shepard _p50_e14_pca40_cosine.pdf,OK,
50,14,40,euclidean,0.4581330224820056,0.32839924854507113,0.0,99995,year_VIRGO_tsne_shepard_results/pdf/tsne_shepard _p50_e14_pca40_euclidean.pdf,OK,
50,14,40,manhattan,0.4581330224820056,0.2639102336228439,0.0,99995,year_VIRGO_tsne_shepard_results/pdf/tsne_shepard _p50_e14_pca40_manhattan.pdf,OK,
50,14,40,cosine,0.4581330224820056,0.6575388469483746,0.0,99995,year_VIRGO_tsne_shepard_results/pdf/tsne_shepard _p50_e14_pca40_cosine.pdf,OK,
50,14,40,euclidean,0.5566912206836107,0.28578379346008703,0.0,99995,year_VIRGO_tsne_shepard_results/pdf/tsne_shepard _p50_e14_pca40_euclidean.pdf,OK,
50,14,40,manhattan,0.5566912206836107,0.20238393096330293,0.0,99995,year_VIRGO_tsne_shepard_results/pdf/tsne_shepard _p50_e14_pca40_manhattan.pdf,OK,
50,14,40,cosine,0.5566912206836107,0.6331268847525373,0.0,99995,year_VIRGO_tsne_shepard_results/pdf/tsne_shepard _p50_e14_pca40_cosine.pdf,OK,
50,20,40,euclidean,0.17878070617143674,0.7836258969406948,0.0,99995,year_VIRGO_tsne_shepard_results/pdf/tsne_shepard _p50_e20_pca40_euclidean.pdf,OK,
50,20,40,manhattan,0.17878070617143674,0.7764960433911997,0.0,99995,year_VIRGO_tsne_shepard_results/pdf/tsne_shepard _p50_e20_pca40_manhattan.pdf,OK,
50,20,40,cosine,0.17878070617143674,0.7248676174530619,0.0,99995,year_VIRGO_tsne_shepard_results/pdf/tsne_shepard _p50_e20_pca40_cosine.pdf,OK,
50,20,40,euclidean,0.36395096328206755,0.415011998297407,0.0,99995,year_VIRGO_tsne_shepard_results/pdf/tsne_shepard _p50_e20_pca40_euclidean.pdf,OK,
50,20,40,manhattan,0.36395096328206755,0.3647927127850172,0.0,99995,year_VIRGO_tsne_shepard_results/pdf/tsne_shepard _p50_e20_pca40_manhattan.pdf,OK,
50,20,40,cosine,0.36395096328206755,0.6936141464013459,0.0,99995,year_VIRGO_tsne_shepard_results/pdf/tsne_shepard _p50_e20_pca40_cosine.pdf,OK,
50,20,40,euclidean,0.4581330224820056,0.3313807582395351,0.0,99995,year_VIRGO_tsne_shepard_results/pdf/tsne_shepard _p50_e20_pca40_euclidean.pdf,OK,
50,20,40,manhattan,0.4581330224820056,0.2677635594462397,0.0,99995,year_VIRGO_tsne_shepard_results/pdf/tsne_shepard _p50_e20_pca40_manhattan.pdf,OK,
50,20,40,cosine,0.4581330224820056,0.6588831631187981,0.0,99995,year_VIRGO_tsne_shepard_results/pdf/tsne_shepard _p50_e20_pca40_cosine.pdf,OK,
50,20,40,euclidean,0.5566912206836107,0.2900953606543147,0.0,99995,year_VIRGO_tsne_shepard_results/pdf/tsne_shepard _p50_e20_pca40_euclidean.pdf,OK,
50,20,40,manhattan,0.5566912206836107,0.21672979437457732,0.0,99995,year_VIRGO_tsne_shepard_results/pdf/tsne_shepard _p50_e20_pca40_manhattan.pdf,OK,
50,20,40,cosine,0.5566912206836107,0.6329379597934227,0.0,99995,year_VIRGO_tsne_shepard_results/pdf/tsne_shepard _p50_e20_pca40_cosine.pdf,OK,
50,100,40,euclidean,0.17878070617143674,0.784809462332754,0.0,99995,year_VIRGO_tsne_shepard_results/pdf/tsne_shepard _p50_e100_pca40_euclidean.pdf,OK,
50,100,40,manhattan,0.17878070617143674,0.7786095415830296,0.0,99995,year_VIRGO_tsne_shepard_results/pdf/tsne_shepard _p50_e100_pca40_manhattan.pdf,OK,
50,100,40,cosine,0.17878070617143674,0.7195929879754857,0.0,99995,year_VIRGO_tsne_shepard_results/pdf/tsne_shepard _p50_e100_pca40_cosine.pdf,OK,
50,100,40,euclidean,0.36395096328206755,0.5103906989597162,0.0,99995,year_VIRGO_tsne_shepard_results/pdf/tsne_shepard _p50_e100_pca40_euclidean.pdf,OK,
50,100,40,manhattan,0.36395096328206755,0.436202933638308,0.0,99995,year_VIRGO_tsne_shepard_results/pdf/tsne_shepard _p50_e100_pca40_manhattan.pdf,OK,
50,100,40,cosine,0.36395096328206755,0.6967340275770572,0.0,99995,year_VIRGO_tsne_shepard_results/pdf/tsne_shepard _p50_e100_pca40_cosine.pdf,OK,
50,100,40,euclidean,0.4581330224820056,0.39813349551547955,0.0,99995,year_VIRGO_tsne_shepard_results/pdf/tsne_shepard _p50_e100_pca40_euclidean.pdf,OK,
50,100,40,manhattan,0.4581330224820056,0.30667675054005217,0.0,99995,year_VIRGO_tsne_shepard_results/pdf/tsne_shepard _p50_e100_pca40_manhattan.pdf,OK,
50,100,40,cosine,0.4581330224820056,0.6637339590743808,0.0,99995,year_VIRGO_tsne_shepard_results/pdf/tsne_shepard _p50_e100_pca40_cosine.pdf,OK,
50,100,40,euclidean,0.5566912206836107,0.34653518211549794,0.0,99995,year_VIRGO_tsne_shepard_results/pdf/tsne_shepard _p50_e100_pca40_euclidean.pdf,OK,
50,100,40,manhattan,0.5566912206836107,0.32582526984242083,0.0,99995,year_VIRGO_tsne_shepard_results/pdf/tsne_shepard _p50_e100_pca40_manhattan.pdf,OK,
50,100,40,cosine,0.5566912206836107,0.639778227580565,0.0,99995,year_VIRGO_tsne_shepard_results/pdf/tsne_shepard _p50_e100_pca40_cosine.pdf,OK,
50,300,40,euclidean,0.17878070617143674,0.7886342387707562,0.0,99995,year_VIRGO_tsne_shepard_results/pdf/tsne_shepard _p50_e300_pca40_euclidean.pdf,OK,
50,300,40,manhattan,0.17878070617143674,0.7820802257332854,0.0,99995,year_VIRGO_tsne_shepard_results/pdf/tsne_shepard _p50_e300_pca40_manhattan.pdf,OK,
50,300,40,cosine,0.17878070617143674,0.7300699835989215,0.0,99995,year_VIRGO_tsne_shepard_results/pdf/tsne_shepard _p50_e300_pca40_cosine.pdf,OK,
50,300,40,euclidean,0.36395096328206755,0.5785278631871721,0.0,99995,year_VIRGO_tsne_shepard_results/pdf/tsne_shepard _p50_e300_pca40_euclidean.pdf,OK,
50,300,40,manhattan,0.36395096328206755,0.470093840416239,0.0,99995,year_VIRGO_tsne_shepard_results/pdf/tsne_shepard _p50_e300_pca40_manhattan.pdf,OK,
50,300,40,cosine,0.36395096328206755,0.6878994997920747,0.0,99995,year_VIRGO_tsne_shepard_results/pdf/tsne_shepard _p50_e300_pca40_cosine.pdf,OK,
50,300,40,euclidean,0.4581330224820056,0.4083903104168284,0.0,99995,year_VIRGO_tsne_shepard_results/pdf/tsne_shepard _p50_e300_pca40_euclidean.pdf,OK,
50,300,40,manhattan,0.4581330224820056,0.2721545522783236,0.0,99995,year_VIRGO_tsne_shepard_results/pdf/tsne_shepard _p50_e300_pca40_manhattan.pdf,OK,
50,300,40,cosine,0.4581330224820056,0.551063415721984,0.0,99995,year_VIRGO_tsne_shepard_results/pdf/tsne_shepard _p50_e300_pca40_cosine.pdf,OK,
50,300,40,euclidean,0.5566912206836107,0.23557049446586562,0.0,99995,year_VIRGO_tsne_shepard_results/pdf/tsne_shepard _p50_e300_pca40_euclidean.pdf,OK,
50,300,40,manhattan,0.5566912206836107,0.19011581452972318,0.0,99995,year_VIRGO_tsne_shepard_results/pdf/tsne_shepard _p50_e300_pca40_manhattan.pdf,OK,
50,300,40,cosine,0.5566912206836107,0.26482489888516475,0.0,99995,year_VIRGO_tsne_shepard_results/pdf/tsne_shepard _p50_e300_pca40_cosine.pdf,OK,
50,1000,40,euclidean,0.17878070617143674,0.1826862234833375,0.0,99995,year_VIRGO_tsne_shepard_results/pdf/tsne_shepard _p50_e1000_pca40_euclidean.pdf,OK,
50,1000,40,manhattan,0.17878070617143674,0.1885748120726833,0.0,99995,year_VIRGO_tsne_shepard_results/pdf/tsne_shepard _p50_e1000_pca40_manhattan.pdf,OK,
50,1000,40,cosine,0.17878070617143674,0.10499419443291437,4.894234758274505e-243,99995,year_VIRGO_tsne_shepard_results/pdf/tsne_shepard _p50_e1000_pca40_cosine.pdf,OK,
50,1000,40,euclidean,0.36395096328206755,0.346457760601862,0.0,99995,year_VIRGO_tsne_shepard_results/pdf/tsne_shepard _p50_e1000_pca40_euclidean.pdf,OK,
50,1000,40,manhattan,0.36395096328206755,0.3373422753818239,0.0,99995,year_VIRGO_tsne_shepard_results/pdf/tsne_shepard _p50_e1000_pca40_manhattan.pdf,OK,
50,1000,40,cosine,0.36395096328206755,0.3233844712725989,0.0,99995,year_VIRGO_tsne_shepard_results/pdf/tsne_shepard _p50_e1000_pca40_cosine.pdf,OK,
50,1000,40,euclidean,0.4581330224820056,0.38463884987007846,0.0,99995,year_VIRGO_tsne_shepard_results/pdf/tsne_shepard _p50_e1000_pca40_euclidean.pdf,OK,
50,1000,40,manhattan,0.4581330224820056,0.2679690464304211,0.0,99995,year_VIRGO_tsne_shepard_results/pdf/tsne_shepard _p50_e1000_pca40_manhattan.pdf,OK,
50,1000,40,cosine,0.4581330224820056,0.20445502590263548,0.0,99995,year_VIRGO_tsne_shepard_results/pdf/tsne_shepard _p50_e1000_pca40_cosine.pdf,OK,
50,1000,40,euclidean,0.5566912206836107,0.31892162492614823,0.0,99995,year_VIRGO_tsne_shepard_results/pdf/tsne_shepard _p50_e1000_pca40_euclidean.pdf,OK,
50,1000,40,manhattan,0.5566912206836107,0.17077649081383564,0.0,99995,year_VIRGO_tsne_shepard_results/pdf/tsne_shepard _p50_e1000_pca40_manhattan.pdf,OK,
50,1000,40,cosine,0.5566912206836107,0.2809769403480815,0.0,99995,year_VIRGO_tsne_shepard_results/pdf/tsne_shepard _p50_e1000_pca40_cosine.pdf,OK,
60,10,40,euclidean,0.17878070617143674,0.7833688339700181,0.0,99995,year_VIRGO_tsne_shepard_results/pdf/tsne_shepard _p60_e10_pca40_euclidean.pdf,OK,
60,10,40,manhattan,0.17878070617143674,0.7779366436313314,0.0,99995,year_VIRGO_tsne_shepard_results/pdf/tsne_shepard _p60_e10_pca40_manhattan.pdf,OK,
60,10,40,cosine,0.17878070617143674,0.7373119887584764,0.0,99995,year_VIRGO_tsne_shepard_results/pdf/tsne_shepard _p60_e10_pca40_cosine.pdf,OK,
60,10,40,euclidean,0.36395096328206755,0.39347381404468745,0.0,99995,year_VIRGO_tsne_shepard_results/pdf/tsne_shepard _p60_e10_pca40_euclidean.pdf,OK,
60,10,40,manhattan,0.36395096328206755,0.3532817523268889,0.0,99995,year_VIRGO_tsne_shepard_results/pdf/tsne_shepard _p60_e10_pca40_manhattan.pdf,OK,
60,10,40,cosine,0.36395096328206755,0.6886670107263085,0.0,99995,year_VIRGO_tsne_shepard_results/pdf/tsne_shepard _p60_e10_pca40_cosine.pdf,OK,
60,10,40,euclidean,0.4581330224820056,0.3306874628394459,0.0,99995,year_VIRGO_tsne_shepard_results/pdf/tsne_shepard _p60_e10_pca40_euclidean.pdf,OK,
60,10,40,manhattan,0.4581330224820056,0.2618487765755793,0.0,99995,year_VIRGO_tsne_shepard_results/pdf/tsne_shepard _p60_e10_pca40_manhattan.pdf,OK,
60,10,40,cosine,0.4581330224820056,0.6529532312932609,0.0,99995,year_VIRGO_tsne_shepard_results/pdf/tsne_shepard _p60_e10_pca40_cosine.pdf,OK,
60,10,40,euclidean,0.5566912206836107,0.29377557969317214,0.0,99995,year_VIRGO_tsne_shepard_results/pdf/tsne_shepard _p60_e10_pca40_euclidean.pdf,OK,
60,10,40,manhattan,0.5566912206836107,0.20990055082285586,0.0,99995,year_VIRGO_tsne_shepard_results/pdf/tsne_shepard _p60_e10_pca40_manhattan.pdf,OK,
60,10,40,cosine,0.5566912206836107,0.6288101480406375,0.0,99995,year_VIRGO_tsne_shepard_results/pdf/tsne_shepard _p60_e10_pca40_cosine.pdf,OK,
60,12,40,euclidean,0.17878070617143674,0.779860012459754,0.0,99995,year_VIRGO_tsne_shepard_results/pdf/tsne_shepard _p60_e12_pca40_euclidean.pdf,OK,
60,12,40,manhattan,0.17878070617143674,0.7738801302919032,0.0,99995,year_VIRGO_tsne_shepard_results/pdf/tsne_shepard _p60_e12_pca40_manhattan.pdf,OK,
60,12,40,cosine,0.17878070617143674,0.7326493413144621,0.0,99995,year_VIRGO_tsne_shepard_results/pdf/tsne_shepard _p60_e12_pca40_cosine.pdf,OK,
60,12,40,euclidean,0.36395096328206755,0.3971773731457708,0.0,99995,year_VIRGO_tsne_shepard_results/pdf/tsne_shepard _p60_e12_pca40_euclidean.pdf,OK,
60,12,40,manhattan,0.36395096328206755,0.352073301242413,0.0,99995,year_VIRGO_tsne_shepard_results/pdf/tsne_shepard _p60_e12_pca40_manhattan.pdf,OK,
60,12,40,cosine,0.36395096328206755,0.6879419533457949,0.0,99995,year_VIRGO_tsne_shepard_results/pdf/tsne_shepard _p60_e12_pca40_cosine.pdf,OK,
60,12,40,euclidean,0.4581330224820056,0.3314808493536329,0.0,99995,year_VIRGO_tsne_shepard_results/pdf/tsne_shepard _p60_e12_pca40_euclidean.pdf,OK,
60,12,40,manhattan,0.4581330224820056,0.25517981081354557,0.0,99995,year_VIRGO_tsne_shepard_results/pdf/tsne_shepard _p60_e12_pca40_manhattan.pdf,OK,
60,12,40,cosine,0.4581330224820056,0.6579100969009335,0.0,99995,year_VIRGO_tsne_shepard_results/pdf/tsne_shepard _p60_e12_pca40_cosine.pdf,OK,
60,12,40,euclidean,0.5566912206836107,0.29091280761251415,0.0,99995,year_VIRGO_tsne_shepard_results/pdf/tsne_shepard _p60_e12_pca40_euclidean.pdf,OK,
60,12,40,manhattan,0.5566912206836107,0.20699585720778416,0.0,99995,year_VIRGO_tsne_shepard_results/pdf/tsne_shepard _p60_e12_pca40_manhattan.pdf,OK,
60,12,40,cosine,0.5566912206836107,0.6314877621027513,0.0,99995,year_VIRGO_tsne_shepard_results/pdf/tsne_shepard _p60_e12_pca40_cosine.pdf,OK,
60,14,40,euclidean,0.17878070617143674,0.780193900227491,0.0,99995,year_VIRGO_tsne_shepard_results/pdf/tsne_shepard _p60_e14_pca40_euclidean.pdf,OK,
60,14,40,manhattan,0.17878070617143674,0.7719169155825968,0.0,99995,year_VIRGO_tsne_shepard_results/pdf/tsne_shepard _p60_e14_pca40_manhattan.pdf,OK,
60,14,40,cosine,0.17878070617143674,0.73880897010171,0.0,99995,year_VIRGO_tsne_shepard_results/pdf/tsne_shepard _p60_e14_pca40_cosine.pdf,OK,
60,14,40,euclidean,0.36395096328206755,0.398673536775702,0.0,99995,year_VIRGO_tsne_shepard_results/pdf/tsne_shepard _p60_e14_pca40_euclidean.pdf,OK,
60,14,40,manhattan,0.36395096328206755,0.35239319379678186,0.0,99995,year_VIRGO_tsne_shepard_results/pdf/tsne_shepard _p60_e14_pca40_manhattan.pdf,OK,
60,14,40,cosine,0.36395096328206755,0.6892639085818579,0.0,99995,year_VIRGO_tsne_shepard_results/pdf/tsne_shepard _p60_e14_pca40_cosine.pdf,OK,
60,14,40,euclidean,0.4581330224820056,0.3305708415396805,0.0,99995,year_VIRGO_tsne_shepard_results/pdf/tsne_shepard _p60_e14_pca40_euclidean.pdf,OK,
60,14,40,manhattan,0.4581330224820056,0.2554585971668447,0.0,99995,year_VIRGO_tsne_shepard_results/pdf/tsne_shepard _p60_e14_pca40_manhattan.pdf,OK,
60,14,40,cosine,0.4581330224820056,0.6579264634564911,0.0,99995,year_VIRGO_tsne_shepard_results/pdf/tsne_shepard _p60_e14_pca40_cosine.pdf,OK,
60,14,40,euclidean,0.5566912206836107,0.29054133575787117,0.0,99995,year_VIRGO_tsne_shepard_results/pdf/tsne_shepard _p60_e14_pca40_euclidean.pdf,OK,
60,14,40,manhattan,0.5566912206836107,0.20850001338980678,0.0,99995,year_VIRGO_tsne_shepard_results/pdf/tsne_shepard _p60_e14_pca40_manhattan.pdf,OK,
60,14,40,cosine,0.5566912206836107,0.6342533148094962,0.0,99995,year_VIRGO_tsne_shepard_results/pdf/tsne_shepard _p60_e14_pca40_cosine.pdf,OK,
60,20,40,euclidean,0.17878070617143674,0.7815494260970572,0.0,99995,year_VIRGO_tsne_shepard_results/pdf/tsne_shepard _p60_e20_pca40_euclidean.pdf,OK,
60,20,40,manhattan,0.17878070617143674,0.7748596298389442,0.0,99995,year_VIRGO_tsne_shepard_results/pdf/tsne_shepard _p60_e20_pca40_manhattan.pdf,OK,
60,20,40,cosine,0.17878070617143674,0.740230181471996,0.0,99995,year_VIRGO_tsne_shepard_results/pdf/tsne_shepard _p60_e20_pca40_cosine.pdf,OK,
60,20,40,euclidean,0.36395096328206755,0.4013453902801764,0.0,99995,year_VIRGO_tsne_shepard_results/pdf/tsne_shepard _p60_e20_pca40_euclidean.pdf,OK,
60,20,40,manhattan,0.36395096328206755,0.3595334554301202,0.0,99995,year_VIRGO_tsne_shepard_results/pdf/tsne_shepard _p60_e20_pca40_manhattan.pdf,OK,
60,20,40,cosine,0.36395096328206755,0.6931351130857797,0.0,99995,year_VIRGO_tsne_shepard_results/pdf/tsne_shepard _p60_e20_pca40_cosine.pdf,OK,
60,20,40,euclidean,0.4581330224820056,0.33430397299203135,0.0,99995,year_VIRGO_tsne_shepard_results/pdf/tsne_shepard _p60_e20_pca40_euclidean.pdf,OK,
60,20,40,manhattan,0.4581330224820056,0.255558947058347,0.0,99995,year_VIRGO_tsne_shepard_results/pdf/tsne_shepard _p60_e20_pca40_manhattan.pdf,OK,
60,20,40,cosine,0.4581330224820056,0.6590095552458282,0.0,99995,year_VIRGO_tsne_shepard_results/pdf/tsne_shepard _p60_e20_pca40_cosine.pdf,OK,
60,20,40,euclidean,0.5566912206836107,0.29139285962324135,0.0,99995,year_VIRGO_tsne_shepard_results/pdf/tsne_shepard _p60_e20_pca40_euclidean.pdf,OK,
60,20,40,manhattan,0.5566912206836107,0.2462727730654481,0.0,99995,year_VIRGO_tsne_shepard_results/pdf/tsne_shepard _p60_e20_pca40_manhattan.pdf,OK,
60,20,40,cosine,0.5566912206836107,0.6330925280818291,0.0,99995,year_VIRGO_tsne_shepard_results/pdf/tsne_shepard _p60_e20_pca40_cosine.pdf,OK,
60,100,40,euclidean,0.17878070617143674,0.7847543816253094,0.0,99995,year_VIRGO_tsne_shepard_results/pdf/tsne_shepard _p60_e100_pca40_euclidean.pdf,OK,
60,100,40,manhattan,0.17878070617143674,0.7778512099190353,0.0,99995,year_VIRGO_tsne_shepard_results/pdf/tsne_shepard _p60_e100_pca40_manhattan.pdf,OK,
60,100,40,cosine,0.17878070617143674,0.7263459549901384,0.0,99995,year_VIRGO_tsne_shepard_results/pdf/tsne_shepard _p60_e100_pca40_cosine.pdf,OK,
60,100,40,euclidean,0.36395096328206755,0.49092548374069045,0.0,99995,year_VIRGO_tsne_shepard_results/pdf/tsne_shepard _p60_e100_pca40_euclidean.pdf,OK,
60,100,40,manhattan,0.36395096328206755,0.41740449982522076,0.0,99995,year_VIRGO_tsne_shepard_results/pdf/tsne_shepard _p60_e100_pca40_manhattan.pdf,OK,
60,100,40,cosine,0.36395096328206755,0.6983774804617333,0.0,99995,year_VIRGO_tsne_shepard_results/pdf/tsne_shepard _p60_e100_pca40_cosine.pdf,OK,
60,100,40,euclidean,0.4581330224820056,0.3764809039722464,0.0,99995,year_VIRGO_tsne_shepard_results/pdf/tsne_shepard _p60_e100_pca40_euclidean.pdf,OK,
60,100,40,manhattan,0.4581330224820056,0.30839734597619695,0.0,99995,year_VIRGO_tsne_shepard_results/pdf/tsne_shepard _p60_e100_pca40_manhattan.pdf,OK,
60,100,40,cosine,0.4581330224820056,0.664462537767906,0.0,99995,year_VIRGO_tsne_shepard_results/pdf/tsne_shepard _p60_e100_pca40_cosine.pdf,OK,
60,100,40,euclidean,0.5566912206836107,0.3505279529642218,0.0,99995,year_VIRGO_tsne_shepard_results/pdf/tsne_shepard _p60_e100_pca40_euclidean.pdf,OK,
60,100,40,manhattan,0.5566912206836107,0.31653144846168746,0.0,99995,year_VIRGO_tsne_shepard_results/pdf/tsne_shepard _p60_e100_pca40_manhattan.pdf,OK,
60,100,40,cosine,0.5566912206836107,0.6443462310275924,0.0,99995,year_VIRGO_tsne_shepard_results/pdf/tsne_shepard _p60_e100_pca40_cosine.pdf,OK,
60,300,40,euclidean,0.17878070617143674,0.7890551439599446,0.0,99995,year_VIRGO_tsne_shepard_results/pdf/tsne_shepard _p60_e300_pca40_euclidean.pdf,OK,
60,300,40,manhattan,0.17878070617143674,0.7817798007188128,0.0,99995,year_VIRGO_tsne_shepard_results/pdf/tsne_shepard _p60_e300_pca40_manhattan.pdf,OK,
60,300,40,cosine,0.17878070617143674,0.7268338655632103,0.0,99995,year_VIRGO_tsne_shepard_results/pdf/tsne_shepard _p60_e300_pca40_cosine.pdf,OK,
60,300,40,euclidean,0.36395096328206755,0.5424935101236559,0.0,99995,year_VIRGO_tsne_shepard_results/pdf/tsne_shepard _p60_e300_pca40_euclidean.pdf,OK,
60,300,40,manhattan,0.36395096328206755,0.4672357625940484,0.0,99995,year_VIRGO_tsne_shepard_results/pdf/tsne_shepard _p60_e300_pca40_manhattan.pdf,OK,
60,300,40,cosine,0.36395096328206755,0.6921468665287219,0.0,99995,year_VIRGO_tsne_shepard_results/pdf/tsne_shepard _p60_e300_pca40_cosine.pdf,OK,
60,300,40,euclidean,0.4581330224820056,0.33435065196488895,0.0,99995,year_VIRGO_tsne_shepard_results/pdf/tsne_shepard _p60_e300_pca40_euclidean.pdf,OK,
60,300,40,manhattan,0.4581330224820056,0.27646148951385613,0.0,99995,year_VIRGO_tsne_shepard_results/pdf/tsne_shepard _p60_e300_pca40_manhattan.pdf,OK,
60,300,40,cosine,0.4581330224820056,0.5397608839808281,0.0,99995,year_VIRGO_tsne_shepard_results/pdf/tsne_shepard _p60_e300_pca40_cosine.pdf,OK,
60,300,40,euclidean,0.5566912206836107,0.3833510082717452,0.0,99995,year_VIRGO_tsne_shepard_results/pdf/tsne_shepard _p60_e300_pca40_euclidean.pdf,OK,
60,300,40,manhattan,0.5566912206836107,0.35038709644488186,0.0,99995,year_VIRGO_tsne_shepard_results/pdf/tsne_shepard _p60_e300_pca40_manhattan.pdf,OK,
60,300,40,cosine,0.5566912206836107,0.4089830682957574,0.0,99995,year_VIRGO_tsne_shepard_results/pdf/tsne_shepard _p60_e300_pca40_cosine.pdf,OK,
60,1000,40,euclidean,0.17878070617143674,0.5729215539860859,0.0,99995,year_VIRGO_tsne_shepard_results/pdf/tsne_shepard _p60_e1000_pca40_euclidean.pdf,OK,
60,1000,40,manhattan,0.17878070617143674,0.29487794052645283,0.0,99995,year_VIRGO_tsne_shepard_results/pdf/tsne_shepard _p60_e1000_pca40_manhattan.pdf,OK,
60,1000,40,cosine,0.17878070617143674,0.2673586513668225,0.0,99995,year_VIRGO_tsne_shepard_results/pdf/tsne_shepard _p60_e1000_pca40_cosine.pdf,OK,
60,1000,40,euclidean,0.36395096328206755,0.3795892208854063,0.0,99995,year_VIRGO_tsne_shepard_results/pdf/tsne_shepard _p60_e1000_pca40_euclidean.pdf,OK,
60,1000,40,manhattan,0.36395096328206755,0.25100201850520737,0.0,99995,year_VIRGO_tsne_shepard_results/pdf/tsne_shepard _p60_e1000_pca40_manhattan.pdf,OK,
60,1000,40,cosine,0.36395096328206755,0.3355272849754597,0.0,99995,year_VIRGO_tsne_shepard_results/pdf/tsne_shepard _p60_e1000_pca40_cosine.pdf,OK,
60,1000,40,euclidean,0.4581330224820056,0.24825784848750201,0.0,99995,year_VIRGO_tsne_shepard_results/pdf/tsne_shepard _p60_e1000_pca40_euclidean.pdf,OK,
60,1000,40,manhattan,0.4581330224820056,0.3302046085121655,0.0,99995,year_VIRGO_tsne_shepard_results/pdf/tsne_shepard _p60_e1000_pca40_manhattan.pdf,OK,
60,1000,40,cosine,0.4581330224820056,0.30129421079343943,0.0,99995,year_VIRGO_tsne_shepard_results/pdf/tsne_shepard _p60_e1000_pca40_cosine.pdf,OK,
60,1000,40,euclidean,0.5566912206836107,0.3224630456809087,0.0,99995,year_VIRGO_tsne_shepard_results/pdf/tsne_shepard _p60_e1000_pca40_euclidean.pdf,OK,
60,1000,40,manhattan,0.5566912206836107,0.2938912308082572,0.0,99995,year_VIRGO_tsne_shepard_results/pdf/tsne_shepard _p60_e1000_pca40_manhattan.pdf,OK,
60,1000,40,cosine,0.5566912206836107,0.24032640216621723,0.0,99995,year_VIRGO_tsne_shepard_results/pdf/tsne_shepard _p60_e1000_pca40_cosine.pdf,OK,
70,10,40,euclidean,0.17878070617143674,0.7858616673084439,0.0,99995,year_VIRGO_tsne_shepard_results/pdf/tsne_shepard _p70_e10_pca40_euclidean.pdf,OK,
70,10,40,manhattan,0.17878070617143674,0.7789745795272498,0.0,99995,year_VIRGO_tsne_shepard_results/pdf/tsne_shepard _p70_e10_pca40_manhattan.pdf,OK,
70,10,40,cosine,0.17878070617143674,0.7457864423305702,0.0,99995,year_VIRGO_tsne_shepard_results/pdf/tsne_shepard _p70_e10_pca40_cosine.pdf,OK,
70,10,40,euclidean,0.36395096328206755,0.3919119391244532,0.0,99995,year_VIRGO_tsne_shepard_results/pdf/tsne_shepard _p70_e10_pca40_euclidean.pdf,OK,
70,10,40,manhattan,0.36395096328206755,0.35157414527019565,0.0,99995,year_VIRGO_tsne_shepard_results/pdf/tsne_shepard _p70_e10_pca40_manhattan.pdf,OK,
70,10,40,cosine,0.36395096328206755,0.6879775228035399,0.0,99995,year_VIRGO_tsne_shepard_results/pdf/tsne_shepard _p70_e10_pca40_cosine.pdf,OK,
70,10,40,euclidean,0.4581330224820056,0.33492673502572673,0.0,99995,year_VIRGO_tsne_shepard_results/pdf/tsne_shepard _p70_e10_pca40_euclidean.pdf,OK,
70,10,40,manhattan,0.4581330224820056,0.25673447320643233,0.0,99995,year_VIRGO_tsne_shepard_results/pdf/tsne_shepard _p70_e10_pca40_manhattan.pdf,OK,
70,10,40,cosine,0.4581330224820056,0.6512662582856369,0.0,99995,year_VIRGO_tsne_shepard_results/pdf/tsne_shepard _p70_e10_pca40_cosine.pdf,OK,
70,10,40,euclidean,0.5566912206836107,0.2946614478235273,0.0,99995,year_VIRGO_tsne_shepard_results/pdf/tsne_shepard _p70_e10_pca40_euclidean.pdf,OK,
70,10,40,manhattan,0.5566912206836107,0.21237491774943512,0.0,99995,year_VIRGO_tsne_shepard_results/pdf/tsne_shepard _p70_e10_pca40_manhattan.pdf,OK,
70,10,40,cosine,0.5566912206836107,0.6293069351214722,0.0,99995,year_VIRGO_tsne_shepard_results/pdf/tsne_shepard _p70_e10_pca40_cosine.pdf,OK,
70,12,40,euclidean,0.17878070617143674,0.781845882457109,0.0,99995,year_VIRGO_tsne_shepard_results/pdf/tsne_shepard _p70_e12_pca40_euclidean.pdf,OK,
70,12,40,manhattan,0.17878070617143674,0.7743462899411322,0.0,99995,year_VIRGO_tsne_shepard_results/pdf/tsne_shepard _p70_e12_pca40_manhattan.pdf,OK,
70,12,40,cosine,0.17878070617143674,0.7241676196087921,0.0,99995,year_VIRGO_tsne_shepard_results/pdf/tsne_shepard _p70_e12_pca40_cosine.pdf,OK,
70,12,40,euclidean,0.36395096328206755,0.3940831378275789,0.0,99995,year_VIRGO_tsne_shepard_results/pdf/tsne_shepard _p70_e12_pca40_euclidean.pdf,OK,
70,12,40,manhattan,0.36395096328206755,0.35233111645463155,0.0,99995,year_VIRGO_tsne_shepard_results/pdf/tsne_shepard _p70_e12_pca40_manhattan.pdf,OK,
70,12,40,cosine,0.36395096328206755,0.6882723244920583,0.0,99995,year_VIRGO_tsne_shepard_results/pdf/tsne_shepard _p70_e12_pca40_cosine.pdf,OK,
70,12,40,euclidean,0.4581330224820056,0.33400821928650587,0.0,99995,year_VIRGO_tsne_shepard_results/pdf/tsne_shepard _p70_e12_pca40_euclidean.pdf,OK,
70,12,40,manhattan,0.4581330224820056,0.25649136101636905,0.0,99995,year_VIRGO_tsne_shepard_results/pdf/tsne_shepard _p70_e12_pca40_manhattan.pdf,OK,
70,12,40,cosine,0.4581330224820056,0.6560576818820318,0.0,99995,year_VIRGO_tsne_shepard_results/pdf/tsne_shepard _p70_e12_pca40_cosine.pdf,OK,
70,12,40,euclidean,0.5566912206836107,0.29446032534218874,0.0,99995,year_VIRGO_tsne_shepard_results/pdf/tsne_shepard _p70_e12_pca40_euclidean.pdf,OK,
70,12,40,manhattan,0.5566912206836107,0.21258809514911878,0.0,99995,year_VIRGO_tsne_shepard_results/pdf/tsne_shepard _p70_e12_pca40_manhattan.pdf,OK,
70,12,40,cosine,0.5566912206836107,0.6325124820999681,0.0,99995,year_VIRGO_tsne_shepard_results/pdf/tsne_shepard _p70_e12_pca40_cosine.pdf,OK,
70,14,40,euclidean,0.17878070617143674,0.7805041139246982,0.0,99995,year_VIRGO_tsne_shepard_results/pdf/tsne_shepard _p70_e14_pca40_euclidean.pdf,OK,
70,14,40,manhattan,0.17878070617143674,0.7732553522990439,0.0,99995,year_VIRGO_tsne_shepard_results/pdf/tsne_shepard _p70_e14_pca40_manhattan.pdf,OK,
70,14,40,cosine,0.17878070617143674,0.7455698326240576,0.0,99995,year_VIRGO_tsne_shepard_results/pdf/tsne_shepard _p70_e14_pca40_cosine.pdf,OK,
70,14,40,euclidean,0.36395096328206755,0.39842246989165864,0.0,99995,year_VIRGO_tsne_shepard_results/pdf/tsne_shepard _p70_e14_pca40_euclidean.pdf,OK,
70,14,40,manhattan,0.36395096328206755,0.3567959685683867,0.0,99995,year_VIRGO_tsne_shepard_results/pdf/tsne_shepard _p70_e14_pca40_manhattan.pdf,OK,
70,14,40,cosine,0.36395096328206755,0.6884641586174511,0.0,99995,year_VIRGO_tsne_shepard_results/pdf/tsne_shepard _p70_e14_pca40_cosine.pdf,OK,
70,14,40,euclidean,0.4581330224820056,0.3340510560430334,0.0,99995,year_VIRGO_tsne_shepard_results/pdf/tsne_shepard _p70_e14_pca40_euclidean.pdf,OK,
70,14,40,manhattan,0.4581330224820056,0.257072882072324,0.0,99995,year_VIRGO_tsne_shepard_results/pdf/tsne_shepard _p70_e14_pca40_manhattan.pdf,OK,
70,14,40,cosine,0.4581330224820056,0.6558012274144098,0.0,99995,year_VIRGO_tsne_shepard_results/pdf/tsne_shepard _p70_e14_pca40_cosine.pdf,OK,
70,14,40,euclidean,0.5566912206836107,0.2947221185596594,0.0,99995,year_VIRGO_tsne_shepard_results/pdf/tsne_shepard _p70_e14_pca40_euclidean.pdf,OK,
70,14,40,manhattan,0.5566912206836107,0.21182891436826312,0.0,99995,year_VIRGO_tsne_shepard_results/pdf/tsne_shepard _p70_e14_pca40_manhattan.pdf,OK,
70,14,40,cosine,0.5566912206836107,0.6316621835682046,0.0,99995,year_VIRGO_tsne_shepard_results/pdf/tsne_shepard _p70_e14_pca40_cosine.pdf,OK,
70,20,40,euclidean,0.17878070617143674,0.7819480272931234,0.0,99995,year_VIRGO_tsne_shepard_results/pdf/tsne_shepard _p70_e20_pca40_euclidean.pdf,OK,
70,20,40,manhattan,0.17878070617143674,0.7742614328276514,0.0,99995,year_VIRGO_tsne_shepard_results/pdf/tsne_shepard _p70_e20_pca40_manhattan.pdf,OK,
70,20,40,cosine,0.17878070617143674,0.7491629411397132,0.0,99995,year_VIRGO_tsne_shepard_results/pdf/tsne_shepard _p70_e20_pca40_cosine.pdf,OK,
70,20,40,euclidean,0.36395096328206755,0.40266205039370245,0.0,99995,year_VIRGO_tsne_shepard_results/pdf/tsne_shepard _p70_e20_pca40_euclidean.pdf,OK,
70,20,40,manhattan,0.36395096328206755,0.36265285257083435,0.0,99995,year_VIRGO_tsne_shepard_results/pdf/tsne_shepard _p70_e20_pca40_manhattan.pdf,OK,
70,20,40,cosine,0.36395096328206755,0.6905339588926778,0.0,99995,year_VIRGO_tsne_shepard_results/pdf/tsne_shepard _p70_e20_pca40_cosine.pdf,OK,
70,20,40,euclidean,0.4581330224820056,0.33430872714252485,0.0,99995,year_VIRGO_tsne_shepard_results/pdf/tsne_shepard _p70_e20_pca40_euclidean.pdf,OK,
70,20,40,manhattan,0.4581330224820056,0.2595934469969487,0.0,99995,year_VIRGO_tsne_shepard_results/pdf/tsne_shepard _p70_e20_pca40_manhattan.pdf,OK,
70,20,40,cosine,0.4581330224820056,0.6575584208474929,0.0,99995,year_VIRGO_tsne_shepard_results/pdf/tsne_shepard _p70_e20_pca40_cosine.pdf,OK,
70,20,40,euclidean,0.5566912206836107,0.29419890204102767,0.0,99995,year_VIRGO_tsne_shepard_results/pdf/tsne_shepard _p70_e20_pca40_euclidean.pdf,OK,
70,20,40,manhattan,0.5566912206836107,0.25008853726740327,0.0,99995,year_VIRGO_tsne_shepard_results/pdf/tsne_shepard _p70_e20_pca40_manhattan.pdf,OK,
70,20,40,cosine,0.5566912206836107,0.6357881821001442,0.0,99995,year_VIRGO_tsne_shepard_results/pdf/tsne_shepard _p70_e20_pca40_cosine.pdf,OK,
70,100,40,euclidean,0.17878070617143674,0.7861725693891463,0.0,99995,year_VIRGO_tsne_shepard_results/pdf/tsne_shepard _p70_e100_pca40_euclidean.pdf,OK,
70,100,40,manhattan,0.17878070617143674,0.7790888262229884,0.0,99995,year_VIRGO_tsne_shepard_results/pdf/tsne_shepard _p70_e100_pca40_manhattan.pdf,OK,
70,100,40,cosine,0.17878070617143674,0.7198281576052785,0.0,99995,year_VIRGO_tsne_shepard_results/pdf/tsne_shepard _p70_e100_pca40_cosine.pdf,OK,
70,100,40,euclidean,0.36395096328206755,0.5003610151589782,0.0,99995,year_VIRGO_tsne_shepard_results/pdf/tsne_shepard _p70_e100_pca40_euclidean.pdf,OK,
70,100,40,manhattan,0.36395096328206755,0.4145652994938758,0.0,99995,year_VIRGO_tsne_shepard_results/pdf/tsne_shepard _p70_e100_pca40_manhattan.pdf,OK,
70,100,40,cosine,0.36395096328206755,0.6961120794397283,0.0,99995,year_VIRGO_tsne_shepard_results/pdf/tsne_shepard _p70_e100_pca40_cosine.pdf,OK,
70,100,40,euclidean,0.4581330224820056,0.3652423569269604,0.0,99995,year_VIRGO_tsne_shepard_results/pdf/tsne_shepard _p70_e100_pca40_euclidean.pdf,OK,
70,100,40,manhattan,0.4581330224820056,0.31796219161760503,0.0,99995,year_VIRGO_tsne_shepard_results/pdf/tsne_shepard _p70_e100_pca40_manhattan.pdf,OK,
70,100,40,cosine,0.4581330224820056,0.664905970233059,0.0,99995,year_VIRGO_tsne_shepard_results/pdf/tsne_shepard _p70_e100_pca40_cosine.pdf,OK,
70,100,40,euclidean,0.5566912206836107,0.3425227493807141,0.0,99995,year_VIRGO_tsne_shepard_results/pdf/tsne_shepard _p70_e100_pca40_euclidean.pdf,OK,
70,100,40,manhattan,0.5566912206836107,0.35122069777744547,0.0,99995,year_VIRGO_tsne_shepard_results/pdf/tsne_shepard _p70_e100_pca40_manhattan.pdf,OK,
70,100,40,cosine,0.5566912206836107,0.6472840232020111,0.0,99995,year_VIRGO_tsne_shepard_results/pdf/tsne_shepard _p70_e100_pca40_cosine.pdf,OK,
70,300,40,euclidean,0.17878070617143674,0.7908199084627477,0.0,99995,year_VIRGO_tsne_shepard_results/pdf/tsne_shepard _p70_e300_pca40_euclidean.pdf,OK,
70,300,40,manhattan,0.17878070617143674,0.7836847808722395,0.0,99995,year_VIRGO_tsne_shepard_results/pdf/tsne_shepard _p70_e300_pca40_manhattan.pdf,OK,
70,300,40,cosine,0.17878070617143674,0.7372291214469965,0.0,99995,year_VIRGO_tsne_shepard_results/pdf/tsne_shepard _p70_e300_pca40_cosine.pdf,OK,
70,300,40,euclidean,0.36395096328206755,0.5962737887535455,0.0,99995,year_VIRGO_tsne_shepard_results/pdf/tsne_shepard _p70_e300_pca40_euclidean.pdf,OK,
70,300,40,manhattan,0.36395096328206755,0.5103151085006911,0.0,99995,year_VIRGO_tsne_shepard_results/pdf/tsne_shepard _p70_e300_pca40_manhattan.pdf,OK,
70,300,40,cosine,0.36395096328206755,0.6090109398231066,0.0,99995,year_VIRGO_tsne_shepard_results/pdf/tsne_shepard _p70_e300_pca40_cosine.pdf,OK,
70,300,40,euclidean,0.4581330224820056,0.3223295118091692,0.0,99995,year_VIRGO_tsne_shepard_results/pdf/tsne_shepard _p70_e300_pca40_euclidean.pdf,OK,
70,300,40,manhattan,0.4581330224820056,0.28371808610981825,0.0,99995,year_VIRGO_tsne_shepard_results/pdf/tsne_shepard _p70_e300_pca40_manhattan.pdf,OK,
70,300,40,cosine,0.4581330224820056,0.4036406342894928,0.0,99995,year_VIRGO_tsne_shepard_results/pdf/tsne_shepard _p70_e300_pca40_cosine.pdf,OK,
70,300,40,euclidean,0.5566912206836107,0.37357050637100353,0.0,99995,year_VIRGO_tsne_shepard_results/pdf/tsne_shepard _p70_e300_pca40_euclidean.pdf,OK,
70,300,40,manhattan,0.5566912206836107,0.2892742347379479,0.0,99995,year_VIRGO_tsne_shepard_results/pdf/tsne_shepard _p70_e300_pca40_manhattan.pdf,OK,
70,300,40,cosine,0.5566912206836107,0.5013239589908022,0.0,99995,year_VIRGO_tsne_shepard_results/pdf/tsne_shepard _p70_e300_pca40_cosine.pdf,OK,
70,1000,40,euclidean,0.17878070617143674,0.3718704062925186,0.0,99995,year_VIRGO_tsne_shepard_results/pdf/tsne_shepard _p70_e1000_pca40_euclidean.pdf,OK,
70,1000,40,manhattan,0.17878070617143674,0.42138194201437623,0.0,99995,year_VIRGO_tsne_shepard_results/pdf/tsne_shepard _p70_e1000_pca40_manhattan.pdf,OK,
70,1000,40,cosine,0.17878070617143674,0.17984403625935555,0.0,99995,year_VIRGO_tsne_shepard_results/pdf/tsne_shepard _p70_e1000_pca40_cosine.pdf,OK,
70,1000,40,euclidean,0.36395096328206755,0.266688159018572,0.0,99995,year_VIRGO_tsne_shepard_results/pdf/tsne_shepard _p70_e1000_pca40_euclidean.pdf,OK,
70,1000,40,manhattan,0.36395096328206755,0.33902625139576664,0.0,99995,year_VIRGO_tsne_shepard_results/pdf/tsne_shepard _p70_e1000_pca40_manhattan.pdf,OK,
70,1000,40,cosine,0.36395096328206755,0.27368983031554434,0.0,99995,year_VIRGO_tsne_shepard_results/pdf/tsne_shepard _p70_e1000_pca40_cosine.pdf,OK,
70,1000,40,euclidean,0.4581330224820056,0.2125064524535414,0.0,99995,year_VIRGO_tsne_shepard_results/pdf/tsne_shepard _p70_e1000_pca40_euclidean.pdf,OK,
70,1000,40,manhattan,0.4581330224820056,0.23973453344180498,0.0,99995,year_VIRGO_tsne_shepard_results/pdf/tsne_shepard _p70_e1000_pca40_manhattan.pdf,OK,
70,1000,40,cosine,0.4581330224820056,0.4983792735843543,0.0,99995,year_VIRGO_tsne_shepard_results/pdf/tsne_shepard _p70_e1000_pca40_cosine.pdf,OK,
70,1000,40,euclidean,0.5566912206836107,0.20782837361925074,0.0,99995,year_VIRGO_tsne_shepard_results/pdf/tsne_shepard _p70_e1000_pca40_euclidean.pdf,OK,
70,1000,40,manhattan,0.5566912206836107,0.26166169187526356,0.0,99995,year_VIRGO_tsne_shepard_results/pdf/tsne_shepard _p70_e1000_pca40_manhattan.pdf,OK,
70,1000,40,cosine,0.5566912206836107,0.3818795887031157,0.0,99995,year_VIRGO_tsne_shepard_results/pdf/tsne_shepard _p70_e1000_pca40_cosine.pdf,OK,
80,10,40,euclidean,0.17878070617143674,0.7881628058586365,0.0,99995,year_VIRGO_tsne_shepard_results/pdf/tsne_shepard _p80_e10_pca40_euclidean.pdf,OK,
80,10,40,manhattan,0.17878070617143674,0.7807539181996109,0.0,99995,year_VIRGO_tsne_shepard_results/pdf/tsne_shepard _p80_e10_pca40_manhattan.pdf,OK,
80,10,40,cosine,0.17878070617143674,0.741619583233806,0.0,99995,year_VIRGO_tsne_shepard_results/pdf/tsne_shepard _p80_e10_pca40_cosine.pdf,OK,
80,10,40,euclidean,0.36395096328206755,0.3949390808693284,0.0,99995,year_VIRGO_tsne_shepard_results/pdf/tsne_shepard _p80_e10_pca40_euclidean.pdf,OK,
80,10,40,manhattan,0.36395096328206755,0.3529247668268885,0.0,99995,year_VIRGO_tsne_shepard_results/pdf/tsne_shepard _p80_e10_pca40_manhattan.pdf,OK,
80,10,40,cosine,0.36395096328206755,0.6870785333183562,0.0,99995,year_VIRGO_tsne_shepard_results/pdf/tsne_shepard _p80_e10_pca40_cosine.pdf,OK,
80,10,40,euclidean,0.4581330224820056,0.3357152796838541,0.0,99995,year_VIRGO_tsne_shepard_results/pdf/tsne_shepard _p80_e10_pca40_euclidean.pdf,OK,
80,10,40,manhattan,0.4581330224820056,0.260395463762883,0.0,99995,year_VIRGO_tsne_shepard_results/pdf/tsne_shepard _p80_e10_pca40_manhattan.pdf,OK,
80,10,40,cosine,0.4581330224820056,0.6491510842496002,0.0,99995,year_VIRGO_tsne_shepard_results/pdf/tsne_shepard _p80_e10_pca40_cosine.pdf,OK,
80,10,40,euclidean,0.5566912206836107,0.2972054980038517,0.0,99995,year_VIRGO_tsne_shepard_results/pdf/tsne_shepard _p80_e10_pca40_euclidean.pdf,OK,
80,10,40,manhattan,0.5566912206836107,0.21774323465132625,0.0,99995,year_VIRGO_tsne_shepard_results/pdf/tsne_shepard _p80_e10_pca40_manhattan.pdf,OK,
80,10,40,cosine,0.5566912206836107,0.629748480512689,0.0,99995,year_VIRGO_tsne_shepard_results/pdf/tsne_shepard _p80_e10_pca40_cosine.pdf,OK,
80,12,40,euclidean,0.17878070617143674,0.7846666511655687,0.0,99995,year_VIRGO_tsne_shepard_results/pdf/tsne_shepard _p80_e12_pca40_euclidean.pdf,OK,
80,12,40,manhattan,0.17878070617143674,0.7776176597710961,0.0,99995,year_VIRGO_tsne_shepard_results/pdf/tsne_shepard _p80_e12_pca40_manhattan.pdf,OK,
80,12,40,cosine,0.17878070617143674,0.7358336206546329,0.0,99995,year_VIRGO_tsne_shepard_results/pdf/tsne_shepard _p80_e12_pca40_cosine.pdf,OK,
80,12,40,euclidean,0.36395096328206755,0.3938020664008862,0.0,99995,year_VIRGO_tsne_shepard_results/pdf/tsne_shepard _p80_e12_pca40_euclidean.pdf,OK,
80,12,40,manhattan,0.36395096328206755,0.3542520583754575,0.0,99995,year_VIRGO_tsne_shepard_results/pdf/tsne_shepard _p80_e12_pca40_manhattan.pdf,OK,
80,12,40,cosine,0.36395096328206755,0.6875701654824111,0.0,99995,year_VIRGO_tsne_shepard_results/pdf/tsne_shepard _p80_e12_pca40_cosine.pdf,OK,
80,12,40,euclidean,0.4581330224820056,0.3359687400630926,0.0,99995,year_VIRGO_tsne_shepard_results/pdf/tsne_shepard _p80_e12_pca40_euclidean.pdf,OK,
80,12,40,manhattan,0.4581330224820056,0.26237041263832483,0.0,99995,year_VIRGO_tsne_shepard_results/pdf/tsne_shepard _p80_e12_pca40_manhattan.pdf,OK,
80,12,40,cosine,0.4581330224820056,0.6546480552136416,0.0,99995,year_VIRGO_tsne_shepard_results/pdf/tsne_shepard _p80_e12_pca40_cosine.pdf,OK,
80,12,40,euclidean,0.5566912206836107,0.29637323134197324,0.0,99995,year_VIRGO_tsne_shepard_results/pdf/tsne_shepard _p80_e12_pca40_euclidean.pdf,OK,
80,12,40,manhattan,0.5566912206836107,0.2172080291746329,0.0,99995,year_VIRGO_tsne_shepard_results/pdf/tsne_shepard _p80_e12_pca40_manhattan.pdf,OK,
80,12,40,cosine,0.5566912206836107,0.6342357336418013,0.0,99995,year_VIRGO_tsne_shepard_results/pdf/tsne_shepard _p80_e12_pca40_cosine.pdf,OK,
80,14,40,euclidean,0.17878070617143674,0.7828467318255707,0.0,99995,year_VIRGO_tsne_shepard_results/pdf/tsne_shepard _p80_e14_pca40_euclidean.pdf,OK,
80,14,40,manhattan,0.17878070617143674,0.7758228453437497,0.0,99995,year_VIRGO_tsne_shepard_results/pdf/tsne_shepard _p80_e14_pca40_manhattan.pdf,OK,
80,14,40,cosine,0.17878070617143674,0.7395133212798586,0.0,99995,year_VIRGO_tsne_shepard_results/pdf/tsne_shepard _p80_e14_pca40_cosine.pdf,OK,
80,14,40,euclidean,0.36395096328206755,0.39940571095649174,0.0,99995,year_VIRGO_tsne_shepard_results/pdf/tsne_shepard _p80_e14_pca40_euclidean.pdf,OK,
80,14,40,manhattan,0.36395096328206755,0.35657941261236525,0.0,99995,year_VIRGO_tsne_shepard_results/pdf/tsne_shepard _p80_e14_pca40_manhattan.pdf,OK,
80,14,40,cosine,0.36395096328206755,0.6881467507516627,0.0,99995,year_VIRGO_tsne_shepard_results/pdf/tsne_shepard _p80_e14_pca40_cosine.pdf,OK,
80,14,40,euclidean,0.4581330224820056,0.3365020142763999,0.0,99995,year_VIRGO_tsne_shepard_results/pdf/tsne_shepard _p80_e14_pca40_euclidean.pdf,OK,
80,14,40,manhattan,0.4581330224820056,0.26304807705340555,0.0,99995,year_VIRGO_tsne_shepard_results/pdf/tsne_shepard _p80_e14_pca40_manhattan.pdf,OK,
80,14,40,cosine,0.4581330224820056,0.6576385415764099,0.0,99995,year_VIRGO_tsne_shepard_results/pdf/tsne_shepard _p80_e14_pca40_cosine.pdf,OK,
80,14,40,euclidean,0.5566912206836107,0.29667228174276244,0.0,99995,year_VIRGO_tsne_shepard_results/pdf/tsne_shepard _p80_e14_pca40_euclidean.pdf,OK,
80,14,40,manhattan,0.5566912206836107,0.21638780998769344,0.0,99995,year_VIRGO_tsne_shepard_results/pdf/tsne_shepard _p80_e14_pca40_manhattan.pdf,OK,
80,14,40,cosine,0.5566912206836107,0.6354024626219871,0.0,99995,year_VIRGO_tsne_shepard_results/pdf/tsne_shepard _p80_e14_pca40_cosine.pdf,OK,
80,20,40,euclidean,0.17878070617143674,0.783506592526877,0.0,99995,year_VIRGO_tsne_shepard_results/pdf/tsne_shepard _p80_e20_pca40_euclidean.pdf,OK,
80,20,40,manhattan,0.17878070617143674,0.7751091839603252,0.0,99995,year_VIRGO_tsne_shepard_results/pdf/tsne_shepard _p80_e20_pca40_manhattan.pdf,OK,
80,20,40,cosine,0.17878070617143674,0.7514228895598872,0.0,99995,year_VIRGO_tsne_shepard_results/pdf/tsne_shepard _p80_e20_pca40_cosine.pdf,OK,
80,20,40,euclidean,0.36395096328206755,0.4035148644317621,0.0,99995,year_VIRGO_tsne_shepard_results/pdf/tsne_shepard _p80_e20_pca40_euclidean.pdf,OK,
80,20,40,manhattan,0.36395096328206755,0.36390265621705914,0.0,99995,year_VIRGO_tsne_shepard_results/pdf/tsne_shepard _p80_e20_pca40_manhattan.pdf,OK,
80,20,40,cosine,0.36395096328206755,0.6881155564231692,0.0,99995,year_VIRGO_tsne_shepard_results/pdf/tsne_shepard _p80_e20_pca40_cosine.pdf,OK,
80,20,40,euclidean,0.4581330224820056,0.3363737333604095,0.0,99995,year_VIRGO_tsne_shepard_results/pdf/tsne_shepard _p80_e20_pca40_euclidean.pdf,OK,
80,20,40,manhattan,0.4581330224820056,0.26185589265981485,0.0,99995,year_VIRGO_tsne_shepard_results/pdf/tsne_shepard _p80_e20_pca40_manhattan.pdf,OK,
80,20,40,cosine,0.4581330224820056,0.6561570304798607,0.0,99995,year_VIRGO_tsne_shepard_results/pdf/tsne_shepard _p80_e20_pca40_cosine.pdf,OK,
80,20,40,euclidean,0.5566912206836107,0.2974354740563071,0.0,99995,year_VIRGO_tsne_shepard_results/pdf/tsne_shepard _p80_e20_pca40_euclidean.pdf,OK,
80,20,40,manhattan,0.5566912206836107,0.24999766790521377,0.0,99995,year_VIRGO_tsne_shepard_results/pdf/tsne_shepard _p80_e20_pca40_manhattan.pdf,OK,
80,20,40,cosine,0.5566912206836107,0.6370864336330553,0.0,99995,year_VIRGO_tsne_shepard_results/pdf/tsne_shepard _p80_e20_pca40_cosine.pdf,OK,
80,100,40,euclidean,0.17878070617143674,0.7878098368729056,0.0,99995,year_VIRGO_tsne_shepard_results/pdf/tsne_shepard _p80_e100_pca40_euclidean.pdf,OK,
80,100,40,manhattan,0.17878070617143674,0.7811518484137413,0.0,99995,year_VIRGO_tsne_shepard_results/pdf/tsne_shepard _p80_e100_pca40_manhattan.pdf,OK,
80,100,40,cosine,0.17878070617143674,0.7263322765225827,0.0,99995,year_VIRGO_tsne_shepard_results/pdf/tsne_shepard _p80_e100_pca40_cosine.pdf,OK,
80,100,40,euclidean,0.36395096328206755,0.4821273073869044,0.0,99995,year_VIRGO_tsne_shepard_results/pdf/tsne_shepard _p80_e100_pca40_euclidean.pdf,OK,
80,100,40,manhattan,0.36395096328206755,0.4192096655814335,0.0,99995,year_VIRGO_tsne_shepard_results/pdf/tsne_shepard _p80_e100_pca40_manhattan.pdf,OK,
80,100,40,cosine,0.36395096328206755,0.6964134550573418,0.0,99995,year_VIRGO_tsne_shepard_results/pdf/tsne_shepard _p80_e100_pca40_cosine.pdf,OK,
80,100,40,euclidean,0.4581330224820056,0.39916685821712333,0.0,99995,year_VIRGO_tsne_shepard_results/pdf/tsne_shepard _p80_e100_pca40_euclidean.pdf,OK,
80,100,40,manhattan,0.4581330224820056,0.34123087946362785,0.0,99995,year_VIRGO_tsne_shepard_results/pdf/tsne_shepard _p80_e100_pca40_manhattan.pdf,OK,
80,100,40,cosine,0.4581330224820056,0.6643616721422644,0.0,99995,year_VIRGO_tsne_shepard_results/pdf/tsne_shepard _p80_e100_pca40_cosine.pdf,OK,
80,100,40,euclidean,0.5566912206836107,0.3880561375853483,0.0,99995,year_VIRGO_tsne_shepard_results/pdf/tsne_shepard _p80_e100_pca40_euclidean.pdf,OK,
80,100,40,manhattan,0.5566912206836107,0.2640208115153432,0.0,99995,year_VIRGO_tsne_shepard_results/pdf/tsne_shepard _p80_e100_pca40_manhattan.pdf,OK,
80,100,40,cosine,0.5566912206836107,0.6470295503501997,0.0,99995,year_VIRGO_tsne_shepard_results/pdf/tsne_shepard _p80_e100_pca40_cosine.pdf,OK,
80,300,40,euclidean,0.17878070617143674,0.7926357414982277,0.0,99995,year_VIRGO_tsne_shepard_results/pdf/tsne_shepard _p80_e300_pca40_euclidean.pdf,OK,
80,300,40,manhattan,0.17878070617143674,0.7856753168874914,0.0,99995,year_VIRGO_tsne_shepard_results/pdf/tsne_shepard _p80_e300_pca40_manhattan.pdf,OK,
80,300,40,cosine,0.17878070617143674,0.7296811486281334,0.0,99995,year_VIRGO_tsne_shepard_results/pdf/tsne_shepard _p80_e300_pca40_cosine.pdf,OK,
80,300,40,euclidean,0.36395096328206755,0.5542451224423641,0.0,99995,year_VIRGO_tsne_shepard_results/pdf/tsne_shepard _p80_e300_pca40_euclidean.pdf,OK,
80,300,40,manhattan,0.36395096328206755,0.5124447037697222,0.0,99995,year_VIRGO_tsne_shepard_results/pdf/tsne_shepard _p80_e300_pca40_manhattan.pdf,OK,
80,300,40,cosine,0.36395096328206755,0.6948159538163464,0.0,99995,year_VIRGO_tsne_shepard_results/pdf/tsne_shepard _p80_e300_pca40_cosine.pdf,OK,
80,300,40,euclidean,0.4581330224820056,0.47277253053656687,0.0,99995,year_VIRGO_tsne_shepard_results/pdf/tsne_shepard _p80_e300_pca40_euclidean.pdf,OK,
80,300,40,manhattan,0.4581330224820056,0.25536272460414894,0.0,99995,year_VIRGO_tsne_shepard_results/pdf/tsne_shepard _p80_e300_pca40_manhattan.pdf,OK,
80,300,40,cosine,0.4581330224820056,0.400951596644073,0.0,99995,year_VIRGO_tsne_shepard_results/pdf/tsne_shepard _p80_e300_pca40_cosine.pdf,OK,
80,300,40,euclidean,0.5566912206836107,0.38004085924649716,0.0,99995,year_VIRGO_tsne_shepard_results/pdf/tsne_shepard _p80_e300_pca40_euclidean.pdf,OK,
80,300,40,manhattan,0.5566912206836107,0.2894671585266982,0.0,99995,year_VIRGO_tsne_shepard_results/pdf/tsne_shepard _p80_e300_pca40_manhattan.pdf,OK,
80,300,40,cosine,0.5566912206836107,0.5781089935035592,0.0,99995,year_VIRGO_tsne_shepard_results/pdf/tsne_shepard _p80_e300_pca40_cosine.pdf,OK,
80,1000,40,euclidean,0.17878070617143674,0.3796468876049093,0.0,99995,year_VIRGO_tsne_shepard_results/pdf/tsne_shepard _p80_e1000_pca40_euclidean.pdf,OK,
80,1000,40,manhattan,0.17878070617143674,0.24134218868094076,0.0,99995,year_VIRGO_tsne_shepard_results/pdf/tsne_shepard _p80_e1000_pca40_manhattan.pdf,OK,
80,1000,40,cosine,0.17878070617143674,0.23264424197244127,0.0,99995,year_VIRGO_tsne_shepard_results/pdf/tsne_shepard _p80_e1000_pca40_cosine.pdf,OK,
80,1000,40,euclidean,0.36395096328206755,0.3349873961837156,0.0,99995,year_VIRGO_tsne_shepard_results/pdf/tsne_shepard _p80_e1000_pca40_euclidean.pdf,OK,
80,1000,40,manhattan,0.36395096328206755,0.4241321070936667,0.0,99995,year_VIRGO_tsne_shepard_results/pdf/tsne_shepard _p80_e1000_pca40_manhattan.pdf,OK,
80,1000,40,cosine,0.36395096328206755,0.41950509255419655,0.0,99995,year_VIRGO_tsne_shepard_results/pdf/tsne_shepard _p80_e1000_pca40_cosine.pdf,OK,
80,1000,40,euclidean,0.4581330224820056,0.376639575420234,0.0,99995,year_VIRGO_tsne_shepard_results/pdf/tsne_shepard _p80_e1000_pca40_euclidean.pdf,OK,
80,1000,40,manhattan,0.4581330224820056,0.31683481589524065,0.0,99995,year_VIRGO_tsne_shepard_results/pdf/tsne_shepard _p80_e1000_pca40_manhattan.pdf,OK,
80,1000,40,cosine,0.4581330224820056,0.42074346045329764,0.0,99995,year_VIRGO_tsne_shepard_results/pdf/tsne_shepard _p80_e1000_pca40_cosine.pdf,OK,
80,1000,40,euclidean,0.5566912206836107,0.31932786676282415,0.0,99995,year_VIRGO_tsne_shepard_results/pdf/tsne_shepard _p80_e1000_pca40_euclidean.pdf,OK,
80,1000,40,manhattan,0.5566912206836107,0.12841701606477915,0.0,99995,year_VIRGO_tsne_shepard_results/pdf/tsne_shepard _p80_e1000_pca40_manhattan.pdf,OK,
80,1000,40,cosine,0.5566912206836107,0.35296911278115434,0.0,99995,year_VIRGO_tsne_shepard_results/pdf/tsne_shepard _p80_e1000_pca40_cosine.pdf,OK,
90,10,40,euclidean,0.17878070617143674,0.787448307238973,0.0,99995,year_VIRGO_tsne_shepard_results/pdf/tsne_shepard _p90_e10_pca40_euclidean.pdf,OK,
90,10,40,manhattan,0.17878070617143674,0.7844808200900611,0.0,99995,year_VIRGO_tsne_shepard_results/pdf/tsne_shepard _p90_e10_pca40_manhattan.pdf,OK,
90,10,40,cosine,0.17878070617143674,0.7639389898519049,0.0,99995,year_VIRGO_tsne_shepard_results/pdf/tsne_shepard _p90_e10_pca40_cosine.pdf,OK,
90,10,40,euclidean,0.36395096328206755,0.39545504211535887,0.0,99995,year_VIRGO_tsne_shepard_results/pdf/tsne_shepard _p90_e10_pca40_euclidean.pdf,OK,
90,10,40,manhattan,0.36395096328206755,0.35197130852716363,0.0,99995,year_VIRGO_tsne_shepard_results/pdf/tsne_shepard _p90_e10_pca40_manhattan.pdf,OK,
90,10,40,cosine,0.36395096328206755,0.6832008806305233,0.0,99995,year_VIRGO_tsne_shepard_results/pdf/tsne_shepard _p90_e10_pca40_cosine.pdf,OK,
90,10,40,euclidean,0.4581330224820056,0.3314813691355041,0.0,99995,year_VIRGO_tsne_shepard_results/pdf/tsne_shepard _p90_e10_pca40_euclidean.pdf,OK,
90,10,40,manhattan,0.4581330224820056,0.2638946145309198,0.0,99995,year_VIRGO_tsne_shepard_results/pdf/tsne_shepard _p90_e10_pca40_manhattan.pdf,OK,
90,10,40,cosine,0.4581330224820056,0.6449706572658218,0.0,99995,year_VIRGO_tsne_shepard_results/pdf/tsne_shepard _p90_e10_pca40_cosine.pdf,OK,
90,10,40,euclidean,0.5566912206836107,0.29790426394979286,0.0,99995,year_VIRGO_tsne_shepard_results/pdf/tsne_shepard _p90_e10_pca40_euclidean.pdf,OK,
90,10,40,manhattan,0.5566912206836107,0.22223853067445068,0.0,99995,year_VIRGO_tsne_shepard_results/pdf/tsne_shepard _p90_e10_pca40_manhattan.pdf,OK,
90,10,40,cosine,0.5566912206836107,0.6300654374363115,0.0,99995,year_VIRGO_tsne_shepard_results/pdf/tsne_shepard _p90_e10_pca40_cosine.pdf,OK,
90,12,40,euclidean,0.17878070617143674,0.7856237099442644,0.0,99995,year_VIRGO_tsne_shepard_results/pdf/tsne_shepard _p90_e12_pca40_euclidean.pdf,OK,
90,12,40,manhattan,0.17878070617143674,0.7810179170492854,0.0,99995,year_VIRGO_tsne_shepard_results/pdf/tsne_shepard _p90_e12_pca40_manhattan.pdf,OK,
90,12,40,cosine,0.17878070617143674,0.743607747163931,0.0,99995,year_VIRGO_tsne_shepard_results/pdf/tsne_shepard _p90_e12_pca40_cosine.pdf,OK,
90,12,40,euclidean,0.36395096328206755,0.39741998306300974,0.0,99995,year_VIRGO_tsne_shepard_results/pdf/tsne_shepard _p90_e12_pca40_euclidean.pdf,OK,
90,12,40,manhattan,0.36395096328206755,0.35391689058791365,0.0,99995,year_VIRGO_tsne_shepard_results/pdf/tsne_shepard _p90_e12_pca40_manhattan.pdf,OK,
90,12,40,cosine,0.36395096328206755,0.6864794373330458,0.0,99995,year_VIRGO_tsne_shepard_results/pdf/tsne_shepard _p90_e12_pca40_cosine.pdf,OK,
90,12,40,euclidean,0.4581330224820056,0.34036757989444777,0.0,99995,year_VIRGO_tsne_shepard_results/pdf/tsne_shepard _p90_e12_pca40_euclidean.pdf,OK,
90,12,40,manhattan,0.4581330224820056,0.26498279693721966,0.0,99995,year_VIRGO_tsne_shepard_results/pdf/tsne_shepard _p90_e12_pca40_manhattan.pdf,OK,
90,12,40,cosine,0.4581330224820056,0.6549534991315501,0.0,99995,year_VIRGO_tsne_shepard_results/pdf/tsne_shepard _p90_e12_pca40_cosine.pdf,OK,
90,12,40,euclidean,0.5566912206836107,0.29710729660436536,0.0,99995,year_VIRGO_tsne_shepard_results/pdf/tsne_shepard _p90_e12_pca40_euclidean.pdf,OK,
90,12,40,manhattan,0.5566912206836107,0.2214424449572526,0.0,99995,year_VIRGO_tsne_shepard_results/pdf/tsne_shepard _p90_e12_pca40_manhattan.pdf,OK,
90,12,40,cosine,0.5566912206836107,0.6363173269331539,0.0,99995,year_VIRGO_tsne_shepard_results/pdf/tsne_shepard _p90_e12_pca40_cosine.pdf,OK,
90,14,40,euclidean,0.17878070617143674,0.7846181982319316,0.0,99995,year_VIRGO_tsne_shepard_results/pdf/tsne_shepard _p90_e14_pca40_euclidean.pdf,OK,
90,14,40,manhattan,0.17878070617143674,0.7794645722912453,0.0,99995,year_VIRGO_tsne_shepard_results/pdf/tsne_shepard _p90_e14_pca40_manhattan.pdf,OK,
90,14,40,cosine,0.17878070617143674,0.7548595050463511,0.0,99995,year_VIRGO_tsne_shepard_results/pdf/tsne_shepard _p90_e14_pca40_cosine.pdf,OK,
90,14,40,euclidean,0.36395096328206755,0.4019736583044639,0.0,99995,year_VIRGO_tsne_shepard_results/pdf/tsne_shepard _p90_e14_pca40_euclidean.pdf,OK,
90,14,40,manhattan,0.36395096328206755,0.3521652127993047,0.0,99995,year_VIRGO_tsne_shepard_results/pdf/tsne_shepard _p90_e14_pca40_manhattan.pdf,OK,
90,14,40,cosine,0.36395096328206755,0.6867308222058255,0.0,99995,year_VIRGO_tsne_shepard_results/pdf/tsne_shepard _p90_e14_pca40_cosine.pdf,OK,
90,14,40,euclidean,0.4581330224820056,0.3401915655111889,0.0,99995,year_VIRGO_tsne_shepard_results/pdf/tsne_shepard _p90_e14_pca40_euclidean.pdf,OK,
90,14,40,manhattan,0.4581330224820056,0.265500171411848,0.0,99995,year_VIRGO_tsne_shepard_results/pdf/tsne_shepard _p90_e14_pca40_manhattan.pdf,OK,
90,14,40,cosine,0.4581330224820056,0.6522902058403055,0.0,99995,year_VIRGO_tsne_shepard_results/pdf/tsne_shepard _p90_e14_pca40_cosine.pdf,OK,
90,14,40,euclidean,0.5566912206836107,0.297154716177191,0.0,99995,year_VIRGO_tsne_shepard_results/pdf/tsne_shepard _p90_e14_pca40_euclidean.pdf,OK,
90,14,40,manhattan,0.5566912206836107,0.2190130823146458,0.0,99995,year_VIRGO_tsne_shepard_results/pdf/tsne_shepard _p90_e14_pca40_manhattan.pdf,OK,
90,14,40,cosine,0.5566912206836107,0.637361853533479,0.0,99995,year_VIRGO_tsne_shepard_results/pdf/tsne_shepard _p90_e14_pca40_cosine.pdf,OK,
90,20,40,euclidean,0.17878070617143674,0.7853503638942695,0.0,99995,year_VIRGO_tsne_shepard_results/pdf/tsne_shepard _p90_e20_pca40_euclidean.pdf,OK,
90,20,40,manhattan,0.17878070617143674,0.7791747464086872,0.0,99995,year_VIRGO_tsne_shepard_results/pdf/tsne_shepard _p90_e20_pca40_manhattan.pdf,OK,
90,20,40,cosine,0.17878070617143674,0.7432916811565675,0.0,99995,year_VIRGO_tsne_shepard_results/pdf/tsne_shepard _p90_e20_pca40_cosine.pdf,OK,
90,20,40,euclidean,0.36395096328206755,0.4038195124962243,0.0,99995,year_VIRGO_tsne_shepard_results/pdf/tsne_shepard _p90_e20_pca40_euclidean.pdf,OK,
90,20,40,manhattan,0.36395096328206755,0.3589158807569355,0.0,99995,year_VIRGO_tsne_shepard_results/pdf/tsne_shepard _p90_e20_pca40_manhattan.pdf,OK,
90,20,40,cosine,0.36395096328206755,0.6875611935488446,0.0,99995,year_VIRGO_tsne_shepard_results/pdf/tsne_shepard _p90_e20_pca40_cosine.pdf,OK,
90,20,40,euclidean,0.4581330224820056,0.339019670209483,0.0,99995,year_VIRGO_tsne_shepard_results/pdf/tsne_shepard _p90_e20_pca40_euclidean.pdf,OK,
90,20,40,manhattan,0.4581330224820056,0.26292970050038494,0.0,99995,year_VIRGO_tsne_shepard_results/pdf/tsne_shepard _p90_e20_pca40_manhattan.pdf,OK,
90,20,40,cosine,0.4581330224820056,0.6561394411303527,0.0,99995,year_VIRGO_tsne_shepard_results/pdf/tsne_shepard _p90_e20_pca40_cosine.pdf,OK,
90,20,40,euclidean,0.5566912206836107,0.29894135684181633,0.0,99995,year_VIRGO_tsne_shepard_results/pdf/tsne_shepard _p90_e20_pca40_euclidean.pdf,OK,
90,20,40,manhattan,0.5566912206836107,0.2885201171344074,0.0,99995,year_VIRGO_tsne_shepard_results/pdf/tsne_shepard _p90_e20_pca40_manhattan.pdf,OK,
90,20,40,cosine,0.5566912206836107,0.6358916065766341,0.0,99995,year_VIRGO_tsne_shepard_results/pdf/tsne_shepard _p90_e20_pca40_cosine.pdf,OK,
90,100,40,euclidean,0.17878070617143674,0.7900267221323507,0.0,99995,year_VIRGO_tsne_shepard_results/pdf/tsne_shepard _p90_e100_pca40_euclidean.pdf,OK,
90,100,40,manhattan,0.17878070617143674,0.7837959427193631,0.0,99995,year_VIRGO_tsne_shepard_results/pdf/tsne_shepard _p90_e100_pca40_manhattan.pdf,OK,
90,100,40,cosine,0.17878070617143674,0.7283469006718195,0.0,99995,year_VIRGO_tsne_shepard_results/pdf/tsne_shepard _p90_e100_pca40_cosine.pdf,OK,
90,100,40,euclidean,0.36395096328206755,0.49711533547361614,0.0,99995,year_VIRGO_tsne_shepard_results/pdf/tsne_shepard _p90_e100_pca40_euclidean.pdf,OK,
90,100,40,manhattan,0.36395096328206755,0.4066636499956814,0.0,99995,year_VIRGO_tsne_shepard_results/pdf/tsne_shepard _p90_e100_pca40_manhattan.pdf,OK,
90,100,40,cosine,0.36395096328206755,0.6948986271546138,0.0,99995,year_VIRGO_tsne_shepard_results/pdf/tsne_shepard _p90_e100_pca40_cosine.pdf,OK,
90,100,40,euclidean,0.4581330224820056,0.38781893353420827,0.0,99995,year_VIRGO_tsne_shepard_results/pdf/tsne_shepard _p90_e100_pca40_euclidean.pdf,OK,
90,100,40,manhattan,0.4581330224820056,0.37430340292781833,0.0,99995,year_VIRGO_tsne_shepard_results/pdf/tsne_shepard _p90_e100_pca40_manhattan.pdf,OK,
90,100,40,cosine,0.4581330224820056,0.6608835724498991,0.0,99995,year_VIRGO_tsne_shepard_results/pdf/tsne_shepard _p90_e100_pca40_cosine.pdf,OK,
90,100,40,euclidean,0.5566912206836107,0.3620202898200092,0.0,99995,year_VIRGO_tsne_shepard_results/pdf/tsne_shepard _p90_e100_pca40_euclidean.pdf,OK,
90,100,40,manhattan,0.5566912206836107,0.3049044511168786,0.0,99995,year_VIRGO_tsne_shepard_results/pdf/tsne_shepard _p90_e100_pca40_manhattan.pdf,OK,
90,100,40,cosine,0.5566912206836107,0.6461251866341634,0.0,99995,year_VIRGO_tsne_shepard_results/pdf/tsne_shepard _p90_e100_pca40_cosine.pdf,OK,
90,300,40,euclidean,0.17878070617143674,0.7944546928658566,0.0,99995,year_VIRGO_tsne_shepard_results/pdf/tsne_shepard _p90_e300_pca40_euclidean.pdf,OK,
90,300,40,manhattan,0.17878070617143674,0.7888599874831791,0.0,99995,year_VIRGO_tsne_shepard_results/pdf/tsne_shepard _p90_e300_pca40_manhattan.pdf,OK,
90,300,40,cosine,0.17878070617143674,0.735230810002128,0.0,99995,year_VIRGO_tsne_shepard_results/pdf/tsne_shepard _p90_e300_pca40_cosine.pdf,OK,
90,300,40,euclidean,0.36395096328206755,0.51120028437167,0.0,99995,year_VIRGO_tsne_shepard_results/pdf/tsne_shepard _p90_e300_pca40_euclidean.pdf,OK,
90,300,40,manhattan,0.36395096328206755,0.49504551273904523,0.0,99995,year_VIRGO_tsne_shepard_results/pdf/tsne_shepard _p90_e300_pca40_manhattan.pdf,OK,
90,300,40,cosine,0.36395096328206755,0.6577734960424627,0.0,99995,year_VIRGO_tsne_shepard_results/pdf/tsne_shepard _p90_e300_pca40_cosine.pdf,OK,
90,300,40,euclidean,0.4581330224820056,0.39146762662193335,0.0,99995,year_VIRGO_tsne_shepard_results/pdf/tsne_shepard _p90_e300_pca40_euclidean.pdf,OK,
90,300,40,manhattan,0.4581330224820056,0.3787016132926159,0.0,99995,year_VIRGO_tsne_shepard_results/pdf/tsne_shepard _p90_e300_pca40_manhattan.pdf,OK,
90,300,40,cosine,0.4581330224820056,0.5612638022468168,0.0,99995,year_VIRGO_tsne_shepard_results/pdf/tsne_shepard _p90_e300_pca40_cosine.pdf,OK,
90,300,40,euclidean,0.5566912206836107,0.3015615367578698,0.0,99995,year_VIRGO_tsne_shepard_results/pdf/tsne_shepard _p90_e300_pca40_euclidean.pdf,OK,
90,300,40,manhattan,0.5566912206836107,0.2384061665041803,0.0,99995,year_VIRGO_tsne_shepard_results/pdf/tsne_shepard _p90_e300_pca40_manhattan.pdf,OK,
90,300,40,cosine,0.5566912206836107,0.5409782720469255,0.0,99995,year_VIRGO_tsne_shepard_results/pdf/tsne_shepard _p90_e300_pca40_cosine.pdf,OK,
90,1000,40,euclidean,0.17878070617143674,0.28159701081218924,0.0,99995,year_VIRGO_tsne_shepard_results/pdf/tsne_shepard _p90_e1000_pca40_euclidean.pdf,OK,
90,1000,40,manhattan,0.17878070617143674,0.2697122597317979,0.0,99995,year_VIRGO_tsne_shepard_results/pdf/tsne_shepard _p90_e1000_pca40_manhattan.pdf,OK,
90,1000,40,cosine,0.17878070617143674,0.2648578882930084,0.0,99995,year_VIRGO_tsne_shepard_results/pdf/tsne_shepard _p90_e1000_pca40_cosine.pdf,OK,
90,1000,40,euclidean,0.36395096328206755,0.3166801705475327,0.0,99995,year_VIRGO_tsne_shepard_results/pdf/tsne_shepard _p90_e1000_pca40_euclidean.pdf,OK,
90,1000,40,manhattan,0.36395096328206755,0.3864790843188857,0.0,99995,year_VIRGO_tsne_shepard_results/pdf/tsne_shepard _p90_e1000_pca40_manhattan.pdf,OK,
90,1000,40,cosine,0.36395096328206755,0.4189810495392339,0.0,99995,year_VIRGO_tsne_shepard_results/pdf/tsne_shepard _p90_e1000_pca40_cosine.pdf,OK,
90,1000,40,euclidean,0.4581330224820056,0.3980920829056985,0.0,99995,year_VIRGO_tsne_shepard_results/pdf/tsne_shepard _p90_e1000_pca40_euclidean.pdf,OK,
90,1000,40,manhattan,0.4581330224820056,0.36364629303429025,0.0,99995,year_VIRGO_tsne_shepard_results/pdf/tsne_shepard _p90_e1000_pca40_manhattan.pdf,OK,
90,1000,40,cosine,0.4581330224820056,0.33166023032885283,0.0,99995,year_VIRGO_tsne_shepard_results/pdf/tsne_shepard _p90_e1000_pca40_cosine.pdf,OK,
90,1000,40,euclidean,0.5566912206836107,0.30280396488983535,0.0,99995,year_VIRGO_tsne_shepard_results/pdf/tsne_shepard _p90_e1000_pca40_euclidean.pdf,OK,
90,1000,40,manhattan,0.5566912206836107,0.17675823982961944,0.0,99995,year_VIRGO_tsne_shepard_results/pdf/tsne_shepard _p90_e1000_pca40_manhattan.pdf,OK,
90,1000,40,cosine,0.5566912206836107,0.4647756487160539,0.0,99995,year_VIRGO_tsne_shepard_results/pdf/tsne_shepard _p90_e1000_pca40_cosine.pdf,OK,
100,10,40,euclidean,0.17878070617143674,0.7922687681808998,0.0,99995,year_VIRGO_tsne_shepard_results/pdf/tsne_shepard _p100_e10_pca40_euclidean.pdf,OK,
100,10,40,manhattan,0.17878070617143674,0.7845745581540609,0.0,99995,year_VIRGO_tsne_shepard_results/pdf/tsne_shepard _p100_e10_pca40_manhattan.pdf,OK,
100,10,40,cosine,0.17878070617143674,0.7696961383905684,0.0,99995,year_VIRGO_tsne_shepard_results/pdf/tsne_shepard _p100_e10_pca40_cosine.pdf,OK,
100,10,40,euclidean,0.36395096328206755,0.3947468849219411,0.0,99995,year_VIRGO_tsne_shepard_results/pdf/tsne_shepard _p100_e10_pca40_euclidean.pdf,OK,
100,10,40,manhattan,0.36395096328206755,0.35292360994967886,0.0,99995,year_VIRGO_tsne_shepard_results/pdf/tsne_shepard _p100_e10_pca40_manhattan.pdf,OK,
100,10,40,cosine,0.36395096328206755,0.6823953469296921,0.0,99995,year_VIRGO_tsne_shepard_results/pdf/tsne_shepard _p100_e10_pca40_cosine.pdf,OK,
100,10,40,euclidean,0.4581330224820056,0.32814920615976445,0.0,99995,year_VIRGO_tsne_shepard_results/pdf/tsne_shepard _p100_e10_pca40_euclidean.pdf,OK,
100,10,40,manhattan,0.4581330224820056,0.2673411930984987,0.0,99995,year_VIRGO_tsne_shepard_results/pdf/tsne_shepard _p100_e10_pca40_manhattan.pdf,OK,
100,10,40,cosine,0.4581330224820056,0.644087507281617,0.0,99995,year_VIRGO_tsne_shepard_results/pdf/tsne_shepard _p100_e10_pca40_cosine.pdf,OK,
100,10,40,euclidean,0.5566912206836107,0.29713911757750383,0.0,99995,year_VIRGO_tsne_shepard_results/pdf/tsne_shepard _p100_e10_pca40_euclidean.pdf,OK,
100,10,40,manhattan,0.5566912206836107,0.22292101314440227,0.0,99995,year_VIRGO_tsne_shepard_results/pdf/tsne_shepard _p100_e10_pca40_manhattan.pdf,OK,
100,10,40,cosine,0.5566912206836107,0.6298826731770434,0.0,99995,year_VIRGO_tsne_shepard_results/pdf/tsne_shepard _p100_e10_pca40_cosine.pdf,OK,
100,12,40,euclidean,0.17878070617143674,0.7896509204509361,0.0,99995,year_VIRGO_tsne_shepard_results/pdf/tsne_shepard _p100_e12_pca40_euclidean.pdf,OK,
100,12,40,manhattan,0.17878070617143674,0.7811537035025767,0.0,99995,year_VIRGO_tsne_shepard_results/pdf/tsne_shepard _p100_e12_pca40_manhattan.pdf,OK,
100,12,40,cosine,0.17878070617143674,0.7454923879897177,0.0,99995,year_VIRGO_tsne_shepard_results/pdf/tsne_shepard _p100_e12_pca40_cosine.pdf,OK,
100,12,40,euclidean,0.36395096328206755,0.3990665930494831,0.0,99995,year_VIRGO_tsne_shepard_results/pdf/tsne_shepard _p100_e12_pca40_euclidean.pdf,OK,
100,12,40,manhattan,0.36395096328206755,0.35376739801780444,0.0,99995,year_VIRGO_tsne_shepard_results/pdf/tsne_shepard _p100_e12_pca40_manhattan.pdf,OK,
100,12,40,cosine,0.36395096328206755,0.6827289079878682,0.0,99995,year_VIRGO_tsne_shepard_results/pdf/tsne_shepard _p100_e12_pca40_cosine.pdf,OK,
100,12,40,euclidean,0.4581330224820056,0.33904476366528175,0.0,99995,year_VIRGO_tsne_shepard_results/pdf/tsne_shepard _p100_e12_pca40_euclidean.pdf,OK,
100,12,40,manhattan,0.4581330224820056,0.2666278710184192,0.0,99995,year_VIRGO_tsne_shepard_results/pdf/tsne_shepard _p100_e12_pca40_manhattan.pdf,OK,
100,12,40,cosine,0.4581330224820056,0.6490859973244726,0.0,99995,year_VIRGO_tsne_shepard_results/pdf/tsne_shepard _p100_e12_pca40_cosine.pdf,OK,
100,12,40,euclidean,0.5566912206836107,0.2957717721483337,0.0,99995,year_VIRGO_tsne_shepard_results/pdf/tsne_shepard _p100_e12_pca40_euclidean.pdf,OK,
100,12,40,manhattan,0.5566912206836107,0.22241825349761243,0.0,99995,year_VIRGO_tsne_shepard_results/pdf/tsne_shepard _p100_e12_pca40_manhattan.pdf,OK,
100,12,40,cosine,0.5566912206836107,0.6346899217619735,0.0,99995,year_VIRGO_tsne_shepard_results/pdf/tsne_shepard _p100_e12_pca40_cosine.pdf,OK,
100,14,40,euclidean,0.17878070617143674,0.7867384087812107,0.0,99995,year_VIRGO_tsne_shepard_results/pdf/tsne_shepard _p100_e14_pca40_euclidean.pdf,OK,
100,14,40,manhattan,0.17878070617143674,0.7811433698559166,0.0,99995,year_VIRGO_tsne_shepard_results/pdf/tsne_shepard _p100_e14_pca40_manhattan.pdf,OK,
100,14,40,cosine,0.17878070617143674,0.7573864876688927,0.0,99995,year_VIRGO_tsne_shepard_results/pdf/tsne_shepard _p100_e14_pca40_cosine.pdf,OK,
100,14,40,euclidean,0.36395096328206755,0.40077750766145764,0.0,99995,year_VIRGO_tsne_shepard_results/pdf/tsne_shepard _p100_e14_pca40_euclidean.pdf,OK,
100,14,40,manhattan,0.36395096328206755,0.3534589356581602,0.0,99995,year_VIRGO_tsne_shepard_results/pdf/tsne_shepard _p100_e14_pca40_manhattan.pdf,OK,
100,14,40,cosine,0.36395096328206755,0.6838806303156982,0.0,99995,year_VIRGO_tsne_shepard_results/pdf/tsne_shepard _p100_e14_pca40_cosine.pdf,OK,
100,14,40,euclidean,0.4581330224820056,0.33919232574059394,0.0,99995,year_VIRGO_tsne_shepard_results/pdf/tsne_shepard _p100_e14_pca40_euclidean.pdf,OK,
100,14,40,manhattan,0.4581330224820056,0.2677187225947305,0.0,99995,year_VIRGO_tsne_shepard_results/pdf/tsne_shepard _p100_e14_pca40_manhattan.pdf,OK,
100,14,40,cosine,0.4581330224820056,0.6501127073045837,0.0,99995,year_VIRGO_tsne_shepard_results/pdf/tsne_shepard _p100_e14_pca40_cosine.pdf,OK,
100,14,40,euclidean,0.5566912206836107,0.29769690405827076,0.0,99995,year_VIRGO_tsne_shepard_results/pdf/tsne_shepard _p100_e14_pca40_euclidean.pdf,OK,
100,14,40,manhattan,0.5566912206836107,0.22221287904429662,0.0,99995,year_VIRGO_tsne_shepard_results/pdf/tsne_shepard _p100_e14_pca40_manhattan.pdf,OK,
100,14,40,cosine,0.5566912206836107,0.6355219642116717,0.0,99995,year_VIRGO_tsne_shepard_results/pdf/tsne_shepard _p100_e14_pca40_cosine.pdf,OK,
100,20,40,euclidean,0.17878070617143674,0.7865419387673093,0.0,99995,year_VIRGO_tsne_shepard_results/pdf/tsne_shepard _p100_e20_pca40_euclidean.pdf,OK,
100,20,40,manhattan,0.17878070617143674,0.7811605770109863,0.0,99995,year_VIRGO_tsne_shepard_results/pdf/tsne_shepard _p100_e20_pca40_manhattan.pdf,OK,
100,20,40,cosine,0.17878070617143674,0.7492668821008975,0.0,99995,year_VIRGO_tsne_shepard_results/pdf/tsne_shepard _p100_e20_pca40_cosine.pdf,OK,
100,20,40,euclidean,0.36395096328206755,0.4040815571841761,0.0,99995,year_VIRGO_tsne_shepard_results/pdf/tsne_shepard _p100_e20_pca40_euclidean.pdf,OK,
100,20,40,manhattan,0.36395096328206755,0.3581986632078667,0.0,99995,year_VIRGO_tsne_shepard_results/pdf/tsne_shepard _p100_e20_pca40_manhattan.pdf,OK,
100,20,40,cosine,0.36395096328206755,0.6861561285184808,0.0,99995,year_VIRGO_tsne_shepard_results/pdf/tsne_shepard _p100_e20_pca40_cosine.pdf,OK,
100,20,40,euclidean,0.4581330224820056,0.3401521739878742,0.0,99995,year_VIRGO_tsne_shepard_results/pdf/tsne_shepard _p100_e20_pca40_euclidean.pdf,OK,
100,20,40,manhattan,0.4581330224820056,0.26428036612472794,0.0,99995,year_VIRGO_tsne_shepard_results/pdf/tsne_shepard _p100_e20_pca40_manhattan.pdf,OK,
100,20,40,cosine,0.4581330224820056,0.6533404651391999,0.0,99995,year_VIRGO_tsne_shepard_results/pdf/tsne_shepard _p100_e20_pca40_cosine.pdf,OK,
100,20,40,euclidean,0.5566912206836107,0.3090321095827775,0.0,99995,year_VIRGO_tsne_shepard_results/pdf/tsne_shepard _p100_e20_pca40_euclidean.pdf,OK,
100,20,40,manhattan,0.5566912206836107,0.26067398210521975,0.0,99995,year_VIRGO_tsne_shepard_results/pdf/tsne_shepard _p100_e20_pca40_manhattan.pdf,OK,
100,20,40,cosine,0.5566912206836107,0.6353969747395638,0.0,99995,year_VIRGO_tsne_shepard_results/pdf/tsne_shepard _p100_e20_pca40_cosine.pdf,OK,
100,100,40,euclidean,0.17878070617143674,0.7920791467569208,0.0,99995,year_VIRGO_tsne_shepard_results/pdf/tsne_shepard _p100_e100_pca40_euclidean.pdf,OK,
100,100,40,manhattan,0.17878070617143674,0.7871483147245945,0.0,99995,year_VIRGO_tsne_shepard_results/pdf/tsne_shepard _p100_e100_pca40_manhattan.pdf,OK,
100,100,40,cosine,0.17878070617143674,0.7390612748600578,0.0,99995,year_VIRGO_tsne_shepard_results/pdf/tsne_shepard _p100_e100_pca40_cosine.pdf,OK,
100,100,40,euclidean,0.36395096328206755,0.49511021958394263,0.0,99995,year_VIRGO_tsne_shepard_results/pdf/tsne_shepard _p100_e100_pca40_euclidean.pdf,OK,
100,100,40,manhattan,0.36395096328206755,0.4198644800462714,0.0,99995,year_VIRGO_tsne_shepard_results/pdf/tsne_shepard _p100_e100_pca40_manhattan.pdf,OK,
100,100,40,cosine,0.36395096328206755,0.6921790656314509,0.0,99995,year_VIRGO_tsne_shepard_results/pdf/tsne_shepard _p100_e100_pca40_cosine.pdf,OK,
100,100,40,euclidean,0.4581330224820056,0.38648647861211194,0.0,99995,year_VIRGO_tsne_shepard_results/pdf/tsne_shepard _p100_e100_pca40_euclidean.pdf,OK,
100,100,40,manhattan,0.4581330224820056,0.3511259149235314,0.0,99995,year_VIRGO_tsne_shepard_results/pdf/tsne_shepard _p100_e100_pca40_manhattan.pdf,OK,
100,100,40,cosine,0.4581330224820056,0.662434229538489,0.0,99995,year_VIRGO_tsne_shepard_results/pdf/tsne_shepard _p100_e100_pca40_cosine.pdf,OK,
100,100,40,euclidean,0.5566912206836107,0.3998069636307616,0.0,99995,year_VIRGO_tsne_shepard_results/pdf/tsne_shepard _p100_e100_pca40_euclidean.pdf,OK,
100,100,40,manhattan,0.5566912206836107,0.2781120071471162,0.0,99995,year_VIRGO_tsne_shepard_results/pdf/tsne_shepard _p100_e100_pca40_manhattan.pdf,OK,
100,100,40,cosine,0.5566912206836107,0.649544361593502,0.0,99995,year_VIRGO_tsne_shepard_results/pdf/tsne_shepard _p100_e100_pca40_cosine.pdf,OK,
100,300,40,euclidean,0.17878070617143674,0.7965890743342517,0.0,99995,year_VIRGO_tsne_shepard_results/pdf/tsne_shepard _p100_e300_pca40_euclidean.pdf,OK,
100,300,40,manhattan,0.17878070617143674,0.7913317832475639,0.0,99995,year_VIRGO_tsne_shepard_results/pdf/tsne_shepard _p100_e300_pca40_manhattan.pdf,OK,
100,300,40,cosine,0.17878070617143674,0.7611781443909604,0.0,99995,year_VIRGO_tsne_shepard_results/pdf/tsne_shepard _p100_e300_pca40_cosine.pdf,OK,
100,300,40,euclidean,0.36395096328206755,0.5214998791161372,0.0,99995,year_VIRGO_tsne_shepard_results/pdf/tsne_shepard _p100_e300_pca40_euclidean.pdf,OK,
100,300,40,manhattan,0.36395096328206755,0.4345868029293111,0.0,99995,year_VIRGO_tsne_shepard_results/pdf/tsne_shepard _p100_e300_pca40_manhattan.pdf,OK,
100,300,40,cosine,0.36395096328206755,0.6223658983851102,0.0,99995,year_VIRGO_tsne_shepard_results/pdf/tsne_shepard _p100_e300_pca40_cosine.pdf,OK,
100,300,40,euclidean,0.4581330224820056,0.31729097460275596,0.0,99995,year_VIRGO_tsne_shepard_results/pdf/tsne_shepard _p100_e300_pca40_euclidean.pdf,OK,
100,300,40,manhattan,0.4581330224820056,0.3451125507486676,0.0,99995,year_VIRGO_tsne_shepard_results/pdf/tsne_shepard _p100_e300_pca40_manhattan.pdf,OK,
100,300,40,cosine,0.4581330224820056,0.46678766072203476,0.0,99995,year_VIRGO_tsne_shepard_results/pdf/tsne_shepard _p100_e300_pca40_cosine.pdf,OK,
100,300,40,euclidean,0.5566912206836107,0.24230417945403,0.0,99995,year_VIRGO_tsne_shepard_results/pdf/tsne_shepard _p100_e300_pca40_euclidean.pdf,OK,
100,300,40,manhattan,0.5566912206836107,0.22334794134924152,0.0,99995,year_VIRGO_tsne_shepard_results/pdf/tsne_shepard _p100_e300_pca40_manhattan.pdf,OK,
100,300,40,cosine,0.5566912206836107,0.5582169276341234,0.0,99995,year_VIRGO_tsne_shepard_results/pdf/tsne_shepard _p100_e300_pca40_cosine.pdf,OK,
100,1000,40,euclidean,0.17878070617143674,-0.01437267310223981,5.490850027086098e-06,99995,year_VIRGO_tsne_shepard_results/pdf/tsne_shepard _p100_e1000_pca40_euclidean.pdf,OK,
100,1000,40,manhattan,0.17878070617143674,0.381854666900921,0.0,99995,year_VIRGO_tsne_shepard_results/pdf/tsne_shepard _p100_e1000_pca40_manhattan.pdf,OK,
100,1000,40,cosine,0.17878070617143674,0.2761427136400409,0.0,99995,year_VIRGO_tsne_shepard_results/pdf/tsne_shepard _p100_e1000_pca40_cosine.pdf,OK,
100,1000,40,euclidean,0.36395096328206755,0.33316221003867225,0.0,99995,year_VIRGO_tsne_shepard_results/pdf/tsne_shepard _p100_e1000_pca40_euclidean.pdf,OK,
100,1000,40,manhattan,0.36395096328206755,0.4154847532327583,0.0,99995,year_VIRGO_tsne_shepard_results/pdf/tsne_shepard _p100_e1000_pca40_manhattan.pdf,OK,
100,1000,40,cosine,0.36395096328206755,0.3002581903610984,0.0,99995,year_VIRGO_tsne_shepard_results/pdf/tsne_shepard _p100_e1000_pca40_cosine.pdf,OK,
100,1000,40,euclidean,0.4581330224820056,0.36409818548345296,0.0,99995,year_VIRGO_tsne_shepard_results/pdf/tsne_shepard _p100_e1000_pca40_euclidean.pdf,OK,
100,1000,40,manhattan,0.4581330224820056,0.28828334247096554,0.0,99995,year_VIRGO_tsne_shepard_results/pdf/tsne_shepard _p100_e1000_pca40_manhattan.pdf,OK,
100,1000,40,cosine,0.4581330224820056,0.3271946826917279,0.0,99995,year_VIRGO_tsne_shepard_results/pdf/tsne_shepard _p100_e1000_pca40_cosine.pdf,OK,
100,1000,40,euclidean,0.5566912206836107,0.35311719236702865,0.0,99995,year_VIRGO_tsne_shepard_results/pdf/tsne_shepard _p100_e1000_pca40_euclidean.pdf,OK,
100,1000,40,manhattan,0.5566912206836107,0.32358642369766377,0.0,99995,year_VIRGO_tsne_shepard_results/pdf/tsne_shepard _p100_e1000_pca40_manhattan.pdf,OK,
100,1000,40,cosine,0.5566912206836107,0.34163384836832317,0.0,99995,year_VIRGO_tsne_shepard_results/pdf/tsne_shepard _p100_e1000_pca40_cosine.pdf,OK,
