perplexity,early_exaggeration,pca_components,metric,explained_variance,spearman_rho,p_value,n_pairs,pdf,status,error
10,10,40,euclidean,0.17419488299086822,0.8183786908923207,0.0,99993,merged_H3_Vx_year_VIRGO_tsne_shepard_results/pdf/tsne_shepard _p10_e10_pca40_euclidean.pdf,OK,
10,10,40,manhattan,0.17419488299086822,0.8292575916965653,0.0,99993,merged_H3_Vx_year_VIRGO_tsne_shepard_results/pdf/tsne_shepard _p10_e10_pca40_manhattan.pdf,OK,
10,10,40,cosine,0.17419488299086822,0.703906672933547,0.0,99993,merged_H3_Vx_year_VIRGO_tsne_shepard_results/pdf/tsne_shepard _p10_e10_pca40_cosine.pdf,OK,
10,10,40,euclidean,0.34871142972845076,0.4918429329469523,0.0,99993,merged_H3_Vx_year_VIRGO_tsne_shepard_results/pdf/tsne_shepard _p10_e10_pca40_euclidean.pdf,OK,
10,10,40,manhattan,0.34871142972845076,0.4647860305806269,0.0,99993,merged_H3_Vx_year_VIRGO_tsne_shepard_results/pdf/tsne_shepard _p10_e10_pca40_manhattan.pdf,OK,
10,10,40,cosine,0.34871142972845076,0.6956004709281276,0.0,99993,merged_H3_Vx_year_VIRGO_tsne_shepard_results/pdf/tsne_shepard _p10_e10_pca40_cosine.pdf,OK,
10,10,40,euclidean,0.4390228838067593,0.3796813563622879,0.0,99993,merged_H3_Vx_year_VIRGO_tsne_shepard_results/pdf/tsne_shepard _p10_e10_pca40_euclidean.pdf,OK,
10,10,40,manhattan,0.4390228838067593,0.3142057837765479,0.0,99993,merged_H3_Vx_year_VIRGO_tsne_shepard_results/pdf/tsne_shepard _p10_e10_pca40_manhattan.pdf,OK,
10,10,40,cosine,0.4390228838067593,0.6619302385176185,0.0,99993,merged_H3_Vx_year_VIRGO_tsne_shepard_results/pdf/tsne_shepard _p10_e10_pca40_cosine.pdf,OK,
10,10,40,euclidean,0.5376689551555229,0.3093821686888608,0.0,99993,merged_H3_Vx_year_VIRGO_tsne_shepard_results/pdf/tsne_shepard _p10_e10_pca40_euclidean.pdf,OK,
10,10,40,manhattan,0.5376689551555229,0.21501707080235166,0.0,99993,merged_H3_Vx_year_VIRGO_tsne_shepard_results/pdf/tsne_shepard _p10_e10_pca40_manhattan.pdf,OK,
10,10,40,cosine,0.5376689551555229,0.6428172126306627,0.0,99993,merged_H3_Vx_year_VIRGO_tsne_shepard_results/pdf/tsne_shepard _p10_e10_pca40_cosine.pdf,OK,
10,12,40,euclidean,0.17419488299086822,0.8192221901091542,0.0,99993,merged_H3_Vx_year_VIRGO_tsne_shepard_results/pdf/tsne_shepard _p10_e12_pca40_euclidean.pdf,OK,
10,12,40,manhattan,0.17419488299086822,0.8267749182466427,0.0,99993,merged_H3_Vx_year_VIRGO_tsne_shepard_results/pdf/tsne_shepard _p10_e12_pca40_manhattan.pdf,OK,
10,12,40,cosine,0.17419488299086822,0.7037836602381584,0.0,99993,merged_H3_Vx_year_VIRGO_tsne_shepard_results/pdf/tsne_shepard _p10_e12_pca40_cosine.pdf,OK,
10,12,40,euclidean,0.34871142972845076,0.4742205269435053,0.0,99993,merged_H3_Vx_year_VIRGO_tsne_shepard_results/pdf/tsne_shepard _p10_e12_pca40_euclidean.pdf,OK,
10,12,40,manhattan,0.34871142972845076,0.45766493975137534,0.0,99993,merged_H3_Vx_year_VIRGO_tsne_shepard_results/pdf/tsne_shepard _p10_e12_pca40_manhattan.pdf,OK,
10,12,40,cosine,0.34871142972845076,0.6984660949732079,0.0,99993,merged_H3_Vx_year_VIRGO_tsne_shepard_results/pdf/tsne_shepard _p10_e12_pca40_cosine.pdf,OK,
10,12,40,euclidean,0.4390228838067593,0.3807962954264277,0.0,99993,merged_H3_Vx_year_VIRGO_tsne_shepard_results/pdf/tsne_shepard _p10_e12_pca40_euclidean.pdf,OK,
10,12,40,manhattan,0.4390228838067593,0.31636944563688507,0.0,99993,merged_H3_Vx_year_VIRGO_tsne_shepard_results/pdf/tsne_shepard _p10_e12_pca40_manhattan.pdf,OK,
10,12,40,cosine,0.4390228838067593,0.6596228656664623,0.0,99993,merged_H3_Vx_year_VIRGO_tsne_shepard_results/pdf/tsne_shepard _p10_e12_pca40_cosine.pdf,OK,
10,12,40,euclidean,0.5376689551555229,0.31724871208361405,0.0,99993,merged_H3_Vx_year_VIRGO_tsne_shepard_results/pdf/tsne_shepard _p10_e12_pca40_euclidean.pdf,OK,
10,12,40,manhattan,0.5376689551555229,0.22260974872398626,0.0,99993,merged_H3_Vx_year_VIRGO_tsne_shepard_results/pdf/tsne_shepard _p10_e12_pca40_manhattan.pdf,OK,
10,12,40,cosine,0.5376689551555229,0.6431697171491594,0.0,99993,merged_H3_Vx_year_VIRGO_tsne_shepard_results/pdf/tsne_shepard _p10_e12_pca40_cosine.pdf,OK,
10,14,40,euclidean,0.17419488299086822,0.8183055364605009,0.0,99993,merged_H3_Vx_year_VIRGO_tsne_shepard_results/pdf/tsne_shepard _p10_e14_pca40_euclidean.pdf,OK,
10,14,40,manhattan,0.17419488299086822,0.8262707032482166,0.0,99993,merged_H3_Vx_year_VIRGO_tsne_shepard_results/pdf/tsne_shepard _p10_e14_pca40_manhattan.pdf,OK,
10,14,40,cosine,0.17419488299086822,0.702910546100484,0.0,99993,merged_H3_Vx_year_VIRGO_tsne_shepard_results/pdf/tsne_shepard _p10_e14_pca40_cosine.pdf,OK,
10,14,40,euclidean,0.34871142972845076,0.4745075974526389,0.0,99993,merged_H3_Vx_year_VIRGO_tsne_shepard_results/pdf/tsne_shepard _p10_e14_pca40_euclidean.pdf,OK,
10,14,40,manhattan,0.34871142972845076,0.4554496614932148,0.0,99993,merged_H3_Vx_year_VIRGO_tsne_shepard_results/pdf/tsne_shepard _p10_e14_pca40_manhattan.pdf,OK,
10,14,40,cosine,0.34871142972845076,0.7007695678872794,0.0,99993,merged_H3_Vx_year_VIRGO_tsne_shepard_results/pdf/tsne_shepard _p10_e14_pca40_cosine.pdf,OK,
10,14,40,euclidean,0.4390228838067593,0.3758905775153538,0.0,99993,merged_H3_Vx_year_VIRGO_tsne_shepard_results/pdf/tsne_shepard _p10_e14_pca40_euclidean.pdf,OK,
10,14,40,manhattan,0.4390228838067593,0.3180370392803022,0.0,99993,merged_H3_Vx_year_VIRGO_tsne_shepard_results/pdf/tsne_shepard _p10_e14_pca40_manhattan.pdf,OK,
10,14,40,cosine,0.4390228838067593,0.6603244550787006,0.0,99993,merged_H3_Vx_year_VIRGO_tsne_shepard_results/pdf/tsne_shepard _p10_e14_pca40_cosine.pdf,OK,
10,14,40,euclidean,0.5376689551555229,0.31823349404183815,0.0,99993,merged_H3_Vx_year_VIRGO_tsne_shepard_results/pdf/tsne_shepard _p10_e14_pca40_euclidean.pdf,OK,
10,14,40,manhattan,0.5376689551555229,0.23732794178355845,0.0,99993,merged_H3_Vx_year_VIRGO_tsne_shepard_results/pdf/tsne_shepard _p10_e14_pca40_manhattan.pdf,OK,
10,14,40,cosine,0.5376689551555229,0.6458074254228031,0.0,99993,merged_H3_Vx_year_VIRGO_tsne_shepard_results/pdf/tsne_shepard _p10_e14_pca40_cosine.pdf,OK,
10,20,40,euclidean,0.17419488299086822,0.8184629680319588,0.0,99993,merged_H3_Vx_year_VIRGO_tsne_shepard_results/pdf/tsne_shepard _p10_e20_pca40_euclidean.pdf,OK,
10,20,40,manhattan,0.17419488299086822,0.8249588933200752,0.0,99993,merged_H3_Vx_year_VIRGO_tsne_shepard_results/pdf/tsne_shepard _p10_e20_pca40_manhattan.pdf,OK,
10,20,40,cosine,0.17419488299086822,0.7038579690568442,0.0,99993,merged_H3_Vx_year_VIRGO_tsne_shepard_results/pdf/tsne_shepard _p10_e20_pca40_cosine.pdf,OK,
10,20,40,euclidean,0.34871142972845076,0.4800338059562218,0.0,99993,merged_H3_Vx_year_VIRGO_tsne_shepard_results/pdf/tsne_shepard _p10_e20_pca40_euclidean.pdf,OK,
10,20,40,manhattan,0.34871142972845076,0.4544966118736644,0.0,99993,merged_H3_Vx_year_VIRGO_tsne_shepard_results/pdf/tsne_shepard _p10_e20_pca40_manhattan.pdf,OK,
10,20,40,cosine,0.34871142972845076,0.7025023021227287,0.0,99993,merged_H3_Vx_year_VIRGO_tsne_shepard_results/pdf/tsne_shepard _p10_e20_pca40_cosine.pdf,OK,
10,20,40,euclidean,0.4390228838067593,0.3851791682224015,0.0,99993,merged_H3_Vx_year_VIRGO_tsne_shepard_results/pdf/tsne_shepard _p10_e20_pca40_euclidean.pdf,OK,
10,20,40,manhattan,0.4390228838067593,0.3277455694573546,0.0,99993,merged_H3_Vx_year_VIRGO_tsne_shepard_results/pdf/tsne_shepard _p10_e20_pca40_manhattan.pdf,OK,
10,20,40,cosine,0.4390228838067593,0.6614408076419734,0.0,99993,merged_H3_Vx_year_VIRGO_tsne_shepard_results/pdf/tsne_shepard _p10_e20_pca40_cosine.pdf,OK,
10,20,40,euclidean,0.5376689551555229,0.3291891385538411,0.0,99993,merged_H3_Vx_year_VIRGO_tsne_shepard_results/pdf/tsne_shepard _p10_e20_pca40_euclidean.pdf,OK,
10,20,40,manhattan,0.5376689551555229,0.24509738388439667,0.0,99993,merged_H3_Vx_year_VIRGO_tsne_shepard_results/pdf/tsne_shepard _p10_e20_pca40_manhattan.pdf,OK,
10,20,40,cosine,0.5376689551555229,0.6444358593307804,0.0,99993,merged_H3_Vx_year_VIRGO_tsne_shepard_results/pdf/tsne_shepard _p10_e20_pca40_cosine.pdf,OK,
10,100,40,euclidean,0.17419488299086822,0.8134005806985415,0.0,99993,merged_H3_Vx_year_VIRGO_tsne_shepard_results/pdf/tsne_shepard _p10_e100_pca40_euclidean.pdf,OK,
10,100,40,manhattan,0.17419488299086822,0.8159454590217821,0.0,99993,merged_H3_Vx_year_VIRGO_tsne_shepard_results/pdf/tsne_shepard _p10_e100_pca40_manhattan.pdf,OK,
10,100,40,cosine,0.17419488299086822,0.7076954131528075,0.0,99993,merged_H3_Vx_year_VIRGO_tsne_shepard_results/pdf/tsne_shepard _p10_e100_pca40_cosine.pdf,OK,
10,100,40,euclidean,0.34871142972845076,0.5973774287016068,0.0,99993,merged_H3_Vx_year_VIRGO_tsne_shepard_results/pdf/tsne_shepard _p10_e100_pca40_euclidean.pdf,OK,
10,100,40,manhattan,0.34871142972845076,0.48799786558338126,0.0,99993,merged_H3_Vx_year_VIRGO_tsne_shepard_results/pdf/tsne_shepard _p10_e100_pca40_manhattan.pdf,OK,
10,100,40,cosine,0.34871142972845076,0.7122661794484277,0.0,99993,merged_H3_Vx_year_VIRGO_tsne_shepard_results/pdf/tsne_shepard _p10_e100_pca40_cosine.pdf,OK,
10,100,40,euclidean,0.4390228838067593,0.4885776320825017,0.0,99993,merged_H3_Vx_year_VIRGO_tsne_shepard_results/pdf/tsne_shepard _p10_e100_pca40_euclidean.pdf,OK,
10,100,40,manhattan,0.4390228838067593,0.42851745096613547,0.0,99993,merged_H3_Vx_year_VIRGO_tsne_shepard_results/pdf/tsne_shepard _p10_e100_pca40_manhattan.pdf,OK,
10,100,40,cosine,0.4390228838067593,0.6743331790942805,0.0,99993,merged_H3_Vx_year_VIRGO_tsne_shepard_results/pdf/tsne_shepard _p10_e100_pca40_cosine.pdf,OK,
10,100,40,euclidean,0.5376689551555229,0.47321690853282294,0.0,99993,merged_H3_Vx_year_VIRGO_tsne_shepard_results/pdf/tsne_shepard _p10_e100_pca40_euclidean.pdf,OK,
10,100,40,manhattan,0.5376689551555229,0.40821218174238993,0.0,99993,merged_H3_Vx_year_VIRGO_tsne_shepard_results/pdf/tsne_shepard _p10_e100_pca40_manhattan.pdf,OK,
10,100,40,cosine,0.5376689551555229,0.6446694809092521,0.0,99993,merged_H3_Vx_year_VIRGO_tsne_shepard_results/pdf/tsne_shepard _p10_e100_pca40_cosine.pdf,OK,
10,300,40,euclidean,0.17419488299086822,0.8137706254677458,0.0,99993,merged_H3_Vx_year_VIRGO_tsne_shepard_results/pdf/tsne_shepard _p10_e300_pca40_euclidean.pdf,OK,
10,300,40,manhattan,0.17419488299086822,0.818781431793479,0.0,99993,merged_H3_Vx_year_VIRGO_tsne_shepard_results/pdf/tsne_shepard _p10_e300_pca40_manhattan.pdf,OK,
10,300,40,cosine,0.17419488299086822,0.7096381930634679,0.0,99993,merged_H3_Vx_year_VIRGO_tsne_shepard_results/pdf/tsne_shepard _p10_e300_pca40_cosine.pdf,OK,
10,300,40,euclidean,0.34871142972845076,0.3069291164166033,0.0,99993,merged_H3_Vx_year_VIRGO_tsne_shepard_results/pdf/tsne_shepard _p10_e300_pca40_euclidean.pdf,OK,
10,300,40,manhattan,0.34871142972845076,0.5323531692920629,0.0,99993,merged_H3_Vx_year_VIRGO_tsne_shepard_results/pdf/tsne_shepard _p10_e300_pca40_manhattan.pdf,OK,
10,300,40,cosine,0.34871142972845076,0.48747931465906236,0.0,99993,merged_H3_Vx_year_VIRGO_tsne_shepard_results/pdf/tsne_shepard _p10_e300_pca40_cosine.pdf,OK,
10,300,40,euclidean,0.4390228838067593,0.2911776509781878,0.0,99993,merged_H3_Vx_year_VIRGO_tsne_shepard_results/pdf/tsne_shepard _p10_e300_pca40_euclidean.pdf,OK,
10,300,40,manhattan,0.4390228838067593,0.22883369944167872,0.0,99993,merged_H3_Vx_year_VIRGO_tsne_shepard_results/pdf/tsne_shepard _p10_e300_pca40_manhattan.pdf,OK,
10,300,40,cosine,0.4390228838067593,0.4317197553763381,0.0,99993,merged_H3_Vx_year_VIRGO_tsne_shepard_results/pdf/tsne_shepard _p10_e300_pca40_cosine.pdf,OK,
10,300,40,euclidean,0.5376689551555229,0.2597836322136007,0.0,99993,merged_H3_Vx_year_VIRGO_tsne_shepard_results/pdf/tsne_shepard _p10_e300_pca40_euclidean.pdf,OK,
10,300,40,manhattan,0.5376689551555229,0.22924607916744935,0.0,99993,merged_H3_Vx_year_VIRGO_tsne_shepard_results/pdf/tsne_shepard _p10_e300_pca40_manhattan.pdf,OK,
10,300,40,cosine,0.5376689551555229,0.30715767355272683,0.0,99993,merged_H3_Vx_year_VIRGO_tsne_shepard_results/pdf/tsne_shepard _p10_e300_pca40_cosine.pdf,OK,
10,1000,40,euclidean,0.17419488299086822,0.05058510947334583,1.1621448280368015e-57,99993,merged_H3_Vx_year_VIRGO_tsne_shepard_results/pdf/tsne_shepard _p10_e1000_pca40_euclidean.pdf,OK,
10,1000,40,manhattan,0.17419488299086822,0.07885688400411024,1.1588127337041492e-137,99993,merged_H3_Vx_year_VIRGO_tsne_shepard_results/pdf/tsne_shepard _p10_e1000_pca40_manhattan.pdf,OK,
10,1000,40,cosine,0.17419488299086822,0.02809728892134561,6.307816378212075e-19,99993,merged_H3_Vx_year_VIRGO_tsne_shepard_results/pdf/tsne_shepard _p10_e1000_pca40_cosine.pdf,OK,
10,1000,40,euclidean,0.34871142972845076,0.28145494934334714,0.0,99993,merged_H3_Vx_year_VIRGO_tsne_shepard_results/pdf/tsne_shepard _p10_e1000_pca40_euclidean.pdf,OK,
10,1000,40,manhattan,0.34871142972845076,0.38611227449768754,0.0,99993,merged_H3_Vx_year_VIRGO_tsne_shepard_results/pdf/tsne_shepard _p10_e1000_pca40_manhattan.pdf,OK,
10,1000,40,cosine,0.34871142972845076,0.255257375400184,0.0,99993,merged_H3_Vx_year_VIRGO_tsne_shepard_results/pdf/tsne_shepard _p10_e1000_pca40_cosine.pdf,OK,
10,1000,40,euclidean,0.4390228838067593,0.32256279341953265,0.0,99993,merged_H3_Vx_year_VIRGO_tsne_shepard_results/pdf/tsne_shepard _p10_e1000_pca40_euclidean.pdf,OK,
10,1000,40,manhattan,0.4390228838067593,0.3724150987530532,0.0,99993,merged_H3_Vx_year_VIRGO_tsne_shepard_results/pdf/tsne_shepard _p10_e1000_pca40_manhattan.pdf,OK,
10,1000,40,cosine,0.4390228838067593,0.23406310555953025,0.0,99993,merged_H3_Vx_year_VIRGO_tsne_shepard_results/pdf/tsne_shepard _p10_e1000_pca40_cosine.pdf,OK,
10,1000,40,euclidean,0.5376689551555229,0.310329391397746,0.0,99993,merged_H3_Vx_year_VIRGO_tsne_shepard_results/pdf/tsne_shepard _p10_e1000_pca40_euclidean.pdf,OK,
10,1000,40,manhattan,0.5376689551555229,0.35592679078097034,0.0,99993,merged_H3_Vx_year_VIRGO_tsne_shepard_results/pdf/tsne_shepard _p10_e1000_pca40_manhattan.pdf,OK,
10,1000,40,cosine,0.5376689551555229,0.20608793337312786,0.0,99993,merged_H3_Vx_year_VIRGO_tsne_shepard_results/pdf/tsne_shepard _p10_e1000_pca40_cosine.pdf,OK,
20,10,40,euclidean,0.17419488299086822,0.8290219724060324,0.0,99993,merged_H3_Vx_year_VIRGO_tsne_shepard_results/pdf/tsne_shepard _p20_e10_pca40_euclidean.pdf,OK,
20,10,40,manhattan,0.17419488299086822,0.825392039666504,0.0,99993,merged_H3_Vx_year_VIRGO_tsne_shepard_results/pdf/tsne_shepard _p20_e10_pca40_manhattan.pdf,OK,
20,10,40,cosine,0.17419488299086822,0.7039777408590121,0.0,99993,merged_H3_Vx_year_VIRGO_tsne_shepard_results/pdf/tsne_shepard _p20_e10_pca40_cosine.pdf,OK,
20,10,40,euclidean,0.34871142972845076,0.47105377569326073,0.0,99993,merged_H3_Vx_year_VIRGO_tsne_shepard_results/pdf/tsne_shepard _p20_e10_pca40_euclidean.pdf,OK,
20,10,40,manhattan,0.34871142972845076,0.4462571591038285,0.0,99993,merged_H3_Vx_year_VIRGO_tsne_shepard_results/pdf/tsne_shepard _p20_e10_pca40_manhattan.pdf,OK,
20,10,40,cosine,0.34871142972845076,0.7097619256228359,0.0,99993,merged_H3_Vx_year_VIRGO_tsne_shepard_results/pdf/tsne_shepard _p20_e10_pca40_cosine.pdf,OK,
20,10,40,euclidean,0.4390228838067593,0.3717767677390799,0.0,99993,merged_H3_Vx_year_VIRGO_tsne_shepard_results/pdf/tsne_shepard _p20_e10_pca40_euclidean.pdf,OK,
20,10,40,manhattan,0.4390228838067593,0.3063758160119793,0.0,99993,merged_H3_Vx_year_VIRGO_tsne_shepard_results/pdf/tsne_shepard _p20_e10_pca40_manhattan.pdf,OK,
20,10,40,cosine,0.4390228838067593,0.6743652909897818,0.0,99993,merged_H3_Vx_year_VIRGO_tsne_shepard_results/pdf/tsne_shepard _p20_e10_pca40_cosine.pdf,OK,
20,10,40,euclidean,0.5376689551555229,0.32389986760692446,0.0,99993,merged_H3_Vx_year_VIRGO_tsne_shepard_results/pdf/tsne_shepard _p20_e10_pca40_euclidean.pdf,OK,
20,10,40,manhattan,0.5376689551555229,0.24860650739137358,0.0,99993,merged_H3_Vx_year_VIRGO_tsne_shepard_results/pdf/tsne_shepard _p20_e10_pca40_manhattan.pdf,OK,
20,10,40,cosine,0.5376689551555229,0.6573551325147707,0.0,99993,merged_H3_Vx_year_VIRGO_tsne_shepard_results/pdf/tsne_shepard _p20_e10_pca40_cosine.pdf,OK,
20,12,40,euclidean,0.17419488299086822,0.8251067821178594,0.0,99993,merged_H3_Vx_year_VIRGO_tsne_shepard_results/pdf/tsne_shepard _p20_e12_pca40_euclidean.pdf,OK,
20,12,40,manhattan,0.17419488299086822,0.8217133923971385,0.0,99993,merged_H3_Vx_year_VIRGO_tsne_shepard_results/pdf/tsne_shepard _p20_e12_pca40_manhattan.pdf,OK,
20,12,40,cosine,0.17419488299086822,0.7151936214283732,0.0,99993,merged_H3_Vx_year_VIRGO_tsne_shepard_results/pdf/tsne_shepard _p20_e12_pca40_cosine.pdf,OK,
20,12,40,euclidean,0.34871142972845076,0.4725287552833419,0.0,99993,merged_H3_Vx_year_VIRGO_tsne_shepard_results/pdf/tsne_shepard _p20_e12_pca40_euclidean.pdf,OK,
20,12,40,manhattan,0.34871142972845076,0.4478140680643366,0.0,99993,merged_H3_Vx_year_VIRGO_tsne_shepard_results/pdf/tsne_shepard _p20_e12_pca40_manhattan.pdf,OK,
20,12,40,cosine,0.34871142972845076,0.7093485863997365,0.0,99993,merged_H3_Vx_year_VIRGO_tsne_shepard_results/pdf/tsne_shepard _p20_e12_pca40_cosine.pdf,OK,
20,12,40,euclidean,0.4390228838067593,0.37534504679391006,0.0,99993,merged_H3_Vx_year_VIRGO_tsne_shepard_results/pdf/tsne_shepard _p20_e12_pca40_euclidean.pdf,OK,
20,12,40,manhattan,0.4390228838067593,0.3074184724297651,0.0,99993,merged_H3_Vx_year_VIRGO_tsne_shepard_results/pdf/tsne_shepard _p20_e12_pca40_manhattan.pdf,OK,
20,12,40,cosine,0.4390228838067593,0.6753695702387887,0.0,99993,merged_H3_Vx_year_VIRGO_tsne_shepard_results/pdf/tsne_shepard _p20_e12_pca40_cosine.pdf,OK,
20,12,40,euclidean,0.5376689551555229,0.33062873051701924,0.0,99993,merged_H3_Vx_year_VIRGO_tsne_shepard_results/pdf/tsne_shepard _p20_e12_pca40_euclidean.pdf,OK,
20,12,40,manhattan,0.5376689551555229,0.24841877826720607,0.0,99993,merged_H3_Vx_year_VIRGO_tsne_shepard_results/pdf/tsne_shepard _p20_e12_pca40_manhattan.pdf,OK,
20,12,40,cosine,0.5376689551555229,0.6610554916743394,0.0,99993,merged_H3_Vx_year_VIRGO_tsne_shepard_results/pdf/tsne_shepard _p20_e12_pca40_cosine.pdf,OK,
20,14,40,euclidean,0.17419488299086822,0.8239482134971247,0.0,99993,merged_H3_Vx_year_VIRGO_tsne_shepard_results/pdf/tsne_shepard _p20_e14_pca40_euclidean.pdf,OK,
20,14,40,manhattan,0.17419488299086822,0.8194296814438478,0.0,99993,merged_H3_Vx_year_VIRGO_tsne_shepard_results/pdf/tsne_shepard _p20_e14_pca40_manhattan.pdf,OK,
20,14,40,cosine,0.17419488299086822,0.7055409613598785,0.0,99993,merged_H3_Vx_year_VIRGO_tsne_shepard_results/pdf/tsne_shepard _p20_e14_pca40_cosine.pdf,OK,
20,14,40,euclidean,0.34871142972845076,0.4763132204870735,0.0,99993,merged_H3_Vx_year_VIRGO_tsne_shepard_results/pdf/tsne_shepard _p20_e14_pca40_euclidean.pdf,OK,
20,14,40,manhattan,0.34871142972845076,0.4502067137073467,0.0,99993,merged_H3_Vx_year_VIRGO_tsne_shepard_results/pdf/tsne_shepard _p20_e14_pca40_manhattan.pdf,OK,
20,14,40,cosine,0.34871142972845076,0.7104149817883724,0.0,99993,merged_H3_Vx_year_VIRGO_tsne_shepard_results/pdf/tsne_shepard _p20_e14_pca40_cosine.pdf,OK,
20,14,40,euclidean,0.4390228838067593,0.3790794246939544,0.0,99993,merged_H3_Vx_year_VIRGO_tsne_shepard_results/pdf/tsne_shepard _p20_e14_pca40_euclidean.pdf,OK,
20,14,40,manhattan,0.4390228838067593,0.3091410321236319,0.0,99993,merged_H3_Vx_year_VIRGO_tsne_shepard_results/pdf/tsne_shepard _p20_e14_pca40_manhattan.pdf,OK,
20,14,40,cosine,0.4390228838067593,0.6766096538109607,0.0,99993,merged_H3_Vx_year_VIRGO_tsne_shepard_results/pdf/tsne_shepard _p20_e14_pca40_cosine.pdf,OK,
20,14,40,euclidean,0.5376689551555229,0.33358710771118993,0.0,99993,merged_H3_Vx_year_VIRGO_tsne_shepard_results/pdf/tsne_shepard _p20_e14_pca40_euclidean.pdf,OK,
20,14,40,manhattan,0.5376689551555229,0.2530562231406482,0.0,99993,merged_H3_Vx_year_VIRGO_tsne_shepard_results/pdf/tsne_shepard _p20_e14_pca40_manhattan.pdf,OK,
20,14,40,cosine,0.5376689551555229,0.661458756443578,0.0,99993,merged_H3_Vx_year_VIRGO_tsne_shepard_results/pdf/tsne_shepard _p20_e14_pca40_cosine.pdf,OK,
20,20,40,euclidean,0.17419488299086822,0.8197532078840727,0.0,99993,merged_H3_Vx_year_VIRGO_tsne_shepard_results/pdf/tsne_shepard _p20_e20_pca40_euclidean.pdf,OK,
20,20,40,manhattan,0.17419488299086822,0.8126160118930403,0.0,99993,merged_H3_Vx_year_VIRGO_tsne_shepard_results/pdf/tsne_shepard _p20_e20_pca40_manhattan.pdf,OK,
20,20,40,cosine,0.17419488299086822,0.7102297987935701,0.0,99993,merged_H3_Vx_year_VIRGO_tsne_shepard_results/pdf/tsne_shepard _p20_e20_pca40_cosine.pdf,OK,
20,20,40,euclidean,0.34871142972845076,0.47884796469504276,0.0,99993,merged_H3_Vx_year_VIRGO_tsne_shepard_results/pdf/tsne_shepard _p20_e20_pca40_euclidean.pdf,OK,
20,20,40,manhattan,0.34871142972845076,0.4521328455109987,0.0,99993,merged_H3_Vx_year_VIRGO_tsne_shepard_results/pdf/tsne_shepard _p20_e20_pca40_manhattan.pdf,OK,
20,20,40,cosine,0.34871142972845076,0.7117370574064553,0.0,99993,merged_H3_Vx_year_VIRGO_tsne_shepard_results/pdf/tsne_shepard _p20_e20_pca40_cosine.pdf,OK,
20,20,40,euclidean,0.4390228838067593,0.3858237136895432,0.0,99993,merged_H3_Vx_year_VIRGO_tsne_shepard_results/pdf/tsne_shepard _p20_e20_pca40_euclidean.pdf,OK,
20,20,40,manhattan,0.4390228838067593,0.31282727398704935,0.0,99993,merged_H3_Vx_year_VIRGO_tsne_shepard_results/pdf/tsne_shepard _p20_e20_pca40_manhattan.pdf,OK,
20,20,40,cosine,0.4390228838067593,0.6758050798185828,0.0,99993,merged_H3_Vx_year_VIRGO_tsne_shepard_results/pdf/tsne_shepard _p20_e20_pca40_cosine.pdf,OK,
20,20,40,euclidean,0.5376689551555229,0.3372321602193198,0.0,99993,merged_H3_Vx_year_VIRGO_tsne_shepard_results/pdf/tsne_shepard _p20_e20_pca40_euclidean.pdf,OK,
20,20,40,manhattan,0.5376689551555229,0.25556358529098755,0.0,99993,merged_H3_Vx_year_VIRGO_tsne_shepard_results/pdf/tsne_shepard _p20_e20_pca40_manhattan.pdf,OK,
20,20,40,cosine,0.5376689551555229,0.6601391094164127,0.0,99993,merged_H3_Vx_year_VIRGO_tsne_shepard_results/pdf/tsne_shepard _p20_e20_pca40_cosine.pdf,OK,
20,100,40,euclidean,0.17419488299086822,0.8053754125108263,0.0,99993,merged_H3_Vx_year_VIRGO_tsne_shepard_results/pdf/tsne_shepard _p20_e100_pca40_euclidean.pdf,OK,
20,100,40,manhattan,0.17419488299086822,0.7939026284366129,0.0,99993,merged_H3_Vx_year_VIRGO_tsne_shepard_results/pdf/tsne_shepard _p20_e100_pca40_manhattan.pdf,OK,
20,100,40,cosine,0.17419488299086822,0.704261228901159,0.0,99993,merged_H3_Vx_year_VIRGO_tsne_shepard_results/pdf/tsne_shepard _p20_e100_pca40_cosine.pdf,OK,
20,100,40,euclidean,0.34871142972845076,0.608423162451098,0.0,99993,merged_H3_Vx_year_VIRGO_tsne_shepard_results/pdf/tsne_shepard _p20_e100_pca40_euclidean.pdf,OK,
20,100,40,manhattan,0.34871142972845076,0.5226433454129158,0.0,99993,merged_H3_Vx_year_VIRGO_tsne_shepard_results/pdf/tsne_shepard _p20_e100_pca40_manhattan.pdf,OK,
20,100,40,cosine,0.34871142972845076,0.7258124026890906,0.0,99993,merged_H3_Vx_year_VIRGO_tsne_shepard_results/pdf/tsne_shepard _p20_e100_pca40_cosine.pdf,OK,
20,100,40,euclidean,0.4390228838067593,0.48499501054467126,0.0,99993,merged_H3_Vx_year_VIRGO_tsne_shepard_results/pdf/tsne_shepard _p20_e100_pca40_euclidean.pdf,OK,
20,100,40,manhattan,0.4390228838067593,0.41473099160568705,0.0,99993,merged_H3_Vx_year_VIRGO_tsne_shepard_results/pdf/tsne_shepard _p20_e100_pca40_manhattan.pdf,OK,
20,100,40,cosine,0.4390228838067593,0.6977312995093313,0.0,99993,merged_H3_Vx_year_VIRGO_tsne_shepard_results/pdf/tsne_shepard _p20_e100_pca40_cosine.pdf,OK,
20,100,40,euclidean,0.5376689551555229,0.46387517798522987,0.0,99993,merged_H3_Vx_year_VIRGO_tsne_shepard_results/pdf/tsne_shepard _p20_e100_pca40_euclidean.pdf,OK,
20,100,40,manhattan,0.5376689551555229,0.32525117416600213,0.0,99993,merged_H3_Vx_year_VIRGO_tsne_shepard_results/pdf/tsne_shepard _p20_e100_pca40_manhattan.pdf,OK,
20,100,40,cosine,0.5376689551555229,0.6610060812095869,0.0,99993,merged_H3_Vx_year_VIRGO_tsne_shepard_results/pdf/tsne_shepard _p20_e100_pca40_cosine.pdf,OK,
20,300,40,euclidean,0.17419488299086822,0.8085319107253672,0.0,99993,merged_H3_Vx_year_VIRGO_tsne_shepard_results/pdf/tsne_shepard _p20_e300_pca40_euclidean.pdf,OK,
20,300,40,manhattan,0.17419488299086822,0.799966354086887,0.0,99993,merged_H3_Vx_year_VIRGO_tsne_shepard_results/pdf/tsne_shepard _p20_e300_pca40_manhattan.pdf,OK,
20,300,40,cosine,0.17419488299086822,0.7069400815555116,0.0,99993,merged_H3_Vx_year_VIRGO_tsne_shepard_results/pdf/tsne_shepard _p20_e300_pca40_cosine.pdf,OK,
20,300,40,euclidean,0.34871142972845076,0.5173900059640923,0.0,99993,merged_H3_Vx_year_VIRGO_tsne_shepard_results/pdf/tsne_shepard _p20_e300_pca40_euclidean.pdf,OK,
20,300,40,manhattan,0.34871142972845076,0.3809600074621364,0.0,99993,merged_H3_Vx_year_VIRGO_tsne_shepard_results/pdf/tsne_shepard _p20_e300_pca40_manhattan.pdf,OK,
20,300,40,cosine,0.34871142972845076,0.5291691477024665,0.0,99993,merged_H3_Vx_year_VIRGO_tsne_shepard_results/pdf/tsne_shepard _p20_e300_pca40_cosine.pdf,OK,
20,300,40,euclidean,0.4390228838067593,0.26261128402392664,0.0,99993,merged_H3_Vx_year_VIRGO_tsne_shepard_results/pdf/tsne_shepard _p20_e300_pca40_euclidean.pdf,OK,
20,300,40,manhattan,0.4390228838067593,0.2319477309132464,0.0,99993,merged_H3_Vx_year_VIRGO_tsne_shepard_results/pdf/tsne_shepard _p20_e300_pca40_manhattan.pdf,OK,
20,300,40,cosine,0.4390228838067593,0.2938957798283071,0.0,99993,merged_H3_Vx_year_VIRGO_tsne_shepard_results/pdf/tsne_shepard _p20_e300_pca40_cosine.pdf,OK,
20,300,40,euclidean,0.5376689551555229,0.18955003537137188,0.0,99993,merged_H3_Vx_year_VIRGO_tsne_shepard_results/pdf/tsne_shepard _p20_e300_pca40_euclidean.pdf,OK,
20,300,40,manhattan,0.5376689551555229,0.21894847422539515,0.0,99993,merged_H3_Vx_year_VIRGO_tsne_shepard_results/pdf/tsne_shepard _p20_e300_pca40_manhattan.pdf,OK,
20,300,40,cosine,0.5376689551555229,0.33603665514821257,0.0,99993,merged_H3_Vx_year_VIRGO_tsne_shepard_results/pdf/tsne_shepard _p20_e300_pca40_cosine.pdf,OK,
20,1000,40,euclidean,0.17419488299086822,0.2002999124663948,0.0,99993,merged_H3_Vx_year_VIRGO_tsne_shepard_results/pdf/tsne_shepard _p20_e1000_pca40_euclidean.pdf,OK,
20,1000,40,manhattan,0.17419488299086822,0.35878116869493415,0.0,99993,merged_H3_Vx_year_VIRGO_tsne_shepard_results/pdf/tsne_shepard _p20_e1000_pca40_manhattan.pdf,OK,
20,1000,40,cosine,0.17419488299086822,0.11081579811280796,1.1760903375914406e-270,99993,merged_H3_Vx_year_VIRGO_tsne_shepard_results/pdf/tsne_shepard _p20_e1000_pca40_cosine.pdf,OK,
20,1000,40,euclidean,0.34871142972845076,0.3624283228854756,0.0,99993,merged_H3_Vx_year_VIRGO_tsne_shepard_results/pdf/tsne_shepard _p20_e1000_pca40_euclidean.pdf,OK,
20,1000,40,manhattan,0.34871142972845076,0.43116211107000035,0.0,99993,merged_H3_Vx_year_VIRGO_tsne_shepard_results/pdf/tsne_shepard _p20_e1000_pca40_manhattan.pdf,OK,
20,1000,40,cosine,0.34871142972845076,0.39573430455558933,0.0,99993,merged_H3_Vx_year_VIRGO_tsne_shepard_results/pdf/tsne_shepard _p20_e1000_pca40_cosine.pdf,OK,
20,1000,40,euclidean,0.4390228838067593,0.33013799171558633,0.0,99993,merged_H3_Vx_year_VIRGO_tsne_shepard_results/pdf/tsne_shepard _p20_e1000_pca40_euclidean.pdf,OK,
20,1000,40,manhattan,0.4390228838067593,0.34838547261462194,0.0,99993,merged_H3_Vx_year_VIRGO_tsne_shepard_results/pdf/tsne_shepard _p20_e1000_pca40_manhattan.pdf,OK,
20,1000,40,cosine,0.4390228838067593,0.15195653235952045,0.0,99993,merged_H3_Vx_year_VIRGO_tsne_shepard_results/pdf/tsne_shepard _p20_e1000_pca40_cosine.pdf,OK,
20,1000,40,euclidean,0.5376689551555229,0.3272925026750642,0.0,99993,merged_H3_Vx_year_VIRGO_tsne_shepard_results/pdf/tsne_shepard _p20_e1000_pca40_euclidean.pdf,OK,
20,1000,40,manhattan,0.5376689551555229,0.215600407975692,0.0,99993,merged_H3_Vx_year_VIRGO_tsne_shepard_results/pdf/tsne_shepard _p20_e1000_pca40_manhattan.pdf,OK,
20,1000,40,cosine,0.5376689551555229,0.1621333351854654,0.0,99993,merged_H3_Vx_year_VIRGO_tsne_shepard_results/pdf/tsne_shepard _p20_e1000_pca40_cosine.pdf,OK,
30,10,40,euclidean,0.17419488299086822,0.820008122188359,0.0,99993,merged_H3_Vx_year_VIRGO_tsne_shepard_results/pdf/tsne_shepard _p30_e10_pca40_euclidean.pdf,OK,
30,10,40,manhattan,0.17419488299086822,0.8083830827451643,0.0,99993,merged_H3_Vx_year_VIRGO_tsne_shepard_results/pdf/tsne_shepard _p30_e10_pca40_manhattan.pdf,OK,
30,10,40,cosine,0.17419488299086822,0.7153948362380441,0.0,99993,merged_H3_Vx_year_VIRGO_tsne_shepard_results/pdf/tsne_shepard _p30_e10_pca40_cosine.pdf,OK,
30,10,40,euclidean,0.34871142972845076,0.4761325541195892,0.0,99993,merged_H3_Vx_year_VIRGO_tsne_shepard_results/pdf/tsne_shepard _p30_e10_pca40_euclidean.pdf,OK,
30,10,40,manhattan,0.34871142972845076,0.4434125741687324,0.0,99993,merged_H3_Vx_year_VIRGO_tsne_shepard_results/pdf/tsne_shepard _p30_e10_pca40_manhattan.pdf,OK,
30,10,40,cosine,0.34871142972845076,0.7128910049137762,0.0,99993,merged_H3_Vx_year_VIRGO_tsne_shepard_results/pdf/tsne_shepard _p30_e10_pca40_cosine.pdf,OK,
30,10,40,euclidean,0.4390228838067593,0.3733226523015804,0.0,99993,merged_H3_Vx_year_VIRGO_tsne_shepard_results/pdf/tsne_shepard _p30_e10_pca40_euclidean.pdf,OK,
30,10,40,manhattan,0.4390228838067593,0.30405914843689125,0.0,99993,merged_H3_Vx_year_VIRGO_tsne_shepard_results/pdf/tsne_shepard _p30_e10_pca40_manhattan.pdf,OK,
30,10,40,cosine,0.4390228838067593,0.6831257947442354,0.0,99993,merged_H3_Vx_year_VIRGO_tsne_shepard_results/pdf/tsne_shepard _p30_e10_pca40_cosine.pdf,OK,
30,10,40,euclidean,0.5376689551555229,0.33858788239054743,0.0,99993,merged_H3_Vx_year_VIRGO_tsne_shepard_results/pdf/tsne_shepard _p30_e10_pca40_euclidean.pdf,OK,
30,10,40,manhattan,0.5376689551555229,0.25985085371760264,0.0,99993,merged_H3_Vx_year_VIRGO_tsne_shepard_results/pdf/tsne_shepard _p30_e10_pca40_manhattan.pdf,OK,
30,10,40,cosine,0.5376689551555229,0.6649839967466781,0.0,99993,merged_H3_Vx_year_VIRGO_tsne_shepard_results/pdf/tsne_shepard _p30_e10_pca40_cosine.pdf,OK,
30,12,40,euclidean,0.17419488299086822,0.8172819053712302,0.0,99993,merged_H3_Vx_year_VIRGO_tsne_shepard_results/pdf/tsne_shepard _p30_e12_pca40_euclidean.pdf,OK,
30,12,40,manhattan,0.17419488299086822,0.7993429952587677,0.0,99993,merged_H3_Vx_year_VIRGO_tsne_shepard_results/pdf/tsne_shepard _p30_e12_pca40_manhattan.pdf,OK,
30,12,40,cosine,0.17419488299086822,0.7129110464218753,0.0,99993,merged_H3_Vx_year_VIRGO_tsne_shepard_results/pdf/tsne_shepard _p30_e12_pca40_cosine.pdf,OK,
30,12,40,euclidean,0.34871142972845076,0.47411990984389213,0.0,99993,merged_H3_Vx_year_VIRGO_tsne_shepard_results/pdf/tsne_shepard _p30_e12_pca40_euclidean.pdf,OK,
30,12,40,manhattan,0.34871142972845076,0.4407036668863588,0.0,99993,merged_H3_Vx_year_VIRGO_tsne_shepard_results/pdf/tsne_shepard _p30_e12_pca40_manhattan.pdf,OK,
30,12,40,cosine,0.34871142972845076,0.7129189819415759,0.0,99993,merged_H3_Vx_year_VIRGO_tsne_shepard_results/pdf/tsne_shepard _p30_e12_pca40_cosine.pdf,OK,
30,12,40,euclidean,0.4390228838067593,0.38021630549719193,0.0,99993,merged_H3_Vx_year_VIRGO_tsne_shepard_results/pdf/tsne_shepard _p30_e12_pca40_euclidean.pdf,OK,
30,12,40,manhattan,0.4390228838067593,0.30878654105551334,0.0,99993,merged_H3_Vx_year_VIRGO_tsne_shepard_results/pdf/tsne_shepard _p30_e12_pca40_manhattan.pdf,OK,
30,12,40,cosine,0.4390228838067593,0.6838550284429664,0.0,99993,merged_H3_Vx_year_VIRGO_tsne_shepard_results/pdf/tsne_shepard _p30_e12_pca40_cosine.pdf,OK,
30,12,40,euclidean,0.5376689551555229,0.3419532383238304,0.0,99993,merged_H3_Vx_year_VIRGO_tsne_shepard_results/pdf/tsne_shepard _p30_e12_pca40_euclidean.pdf,OK,
30,12,40,manhattan,0.5376689551555229,0.26069839351343355,0.0,99993,merged_H3_Vx_year_VIRGO_tsne_shepard_results/pdf/tsne_shepard _p30_e12_pca40_manhattan.pdf,OK,
30,12,40,cosine,0.5376689551555229,0.6666905427058023,0.0,99993,merged_H3_Vx_year_VIRGO_tsne_shepard_results/pdf/tsne_shepard _p30_e12_pca40_cosine.pdf,OK,
30,14,40,euclidean,0.17419488299086822,0.812413044081459,0.0,99993,merged_H3_Vx_year_VIRGO_tsne_shepard_results/pdf/tsne_shepard _p30_e14_pca40_euclidean.pdf,OK,
30,14,40,manhattan,0.17419488299086822,0.7937519126204661,0.0,99993,merged_H3_Vx_year_VIRGO_tsne_shepard_results/pdf/tsne_shepard _p30_e14_pca40_manhattan.pdf,OK,
30,14,40,cosine,0.17419488299086822,0.7072123064366606,0.0,99993,merged_H3_Vx_year_VIRGO_tsne_shepard_results/pdf/tsne_shepard _p30_e14_pca40_cosine.pdf,OK,
30,14,40,euclidean,0.34871142972845076,0.47859599425822824,0.0,99993,merged_H3_Vx_year_VIRGO_tsne_shepard_results/pdf/tsne_shepard _p30_e14_pca40_euclidean.pdf,OK,
30,14,40,manhattan,0.34871142972845076,0.44600816735241156,0.0,99993,merged_H3_Vx_year_VIRGO_tsne_shepard_results/pdf/tsne_shepard _p30_e14_pca40_manhattan.pdf,OK,
30,14,40,cosine,0.34871142972845076,0.712338943186702,0.0,99993,merged_H3_Vx_year_VIRGO_tsne_shepard_results/pdf/tsne_shepard _p30_e14_pca40_cosine.pdf,OK,
30,14,40,euclidean,0.4390228838067593,0.38227181433548424,0.0,99993,merged_H3_Vx_year_VIRGO_tsne_shepard_results/pdf/tsne_shepard _p30_e14_pca40_euclidean.pdf,OK,
30,14,40,manhattan,0.4390228838067593,0.31014036118039007,0.0,99993,merged_H3_Vx_year_VIRGO_tsne_shepard_results/pdf/tsne_shepard _p30_e14_pca40_manhattan.pdf,OK,
30,14,40,cosine,0.4390228838067593,0.6842872358039673,0.0,99993,merged_H3_Vx_year_VIRGO_tsne_shepard_results/pdf/tsne_shepard _p30_e14_pca40_cosine.pdf,OK,
30,14,40,euclidean,0.5376689551555229,0.34240517466861425,0.0,99993,merged_H3_Vx_year_VIRGO_tsne_shepard_results/pdf/tsne_shepard _p30_e14_pca40_euclidean.pdf,OK,
30,14,40,manhattan,0.5376689551555229,0.25891011879969184,0.0,99993,merged_H3_Vx_year_VIRGO_tsne_shepard_results/pdf/tsne_shepard _p30_e14_pca40_manhattan.pdf,OK,
30,14,40,cosine,0.5376689551555229,0.6667901796740772,0.0,99993,merged_H3_Vx_year_VIRGO_tsne_shepard_results/pdf/tsne_shepard _p30_e14_pca40_cosine.pdf,OK,
30,20,40,euclidean,0.17419488299086822,0.8071558964545359,0.0,99993,merged_H3_Vx_year_VIRGO_tsne_shepard_results/pdf/tsne_shepard _p30_e20_pca40_euclidean.pdf,OK,
30,20,40,manhattan,0.17419488299086822,0.7909254341591114,0.0,99993,merged_H3_Vx_year_VIRGO_tsne_shepard_results/pdf/tsne_shepard _p30_e20_pca40_manhattan.pdf,OK,
30,20,40,cosine,0.17419488299086822,0.7129787502519085,0.0,99993,merged_H3_Vx_year_VIRGO_tsne_shepard_results/pdf/tsne_shepard _p30_e20_pca40_cosine.pdf,OK,
30,20,40,euclidean,0.34871142972845076,0.4848928865612491,0.0,99993,merged_H3_Vx_year_VIRGO_tsne_shepard_results/pdf/tsne_shepard _p30_e20_pca40_euclidean.pdf,OK,
30,20,40,manhattan,0.34871142972845076,0.44438744218109266,0.0,99993,merged_H3_Vx_year_VIRGO_tsne_shepard_results/pdf/tsne_shepard _p30_e20_pca40_manhattan.pdf,OK,
30,20,40,cosine,0.34871142972845076,0.7162158437537718,0.0,99993,merged_H3_Vx_year_VIRGO_tsne_shepard_results/pdf/tsne_shepard _p30_e20_pca40_cosine.pdf,OK,
30,20,40,euclidean,0.4390228838067593,0.39081538573381086,0.0,99993,merged_H3_Vx_year_VIRGO_tsne_shepard_results/pdf/tsne_shepard _p30_e20_pca40_euclidean.pdf,OK,
30,20,40,manhattan,0.4390228838067593,0.3152180258338317,0.0,99993,merged_H3_Vx_year_VIRGO_tsne_shepard_results/pdf/tsne_shepard _p30_e20_pca40_manhattan.pdf,OK,
30,20,40,cosine,0.4390228838067593,0.6845927050817027,0.0,99993,merged_H3_Vx_year_VIRGO_tsne_shepard_results/pdf/tsne_shepard _p30_e20_pca40_cosine.pdf,OK,
30,20,40,euclidean,0.5376689551555229,0.34099556137470827,0.0,99993,merged_H3_Vx_year_VIRGO_tsne_shepard_results/pdf/tsne_shepard _p30_e20_pca40_euclidean.pdf,OK,
30,20,40,manhattan,0.5376689551555229,0.2560483652973645,0.0,99993,merged_H3_Vx_year_VIRGO_tsne_shepard_results/pdf/tsne_shepard _p30_e20_pca40_manhattan.pdf,OK,
30,20,40,cosine,0.5376689551555229,0.6665654415327502,0.0,99993,merged_H3_Vx_year_VIRGO_tsne_shepard_results/pdf/tsne_shepard _p30_e20_pca40_cosine.pdf,OK,
30,100,40,euclidean,0.17419488299086822,0.7920728903992121,0.0,99993,merged_H3_Vx_year_VIRGO_tsne_shepard_results/pdf/tsne_shepard _p30_e100_pca40_euclidean.pdf,OK,
30,100,40,manhattan,0.17419488299086822,0.7765291025790246,0.0,99993,merged_H3_Vx_year_VIRGO_tsne_shepard_results/pdf/tsne_shepard _p30_e100_pca40_manhattan.pdf,OK,
30,100,40,cosine,0.17419488299086822,0.7016134303310151,0.0,99993,merged_H3_Vx_year_VIRGO_tsne_shepard_results/pdf/tsne_shepard _p30_e100_pca40_cosine.pdf,OK,
30,100,40,euclidean,0.34871142972845076,0.6100425911059291,0.0,99993,merged_H3_Vx_year_VIRGO_tsne_shepard_results/pdf/tsne_shepard _p30_e100_pca40_euclidean.pdf,OK,
30,100,40,manhattan,0.34871142972845076,0.5383141510093272,0.0,99993,merged_H3_Vx_year_VIRGO_tsne_shepard_results/pdf/tsne_shepard _p30_e100_pca40_manhattan.pdf,OK,
30,100,40,cosine,0.34871142972845076,0.738388850609762,0.0,99993,merged_H3_Vx_year_VIRGO_tsne_shepard_results/pdf/tsne_shepard _p30_e100_pca40_cosine.pdf,OK,
30,100,40,euclidean,0.4390228838067593,0.4880545782159191,0.0,99993,merged_H3_Vx_year_VIRGO_tsne_shepard_results/pdf/tsne_shepard _p30_e100_pca40_euclidean.pdf,OK,
30,100,40,manhattan,0.4390228838067593,0.43053067864199696,0.0,99993,merged_H3_Vx_year_VIRGO_tsne_shepard_results/pdf/tsne_shepard _p30_e100_pca40_manhattan.pdf,OK,
30,100,40,cosine,0.4390228838067593,0.7100507296304874,0.0,99993,merged_H3_Vx_year_VIRGO_tsne_shepard_results/pdf/tsne_shepard _p30_e100_pca40_cosine.pdf,OK,
30,100,40,euclidean,0.5376689551555229,0.45469159455774094,0.0,99993,merged_H3_Vx_year_VIRGO_tsne_shepard_results/pdf/tsne_shepard _p30_e100_pca40_euclidean.pdf,OK,
30,100,40,manhattan,0.5376689551555229,0.3293358330790959,0.0,99993,merged_H3_Vx_year_VIRGO_tsne_shepard_results/pdf/tsne_shepard _p30_e100_pca40_manhattan.pdf,OK,
30,100,40,cosine,0.5376689551555229,0.6760375768457811,0.0,99993,merged_H3_Vx_year_VIRGO_tsne_shepard_results/pdf/tsne_shepard _p30_e100_pca40_cosine.pdf,OK,
30,300,40,euclidean,0.17419488299086822,0.8010877773307526,0.0,99993,merged_H3_Vx_year_VIRGO_tsne_shepard_results/pdf/tsne_shepard _p30_e300_pca40_euclidean.pdf,OK,
30,300,40,manhattan,0.17419488299086822,0.7854897007409672,0.0,99993,merged_H3_Vx_year_VIRGO_tsne_shepard_results/pdf/tsne_shepard _p30_e300_pca40_manhattan.pdf,OK,
30,300,40,cosine,0.17419488299086822,0.7189472191063718,0.0,99993,merged_H3_Vx_year_VIRGO_tsne_shepard_results/pdf/tsne_shepard _p30_e300_pca40_cosine.pdf,OK,
30,300,40,euclidean,0.34871142972845076,0.38303551093755195,0.0,99993,merged_H3_Vx_year_VIRGO_tsne_shepard_results/pdf/tsne_shepard _p30_e300_pca40_euclidean.pdf,OK,
30,300,40,manhattan,0.34871142972845076,0.2782997237109288,0.0,99993,merged_H3_Vx_year_VIRGO_tsne_shepard_results/pdf/tsne_shepard _p30_e300_pca40_manhattan.pdf,OK,
30,300,40,cosine,0.34871142972845076,0.44365860177035177,0.0,99993,merged_H3_Vx_year_VIRGO_tsne_shepard_results/pdf/tsne_shepard _p30_e300_pca40_cosine.pdf,OK,
30,300,40,euclidean,0.4390228838067593,0.18564906679655277,0.0,99993,merged_H3_Vx_year_VIRGO_tsne_shepard_results/pdf/tsne_shepard _p30_e300_pca40_euclidean.pdf,OK,
30,300,40,manhattan,0.4390228838067593,0.2938104563050317,0.0,99993,merged_H3_Vx_year_VIRGO_tsne_shepard_results/pdf/tsne_shepard _p30_e300_pca40_manhattan.pdf,OK,
30,300,40,cosine,0.4390228838067593,0.5311665558498478,0.0,99993,merged_H3_Vx_year_VIRGO_tsne_shepard_results/pdf/tsne_shepard _p30_e300_pca40_cosine.pdf,OK,
30,300,40,euclidean,0.5376689551555229,0.2999026187316567,0.0,99993,merged_H3_Vx_year_VIRGO_tsne_shepard_results/pdf/tsne_shepard _p30_e300_pca40_euclidean.pdf,OK,
30,300,40,manhattan,0.5376689551555229,0.33841756121230326,0.0,99993,merged_H3_Vx_year_VIRGO_tsne_shepard_results/pdf/tsne_shepard _p30_e300_pca40_manhattan.pdf,OK,
30,300,40,cosine,0.5376689551555229,0.384501702582313,0.0,99993,merged_H3_Vx_year_VIRGO_tsne_shepard_results/pdf/tsne_shepard _p30_e300_pca40_cosine.pdf,OK,
30,1000,40,euclidean,0.17419488299086822,0.179656866868258,0.0,99993,merged_H3_Vx_year_VIRGO_tsne_shepard_results/pdf/tsne_shepard _p30_e1000_pca40_euclidean.pdf,OK,
30,1000,40,manhattan,0.17419488299086822,0.4163699601490525,0.0,99993,merged_H3_Vx_year_VIRGO_tsne_shepard_results/pdf/tsne_shepard _p30_e1000_pca40_manhattan.pdf,OK,
30,1000,40,cosine,0.17419488299086822,0.16475469199441808,0.0,99993,merged_H3_Vx_year_VIRGO_tsne_shepard_results/pdf/tsne_shepard _p30_e1000_pca40_cosine.pdf,OK,
30,1000,40,euclidean,0.34871142972845076,0.45258580077922994,0.0,99993,merged_H3_Vx_year_VIRGO_tsne_shepard_results/pdf/tsne_shepard _p30_e1000_pca40_euclidean.pdf,OK,
30,1000,40,manhattan,0.34871142972845076,0.4715750058062456,0.0,99993,merged_H3_Vx_year_VIRGO_tsne_shepard_results/pdf/tsne_shepard _p30_e1000_pca40_manhattan.pdf,OK,
30,1000,40,cosine,0.34871142972845076,0.4269110236061004,0.0,99993,merged_H3_Vx_year_VIRGO_tsne_shepard_results/pdf/tsne_shepard _p30_e1000_pca40_cosine.pdf,OK,
30,1000,40,euclidean,0.4390228838067593,0.2774416241815796,0.0,99993,merged_H3_Vx_year_VIRGO_tsne_shepard_results/pdf/tsne_shepard _p30_e1000_pca40_euclidean.pdf,OK,
30,1000,40,manhattan,0.4390228838067593,0.3845001398581025,0.0,99993,merged_H3_Vx_year_VIRGO_tsne_shepard_results/pdf/tsne_shepard _p30_e1000_pca40_manhattan.pdf,OK,
30,1000,40,cosine,0.4390228838067593,0.30191249497967043,0.0,99993,merged_H3_Vx_year_VIRGO_tsne_shepard_results/pdf/tsne_shepard _p30_e1000_pca40_cosine.pdf,OK,
30,1000,40,euclidean,0.5376689551555229,0.35243219613040844,0.0,99993,merged_H3_Vx_year_VIRGO_tsne_shepard_results/pdf/tsne_shepard _p30_e1000_pca40_euclidean.pdf,OK,
30,1000,40,manhattan,0.5376689551555229,0.2560794918359269,0.0,99993,merged_H3_Vx_year_VIRGO_tsne_shepard_results/pdf/tsne_shepard _p30_e1000_pca40_manhattan.pdf,OK,
30,1000,40,cosine,0.5376689551555229,0.3873069465104234,0.0,99993,merged_H3_Vx_year_VIRGO_tsne_shepard_results/pdf/tsne_shepard _p30_e1000_pca40_cosine.pdf,OK,
40,10,40,euclidean,0.17419488299086822,0.8018573080661964,0.0,99993,merged_H3_Vx_year_VIRGO_tsne_shepard_results/pdf/tsne_shepard _p40_e10_pca40_euclidean.pdf,OK,
40,10,40,manhattan,0.17419488299086822,0.7835766650983433,0.0,99993,merged_H3_Vx_year_VIRGO_tsne_shepard_results/pdf/tsne_shepard _p40_e10_pca40_manhattan.pdf,OK,
40,10,40,cosine,0.17419488299086822,0.7264780535741463,0.0,99993,merged_H3_Vx_year_VIRGO_tsne_shepard_results/pdf/tsne_shepard _p40_e10_pca40_cosine.pdf,OK,
40,10,40,euclidean,0.34871142972845076,0.4778020738498485,0.0,99993,merged_H3_Vx_year_VIRGO_tsne_shepard_results/pdf/tsne_shepard _p40_e10_pca40_euclidean.pdf,OK,
40,10,40,manhattan,0.34871142972845076,0.44134558206182456,0.0,99993,merged_H3_Vx_year_VIRGO_tsne_shepard_results/pdf/tsne_shepard _p40_e10_pca40_manhattan.pdf,OK,
40,10,40,cosine,0.34871142972845076,0.7189409668197494,0.0,99993,merged_H3_Vx_year_VIRGO_tsne_shepard_results/pdf/tsne_shepard _p40_e10_pca40_cosine.pdf,OK,
40,10,40,euclidean,0.4390228838067593,0.37327815584006674,0.0,99993,merged_H3_Vx_year_VIRGO_tsne_shepard_results/pdf/tsne_shepard _p40_e10_pca40_euclidean.pdf,OK,
40,10,40,manhattan,0.4390228838067593,0.29035495197315614,0.0,99993,merged_H3_Vx_year_VIRGO_tsne_shepard_results/pdf/tsne_shepard _p40_e10_pca40_manhattan.pdf,OK,
40,10,40,cosine,0.4390228838067593,0.6897603947081852,0.0,99993,merged_H3_Vx_year_VIRGO_tsne_shepard_results/pdf/tsne_shepard _p40_e10_pca40_cosine.pdf,OK,
40,10,40,euclidean,0.5376689551555229,0.3437046597631289,0.0,99993,merged_H3_Vx_year_VIRGO_tsne_shepard_results/pdf/tsne_shepard _p40_e10_pca40_euclidean.pdf,OK,
40,10,40,manhattan,0.5376689551555229,0.2582942893028644,0.0,99993,merged_H3_Vx_year_VIRGO_tsne_shepard_results/pdf/tsne_shepard _p40_e10_pca40_manhattan.pdf,OK,
40,10,40,cosine,0.5376689551555229,0.6713510152506085,0.0,99993,merged_H3_Vx_year_VIRGO_tsne_shepard_results/pdf/tsne_shepard _p40_e10_pca40_cosine.pdf,OK,
40,12,40,euclidean,0.17419488299086822,0.7955388750000929,0.0,99993,merged_H3_Vx_year_VIRGO_tsne_shepard_results/pdf/tsne_shepard _p40_e12_pca40_euclidean.pdf,OK,
40,12,40,manhattan,0.17419488299086822,0.7790381633289702,0.0,99993,merged_H3_Vx_year_VIRGO_tsne_shepard_results/pdf/tsne_shepard _p40_e12_pca40_manhattan.pdf,OK,
40,12,40,cosine,0.17419488299086822,0.7219119493779022,0.0,99993,merged_H3_Vx_year_VIRGO_tsne_shepard_results/pdf/tsne_shepard _p40_e12_pca40_cosine.pdf,OK,
40,12,40,euclidean,0.34871142972845076,0.47654040053380675,0.0,99993,merged_H3_Vx_year_VIRGO_tsne_shepard_results/pdf/tsne_shepard _p40_e12_pca40_euclidean.pdf,OK,
40,12,40,manhattan,0.34871142972845076,0.4476993343459703,0.0,99993,merged_H3_Vx_year_VIRGO_tsne_shepard_results/pdf/tsne_shepard _p40_e12_pca40_manhattan.pdf,OK,
40,12,40,cosine,0.34871142972845076,0.717604389579459,0.0,99993,merged_H3_Vx_year_VIRGO_tsne_shepard_results/pdf/tsne_shepard _p40_e12_pca40_cosine.pdf,OK,
40,12,40,euclidean,0.4390228838067593,0.3846126174206129,0.0,99993,merged_H3_Vx_year_VIRGO_tsne_shepard_results/pdf/tsne_shepard _p40_e12_pca40_euclidean.pdf,OK,
40,12,40,manhattan,0.4390228838067593,0.29376628834296237,0.0,99993,merged_H3_Vx_year_VIRGO_tsne_shepard_results/pdf/tsne_shepard _p40_e12_pca40_manhattan.pdf,OK,
40,12,40,cosine,0.4390228838067593,0.6899592227834302,0.0,99993,merged_H3_Vx_year_VIRGO_tsne_shepard_results/pdf/tsne_shepard _p40_e12_pca40_cosine.pdf,OK,
40,12,40,euclidean,0.5376689551555229,0.34449029098266254,0.0,99993,merged_H3_Vx_year_VIRGO_tsne_shepard_results/pdf/tsne_shepard _p40_e12_pca40_euclidean.pdf,OK,
40,12,40,manhattan,0.5376689551555229,0.25644779600466444,0.0,99993,merged_H3_Vx_year_VIRGO_tsne_shepard_results/pdf/tsne_shepard _p40_e12_pca40_manhattan.pdf,OK,
40,12,40,cosine,0.5376689551555229,0.6702801116035242,0.0,99993,merged_H3_Vx_year_VIRGO_tsne_shepard_results/pdf/tsne_shepard _p40_e12_pca40_cosine.pdf,OK,
40,14,40,euclidean,0.17419488299086822,0.7922264835317212,0.0,99993,merged_H3_Vx_year_VIRGO_tsne_shepard_results/pdf/tsne_shepard _p40_e14_pca40_euclidean.pdf,OK,
40,14,40,manhattan,0.17419488299086822,0.7770994135219595,0.0,99993,merged_H3_Vx_year_VIRGO_tsne_shepard_results/pdf/tsne_shepard _p40_e14_pca40_manhattan.pdf,OK,
40,14,40,cosine,0.17419488299086822,0.7180387928951457,0.0,99993,merged_H3_Vx_year_VIRGO_tsne_shepard_results/pdf/tsne_shepard _p40_e14_pca40_cosine.pdf,OK,
40,14,40,euclidean,0.34871142972845076,0.4801454548546647,0.0,99993,merged_H3_Vx_year_VIRGO_tsne_shepard_results/pdf/tsne_shepard _p40_e14_pca40_euclidean.pdf,OK,
40,14,40,manhattan,0.34871142972845076,0.43680817990931337,0.0,99993,merged_H3_Vx_year_VIRGO_tsne_shepard_results/pdf/tsne_shepard _p40_e14_pca40_manhattan.pdf,OK,
40,14,40,cosine,0.34871142972845076,0.7176533479598259,0.0,99993,merged_H3_Vx_year_VIRGO_tsne_shepard_results/pdf/tsne_shepard _p40_e14_pca40_cosine.pdf,OK,
40,14,40,euclidean,0.4390228838067593,0.39183709615097967,0.0,99993,merged_H3_Vx_year_VIRGO_tsne_shepard_results/pdf/tsne_shepard _p40_e14_pca40_euclidean.pdf,OK,
40,14,40,manhattan,0.4390228838067593,0.30835726559785703,0.0,99993,merged_H3_Vx_year_VIRGO_tsne_shepard_results/pdf/tsne_shepard _p40_e14_pca40_manhattan.pdf,OK,
40,14,40,cosine,0.4390228838067593,0.6895442689109945,0.0,99993,merged_H3_Vx_year_VIRGO_tsne_shepard_results/pdf/tsne_shepard _p40_e14_pca40_cosine.pdf,OK,
40,14,40,euclidean,0.5376689551555229,0.34505758643109713,0.0,99993,merged_H3_Vx_year_VIRGO_tsne_shepard_results/pdf/tsne_shepard _p40_e14_pca40_euclidean.pdf,OK,
40,14,40,manhattan,0.5376689551555229,0.2584124468992771,0.0,99993,merged_H3_Vx_year_VIRGO_tsne_shepard_results/pdf/tsne_shepard _p40_e14_pca40_manhattan.pdf,OK,
40,14,40,cosine,0.5376689551555229,0.6703499588240891,0.0,99993,merged_H3_Vx_year_VIRGO_tsne_shepard_results/pdf/tsne_shepard _p40_e14_pca40_cosine.pdf,OK,
40,20,40,euclidean,0.17419488299086822,0.7936958290596492,0.0,99993,merged_H3_Vx_year_VIRGO_tsne_shepard_results/pdf/tsne_shepard _p40_e20_pca40_euclidean.pdf,OK,
40,20,40,manhattan,0.17419488299086822,0.7779497846465405,0.0,99993,merged_H3_Vx_year_VIRGO_tsne_shepard_results/pdf/tsne_shepard _p40_e20_pca40_manhattan.pdf,OK,
40,20,40,cosine,0.17419488299086822,0.7131439773219868,0.0,99993,merged_H3_Vx_year_VIRGO_tsne_shepard_results/pdf/tsne_shepard _p40_e20_pca40_cosine.pdf,OK,
40,20,40,euclidean,0.34871142972845076,0.48808413721276384,0.0,99993,merged_H3_Vx_year_VIRGO_tsne_shepard_results/pdf/tsne_shepard _p40_e20_pca40_euclidean.pdf,OK,
40,20,40,manhattan,0.34871142972845076,0.4442183805289458,0.0,99993,merged_H3_Vx_year_VIRGO_tsne_shepard_results/pdf/tsne_shepard _p40_e20_pca40_manhattan.pdf,OK,
40,20,40,cosine,0.34871142972845076,0.7193043507263214,0.0,99993,merged_H3_Vx_year_VIRGO_tsne_shepard_results/pdf/tsne_shepard _p40_e20_pca40_cosine.pdf,OK,
40,20,40,euclidean,0.4390228838067593,0.3912828040182123,0.0,99993,merged_H3_Vx_year_VIRGO_tsne_shepard_results/pdf/tsne_shepard _p40_e20_pca40_euclidean.pdf,OK,
40,20,40,manhattan,0.4390228838067593,0.30958217567645385,0.0,99993,merged_H3_Vx_year_VIRGO_tsne_shepard_results/pdf/tsne_shepard _p40_e20_pca40_manhattan.pdf,OK,
40,20,40,cosine,0.4390228838067593,0.6881956732309916,0.0,99993,merged_H3_Vx_year_VIRGO_tsne_shepard_results/pdf/tsne_shepard _p40_e20_pca40_cosine.pdf,OK,
40,20,40,euclidean,0.5376689551555229,0.3439883167140803,0.0,99993,merged_H3_Vx_year_VIRGO_tsne_shepard_results/pdf/tsne_shepard _p40_e20_pca40_euclidean.pdf,OK,
40,20,40,manhattan,0.5376689551555229,0.2582822432859603,0.0,99993,merged_H3_Vx_year_VIRGO_tsne_shepard_results/pdf/tsne_shepard _p40_e20_pca40_manhattan.pdf,OK,
40,20,40,cosine,0.5376689551555229,0.6712525095798956,0.0,99993,merged_H3_Vx_year_VIRGO_tsne_shepard_results/pdf/tsne_shepard _p40_e20_pca40_cosine.pdf,OK,
40,100,40,euclidean,0.17419488299086822,0.7905795077409561,0.0,99993,merged_H3_Vx_year_VIRGO_tsne_shepard_results/pdf/tsne_shepard _p40_e100_pca40_euclidean.pdf,OK,
40,100,40,manhattan,0.17419488299086822,0.7751521056976146,0.0,99993,merged_H3_Vx_year_VIRGO_tsne_shepard_results/pdf/tsne_shepard _p40_e100_pca40_manhattan.pdf,OK,
40,100,40,cosine,0.17419488299086822,0.7117384717087301,0.0,99993,merged_H3_Vx_year_VIRGO_tsne_shepard_results/pdf/tsne_shepard _p40_e100_pca40_cosine.pdf,OK,
40,100,40,euclidean,0.34871142972845076,0.5834695875059452,0.0,99993,merged_H3_Vx_year_VIRGO_tsne_shepard_results/pdf/tsne_shepard _p40_e100_pca40_euclidean.pdf,OK,
40,100,40,manhattan,0.34871142972845076,0.529482638685046,0.0,99993,merged_H3_Vx_year_VIRGO_tsne_shepard_results/pdf/tsne_shepard _p40_e100_pca40_manhattan.pdf,OK,
40,100,40,cosine,0.34871142972845076,0.7469427591403259,0.0,99993,merged_H3_Vx_year_VIRGO_tsne_shepard_results/pdf/tsne_shepard _p40_e100_pca40_cosine.pdf,OK,
40,100,40,euclidean,0.4390228838067593,0.5229856517952733,0.0,99993,merged_H3_Vx_year_VIRGO_tsne_shepard_results/pdf/tsne_shepard _p40_e100_pca40_euclidean.pdf,OK,
40,100,40,manhattan,0.4390228838067593,0.3872076536825236,0.0,99993,merged_H3_Vx_year_VIRGO_tsne_shepard_results/pdf/tsne_shepard _p40_e100_pca40_manhattan.pdf,OK,
40,100,40,cosine,0.4390228838067593,0.7150878944434338,0.0,99993,merged_H3_Vx_year_VIRGO_tsne_shepard_results/pdf/tsne_shepard _p40_e100_pca40_cosine.pdf,OK,
40,100,40,euclidean,0.5376689551555229,0.41435859942507297,0.0,99993,merged_H3_Vx_year_VIRGO_tsne_shepard_results/pdf/tsne_shepard _p40_e100_pca40_euclidean.pdf,OK,
40,100,40,manhattan,0.5376689551555229,0.33390971385449547,0.0,99993,merged_H3_Vx_year_VIRGO_tsne_shepard_results/pdf/tsne_shepard _p40_e100_pca40_manhattan.pdf,OK,
40,100,40,cosine,0.5376689551555229,0.6800243095179774,0.0,99993,merged_H3_Vx_year_VIRGO_tsne_shepard_results/pdf/tsne_shepard _p40_e100_pca40_cosine.pdf,OK,
40,300,40,euclidean,0.17419488299086822,0.796308611186814,0.0,99993,merged_H3_Vx_year_VIRGO_tsne_shepard_results/pdf/tsne_shepard _p40_e300_pca40_euclidean.pdf,OK,
40,300,40,manhattan,0.17419488299086822,0.7830238586270627,0.0,99993,merged_H3_Vx_year_VIRGO_tsne_shepard_results/pdf/tsne_shepard _p40_e300_pca40_manhattan.pdf,OK,
40,300,40,cosine,0.17419488299086822,0.7204772861516895,0.0,99993,merged_H3_Vx_year_VIRGO_tsne_shepard_results/pdf/tsne_shepard _p40_e300_pca40_cosine.pdf,OK,
40,300,40,euclidean,0.34871142972845076,0.41010568101939154,0.0,99993,merged_H3_Vx_year_VIRGO_tsne_shepard_results/pdf/tsne_shepard _p40_e300_pca40_euclidean.pdf,OK,
40,300,40,manhattan,0.34871142972845076,0.4957307083016311,0.0,99993,merged_H3_Vx_year_VIRGO_tsne_shepard_results/pdf/tsne_shepard _p40_e300_pca40_manhattan.pdf,OK,
40,300,40,cosine,0.34871142972845076,0.5079374470516995,0.0,99993,merged_H3_Vx_year_VIRGO_tsne_shepard_results/pdf/tsne_shepard _p40_e300_pca40_cosine.pdf,OK,
40,300,40,euclidean,0.4390228838067593,0.223440174281915,0.0,99993,merged_H3_Vx_year_VIRGO_tsne_shepard_results/pdf/tsne_shepard _p40_e300_pca40_euclidean.pdf,OK,
40,300,40,manhattan,0.4390228838067593,0.2321412710774832,0.0,99993,merged_H3_Vx_year_VIRGO_tsne_shepard_results/pdf/tsne_shepard _p40_e300_pca40_manhattan.pdf,OK,
40,300,40,cosine,0.4390228838067593,0.5611589072608711,0.0,99993,merged_H3_Vx_year_VIRGO_tsne_shepard_results/pdf/tsne_shepard _p40_e300_pca40_cosine.pdf,OK,
40,300,40,euclidean,0.5376689551555229,0.36755041293138446,0.0,99993,merged_H3_Vx_year_VIRGO_tsne_shepard_results/pdf/tsne_shepard _p40_e300_pca40_euclidean.pdf,OK,
40,300,40,manhattan,0.5376689551555229,0.26109581446335206,0.0,99993,merged_H3_Vx_year_VIRGO_tsne_shepard_results/pdf/tsne_shepard _p40_e300_pca40_manhattan.pdf,OK,
40,300,40,cosine,0.5376689551555229,0.44233557189560596,0.0,99993,merged_H3_Vx_year_VIRGO_tsne_shepard_results/pdf/tsne_shepard _p40_e300_pca40_cosine.pdf,OK,
40,1000,40,euclidean,0.17419488299086822,0.3314860913370973,0.0,99993,merged_H3_Vx_year_VIRGO_tsne_shepard_results/pdf/tsne_shepard _p40_e1000_pca40_euclidean.pdf,OK,
40,1000,40,manhattan,0.17419488299086822,0.11406440516674153,9.829927058144889e-287,99993,merged_H3_Vx_year_VIRGO_tsne_shepard_results/pdf/tsne_shepard _p40_e1000_pca40_manhattan.pdf,OK,
40,1000,40,cosine,0.17419488299086822,0.4163582284891554,0.0,99993,merged_H3_Vx_year_VIRGO_tsne_shepard_results/pdf/tsne_shepard _p40_e1000_pca40_cosine.pdf,OK,
40,1000,40,euclidean,0.34871142972845076,0.4869107662885271,0.0,99993,merged_H3_Vx_year_VIRGO_tsne_shepard_results/pdf/tsne_shepard _p40_e1000_pca40_euclidean.pdf,OK,
40,1000,40,manhattan,0.34871142972845076,0.4049956321806518,0.0,99993,merged_H3_Vx_year_VIRGO_tsne_shepard_results/pdf/tsne_shepard _p40_e1000_pca40_manhattan.pdf,OK,
40,1000,40,cosine,0.34871142972845076,0.4293203384947848,0.0,99993,merged_H3_Vx_year_VIRGO_tsne_shepard_results/pdf/tsne_shepard _p40_e1000_pca40_cosine.pdf,OK,
40,1000,40,euclidean,0.4390228838067593,0.2506444076048208,0.0,99993,merged_H3_Vx_year_VIRGO_tsne_shepard_results/pdf/tsne_shepard _p40_e1000_pca40_euclidean.pdf,OK,
40,1000,40,manhattan,0.4390228838067593,0.29945583395474423,0.0,99993,merged_H3_Vx_year_VIRGO_tsne_shepard_results/pdf/tsne_shepard _p40_e1000_pca40_manhattan.pdf,OK,
40,1000,40,cosine,0.4390228838067593,0.2883058145837659,0.0,99993,merged_H3_Vx_year_VIRGO_tsne_shepard_results/pdf/tsne_shepard _p40_e1000_pca40_cosine.pdf,OK,
40,1000,40,euclidean,0.5376689551555229,0.39371688318713927,0.0,99993,merged_H3_Vx_year_VIRGO_tsne_shepard_results/pdf/tsne_shepard _p40_e1000_pca40_euclidean.pdf,OK,
40,1000,40,manhattan,0.5376689551555229,0.2866966321884167,0.0,99993,merged_H3_Vx_year_VIRGO_tsne_shepard_results/pdf/tsne_shepard _p40_e1000_pca40_manhattan.pdf,OK,
40,1000,40,cosine,0.5376689551555229,0.41298184879064065,0.0,99993,merged_H3_Vx_year_VIRGO_tsne_shepard_results/pdf/tsne_shepard _p40_e1000_pca40_cosine.pdf,OK,
50,10,40,euclidean,0.17419488299086822,0.7917778744042566,0.0,99993,merged_H3_Vx_year_VIRGO_tsne_shepard_results/pdf/tsne_shepard _p50_e10_pca40_euclidean.pdf,OK,
50,10,40,manhattan,0.17419488299086822,0.777621742850866,0.0,99993,merged_H3_Vx_year_VIRGO_tsne_shepard_results/pdf/tsne_shepard _p50_e10_pca40_manhattan.pdf,OK,
50,10,40,cosine,0.17419488299086822,0.723612903743842,0.0,99993,merged_H3_Vx_year_VIRGO_tsne_shepard_results/pdf/tsne_shepard _p50_e10_pca40_cosine.pdf,OK,
50,10,40,euclidean,0.34871142972845076,0.4591436315880992,0.0,99993,merged_H3_Vx_year_VIRGO_tsne_shepard_results/pdf/tsne_shepard _p50_e10_pca40_euclidean.pdf,OK,
50,10,40,manhattan,0.34871142972845076,0.4367205377368836,0.0,99993,merged_H3_Vx_year_VIRGO_tsne_shepard_results/pdf/tsne_shepard _p50_e10_pca40_manhattan.pdf,OK,
50,10,40,cosine,0.34871142972845076,0.7211271416729175,0.0,99993,merged_H3_Vx_year_VIRGO_tsne_shepard_results/pdf/tsne_shepard _p50_e10_pca40_cosine.pdf,OK,
50,10,40,euclidean,0.4390228838067593,0.3612492071371579,0.0,99993,merged_H3_Vx_year_VIRGO_tsne_shepard_results/pdf/tsne_shepard _p50_e10_pca40_euclidean.pdf,OK,
50,10,40,manhattan,0.4390228838067593,0.2995347333736942,0.0,99993,merged_H3_Vx_year_VIRGO_tsne_shepard_results/pdf/tsne_shepard _p50_e10_pca40_manhattan.pdf,OK,
50,10,40,cosine,0.4390228838067593,0.6922095556082113,0.0,99993,merged_H3_Vx_year_VIRGO_tsne_shepard_results/pdf/tsne_shepard _p50_e10_pca40_cosine.pdf,OK,
50,10,40,euclidean,0.5376689551555229,0.34527941877007373,0.0,99993,merged_H3_Vx_year_VIRGO_tsne_shepard_results/pdf/tsne_shepard _p50_e10_pca40_euclidean.pdf,OK,
50,10,40,manhattan,0.5376689551555229,0.2612527979389343,0.0,99993,merged_H3_Vx_year_VIRGO_tsne_shepard_results/pdf/tsne_shepard _p50_e10_pca40_manhattan.pdf,OK,
50,10,40,cosine,0.5376689551555229,0.6730675947029782,0.0,99993,merged_H3_Vx_year_VIRGO_tsne_shepard_results/pdf/tsne_shepard _p50_e10_pca40_cosine.pdf,OK,
50,12,40,euclidean,0.17419488299086822,0.7889055720306857,0.0,99993,merged_H3_Vx_year_VIRGO_tsne_shepard_results/pdf/tsne_shepard _p50_e12_pca40_euclidean.pdf,OK,
50,12,40,manhattan,0.17419488299086822,0.773347233424418,0.0,99993,merged_H3_Vx_year_VIRGO_tsne_shepard_results/pdf/tsne_shepard _p50_e12_pca40_manhattan.pdf,OK,
50,12,40,cosine,0.17419488299086822,0.7413942650343752,0.0,99993,merged_H3_Vx_year_VIRGO_tsne_shepard_results/pdf/tsne_shepard _p50_e12_pca40_cosine.pdf,OK,
50,12,40,euclidean,0.34871142972845076,0.45948610262507816,0.0,99993,merged_H3_Vx_year_VIRGO_tsne_shepard_results/pdf/tsne_shepard _p50_e12_pca40_euclidean.pdf,OK,
50,12,40,manhattan,0.34871142972845076,0.4369081559442607,0.0,99993,merged_H3_Vx_year_VIRGO_tsne_shepard_results/pdf/tsne_shepard _p50_e12_pca40_manhattan.pdf,OK,
50,12,40,cosine,0.34871142972845076,0.7201767703417675,0.0,99993,merged_H3_Vx_year_VIRGO_tsne_shepard_results/pdf/tsne_shepard _p50_e12_pca40_cosine.pdf,OK,
50,12,40,euclidean,0.4390228838067593,0.3723212466267287,0.0,99993,merged_H3_Vx_year_VIRGO_tsne_shepard_results/pdf/tsne_shepard _p50_e12_pca40_euclidean.pdf,OK,
50,12,40,manhattan,0.4390228838067593,0.2960513559107431,0.0,99993,merged_H3_Vx_year_VIRGO_tsne_shepard_results/pdf/tsne_shepard _p50_e12_pca40_manhattan.pdf,OK,
50,12,40,cosine,0.4390228838067593,0.6921294576763038,0.0,99993,merged_H3_Vx_year_VIRGO_tsne_shepard_results/pdf/tsne_shepard _p50_e12_pca40_cosine.pdf,OK,
50,12,40,euclidean,0.5376689551555229,0.34307415953234427,0.0,99993,merged_H3_Vx_year_VIRGO_tsne_shepard_results/pdf/tsne_shepard _p50_e12_pca40_euclidean.pdf,OK,
50,12,40,manhattan,0.5376689551555229,0.26007040383901603,0.0,99993,merged_H3_Vx_year_VIRGO_tsne_shepard_results/pdf/tsne_shepard _p50_e12_pca40_manhattan.pdf,OK,
50,12,40,cosine,0.5376689551555229,0.6733408018006118,0.0,99993,merged_H3_Vx_year_VIRGO_tsne_shepard_results/pdf/tsne_shepard _p50_e12_pca40_cosine.pdf,OK,
50,14,40,euclidean,0.17419488299086822,0.785433990974589,0.0,99993,merged_H3_Vx_year_VIRGO_tsne_shepard_results/pdf/tsne_shepard _p50_e14_pca40_euclidean.pdf,OK,
50,14,40,manhattan,0.17419488299086822,0.771022864038223,0.0,99993,merged_H3_Vx_year_VIRGO_tsne_shepard_results/pdf/tsne_shepard _p50_e14_pca40_manhattan.pdf,OK,
50,14,40,cosine,0.17419488299086822,0.7217326955083104,0.0,99993,merged_H3_Vx_year_VIRGO_tsne_shepard_results/pdf/tsne_shepard _p50_e14_pca40_cosine.pdf,OK,
50,14,40,euclidean,0.34871142972845076,0.46098509915668906,0.0,99993,merged_H3_Vx_year_VIRGO_tsne_shepard_results/pdf/tsne_shepard _p50_e14_pca40_euclidean.pdf,OK,
50,14,40,manhattan,0.34871142972845076,0.4352086796306497,0.0,99993,merged_H3_Vx_year_VIRGO_tsne_shepard_results/pdf/tsne_shepard _p50_e14_pca40_manhattan.pdf,OK,
50,14,40,cosine,0.34871142972845076,0.7199863248044676,0.0,99993,merged_H3_Vx_year_VIRGO_tsne_shepard_results/pdf/tsne_shepard _p50_e14_pca40_cosine.pdf,OK,
50,14,40,euclidean,0.4390228838067593,0.3733634515090809,0.0,99993,merged_H3_Vx_year_VIRGO_tsne_shepard_results/pdf/tsne_shepard _p50_e14_pca40_euclidean.pdf,OK,
50,14,40,manhattan,0.4390228838067593,0.29674602238284115,0.0,99993,merged_H3_Vx_year_VIRGO_tsne_shepard_results/pdf/tsne_shepard _p50_e14_pca40_manhattan.pdf,OK,
50,14,40,cosine,0.4390228838067593,0.6918474539552432,0.0,99993,merged_H3_Vx_year_VIRGO_tsne_shepard_results/pdf/tsne_shepard _p50_e14_pca40_cosine.pdf,OK,
50,14,40,euclidean,0.5376689551555229,0.34102180044137487,0.0,99993,merged_H3_Vx_year_VIRGO_tsne_shepard_results/pdf/tsne_shepard _p50_e14_pca40_euclidean.pdf,OK,
50,14,40,manhattan,0.5376689551555229,0.25923931609891626,0.0,99993,merged_H3_Vx_year_VIRGO_tsne_shepard_results/pdf/tsne_shepard _p50_e14_pca40_manhattan.pdf,OK,
50,14,40,cosine,0.5376689551555229,0.6723102083525211,0.0,99993,merged_H3_Vx_year_VIRGO_tsne_shepard_results/pdf/tsne_shepard _p50_e14_pca40_cosine.pdf,OK,
50,20,40,euclidean,0.17419488299086822,0.7872257895263592,0.0,99993,merged_H3_Vx_year_VIRGO_tsne_shepard_results/pdf/tsne_shepard _p50_e20_pca40_euclidean.pdf,OK,
50,20,40,manhattan,0.17419488299086822,0.772961790225967,0.0,99993,merged_H3_Vx_year_VIRGO_tsne_shepard_results/pdf/tsne_shepard _p50_e20_pca40_manhattan.pdf,OK,
50,20,40,cosine,0.17419488299086822,0.7196977113524724,0.0,99993,merged_H3_Vx_year_VIRGO_tsne_shepard_results/pdf/tsne_shepard _p50_e20_pca40_cosine.pdf,OK,
50,20,40,euclidean,0.34871142972845076,0.46920973115339404,0.0,99993,merged_H3_Vx_year_VIRGO_tsne_shepard_results/pdf/tsne_shepard _p50_e20_pca40_euclidean.pdf,OK,
50,20,40,manhattan,0.34871142972845076,0.43847086239104477,0.0,99993,merged_H3_Vx_year_VIRGO_tsne_shepard_results/pdf/tsne_shepard _p50_e20_pca40_manhattan.pdf,OK,
50,20,40,cosine,0.34871142972845076,0.7202929100894511,0.0,99993,merged_H3_Vx_year_VIRGO_tsne_shepard_results/pdf/tsne_shepard _p50_e20_pca40_cosine.pdf,OK,
50,20,40,euclidean,0.4390228838067593,0.37564375755485163,0.0,99993,merged_H3_Vx_year_VIRGO_tsne_shepard_results/pdf/tsne_shepard _p50_e20_pca40_euclidean.pdf,OK,
50,20,40,manhattan,0.4390228838067593,0.29712650117407396,0.0,99993,merged_H3_Vx_year_VIRGO_tsne_shepard_results/pdf/tsne_shepard _p50_e20_pca40_manhattan.pdf,OK,
50,20,40,cosine,0.4390228838067593,0.691082219339313,0.0,99993,merged_H3_Vx_year_VIRGO_tsne_shepard_results/pdf/tsne_shepard _p50_e20_pca40_cosine.pdf,OK,
50,20,40,euclidean,0.5376689551555229,0.34001041594498316,0.0,99993,merged_H3_Vx_year_VIRGO_tsne_shepard_results/pdf/tsne_shepard _p50_e20_pca40_euclidean.pdf,OK,
50,20,40,manhattan,0.5376689551555229,0.25819486281701504,0.0,99993,merged_H3_Vx_year_VIRGO_tsne_shepard_results/pdf/tsne_shepard _p50_e20_pca40_manhattan.pdf,OK,
50,20,40,cosine,0.5376689551555229,0.6717554107764692,0.0,99993,merged_H3_Vx_year_VIRGO_tsne_shepard_results/pdf/tsne_shepard _p50_e20_pca40_cosine.pdf,OK,
50,100,40,euclidean,0.17419488299086822,0.7926001232172354,0.0,99993,merged_H3_Vx_year_VIRGO_tsne_shepard_results/pdf/tsne_shepard _p50_e100_pca40_euclidean.pdf,OK,
50,100,40,manhattan,0.17419488299086822,0.7790409100678296,0.0,99993,merged_H3_Vx_year_VIRGO_tsne_shepard_results/pdf/tsne_shepard _p50_e100_pca40_manhattan.pdf,OK,
50,100,40,cosine,0.17419488299086822,0.7151432451037449,0.0,99993,merged_H3_Vx_year_VIRGO_tsne_shepard_results/pdf/tsne_shepard _p50_e100_pca40_cosine.pdf,OK,
50,100,40,euclidean,0.34871142972845076,0.592575876961773,0.0,99993,merged_H3_Vx_year_VIRGO_tsne_shepard_results/pdf/tsne_shepard _p50_e100_pca40_euclidean.pdf,OK,
50,100,40,manhattan,0.34871142972845076,0.4867370204143214,0.0,99993,merged_H3_Vx_year_VIRGO_tsne_shepard_results/pdf/tsne_shepard _p50_e100_pca40_manhattan.pdf,OK,
50,100,40,cosine,0.34871142972845076,0.7510969694306701,0.0,99993,merged_H3_Vx_year_VIRGO_tsne_shepard_results/pdf/tsne_shepard _p50_e100_pca40_cosine.pdf,OK,
50,100,40,euclidean,0.4390228838067593,0.5074203798026491,0.0,99993,merged_H3_Vx_year_VIRGO_tsne_shepard_results/pdf/tsne_shepard _p50_e100_pca40_euclidean.pdf,OK,
50,100,40,manhattan,0.4390228838067593,0.35180911306096496,0.0,99993,merged_H3_Vx_year_VIRGO_tsne_shepard_results/pdf/tsne_shepard _p50_e100_pca40_manhattan.pdf,OK,
50,100,40,cosine,0.4390228838067593,0.716431829809077,0.0,99993,merged_H3_Vx_year_VIRGO_tsne_shepard_results/pdf/tsne_shepard _p50_e100_pca40_cosine.pdf,OK,
50,100,40,euclidean,0.5376689551555229,0.41272535201476146,0.0,99993,merged_H3_Vx_year_VIRGO_tsne_shepard_results/pdf/tsne_shepard _p50_e100_pca40_euclidean.pdf,OK,
50,100,40,manhattan,0.5376689551555229,0.35147786669702696,0.0,99993,merged_H3_Vx_year_VIRGO_tsne_shepard_results/pdf/tsne_shepard _p50_e100_pca40_manhattan.pdf,OK,
50,100,40,cosine,0.5376689551555229,0.6819610605013896,0.0,99993,merged_H3_Vx_year_VIRGO_tsne_shepard_results/pdf/tsne_shepard _p50_e100_pca40_cosine.pdf,OK,
50,300,40,euclidean,0.17419488299086822,0.8010623764143262,0.0,99993,merged_H3_Vx_year_VIRGO_tsne_shepard_results/pdf/tsne_shepard _p50_e300_pca40_euclidean.pdf,OK,
50,300,40,manhattan,0.17419488299086822,0.7867432085446608,0.0,99993,merged_H3_Vx_year_VIRGO_tsne_shepard_results/pdf/tsne_shepard _p50_e300_pca40_manhattan.pdf,OK,
50,300,40,cosine,0.17419488299086822,0.7161777629712011,0.0,99993,merged_H3_Vx_year_VIRGO_tsne_shepard_results/pdf/tsne_shepard _p50_e300_pca40_cosine.pdf,OK,
50,300,40,euclidean,0.34871142972845076,0.4826687421918733,0.0,99993,merged_H3_Vx_year_VIRGO_tsne_shepard_results/pdf/tsne_shepard _p50_e300_pca40_euclidean.pdf,OK,
50,300,40,manhattan,0.34871142972845076,0.42044164775931775,0.0,99993,merged_H3_Vx_year_VIRGO_tsne_shepard_results/pdf/tsne_shepard _p50_e300_pca40_manhattan.pdf,OK,
50,300,40,cosine,0.34871142972845076,0.6595118503153755,0.0,99993,merged_H3_Vx_year_VIRGO_tsne_shepard_results/pdf/tsne_shepard _p50_e300_pca40_cosine.pdf,OK,
50,300,40,euclidean,0.4390228838067593,0.3338264713111535,0.0,99993,merged_H3_Vx_year_VIRGO_tsne_shepard_results/pdf/tsne_shepard _p50_e300_pca40_euclidean.pdf,OK,
50,300,40,manhattan,0.4390228838067593,0.3315308640113002,0.0,99993,merged_H3_Vx_year_VIRGO_tsne_shepard_results/pdf/tsne_shepard _p50_e300_pca40_manhattan.pdf,OK,
50,300,40,cosine,0.4390228838067593,0.4552468368918395,0.0,99993,merged_H3_Vx_year_VIRGO_tsne_shepard_results/pdf/tsne_shepard _p50_e300_pca40_cosine.pdf,OK,
50,300,40,euclidean,0.5376689551555229,0.33021625238192354,0.0,99993,merged_H3_Vx_year_VIRGO_tsne_shepard_results/pdf/tsne_shepard _p50_e300_pca40_euclidean.pdf,OK,
50,300,40,manhattan,0.5376689551555229,0.3018406181599533,0.0,99993,merged_H3_Vx_year_VIRGO_tsne_shepard_results/pdf/tsne_shepard _p50_e300_pca40_manhattan.pdf,OK,
50,300,40,cosine,0.5376689551555229,0.5137759475371575,0.0,99993,merged_H3_Vx_year_VIRGO_tsne_shepard_results/pdf/tsne_shepard _p50_e300_pca40_cosine.pdf,OK,
50,1000,40,euclidean,0.17419488299086822,0.32148688786848634,0.0,99993,merged_H3_Vx_year_VIRGO_tsne_shepard_results/pdf/tsne_shepard _p50_e1000_pca40_euclidean.pdf,OK,
50,1000,40,manhattan,0.17419488299086822,0.3166284553488072,0.0,99993,merged_H3_Vx_year_VIRGO_tsne_shepard_results/pdf/tsne_shepard _p50_e1000_pca40_manhattan.pdf,OK,
50,1000,40,cosine,0.17419488299086822,0.22911617847324806,0.0,99993,merged_H3_Vx_year_VIRGO_tsne_shepard_results/pdf/tsne_shepard _p50_e1000_pca40_cosine.pdf,OK,
50,1000,40,euclidean,0.34871142972845076,0.44782948174344445,0.0,99993,merged_H3_Vx_year_VIRGO_tsne_shepard_results/pdf/tsne_shepard _p50_e1000_pca40_euclidean.pdf,OK,
50,1000,40,manhattan,0.34871142972845076,0.5134080762069001,0.0,99993,merged_H3_Vx_year_VIRGO_tsne_shepard_results/pdf/tsne_shepard _p50_e1000_pca40_manhattan.pdf,OK,
50,1000,40,cosine,0.34871142972845076,0.4252550657976472,0.0,99993,merged_H3_Vx_year_VIRGO_tsne_shepard_results/pdf/tsne_shepard _p50_e1000_pca40_cosine.pdf,OK,
50,1000,40,euclidean,0.4390228838067593,0.18268396758514888,0.0,99993,merged_H3_Vx_year_VIRGO_tsne_shepard_results/pdf/tsne_shepard _p50_e1000_pca40_euclidean.pdf,OK,
50,1000,40,manhattan,0.4390228838067593,0.29152651286392406,0.0,99993,merged_H3_Vx_year_VIRGO_tsne_shepard_results/pdf/tsne_shepard _p50_e1000_pca40_manhattan.pdf,OK,
50,1000,40,cosine,0.4390228838067593,0.42711169400100524,0.0,99993,merged_H3_Vx_year_VIRGO_tsne_shepard_results/pdf/tsne_shepard _p50_e1000_pca40_cosine.pdf,OK,
50,1000,40,euclidean,0.5376689551555229,0.27049834896105707,0.0,99993,merged_H3_Vx_year_VIRGO_tsne_shepard_results/pdf/tsne_shepard _p50_e1000_pca40_euclidean.pdf,OK,
50,1000,40,manhattan,0.5376689551555229,0.3462261705319217,0.0,99993,merged_H3_Vx_year_VIRGO_tsne_shepard_results/pdf/tsne_shepard _p50_e1000_pca40_manhattan.pdf,OK,
50,1000,40,cosine,0.5376689551555229,0.2622927166832804,0.0,99993,merged_H3_Vx_year_VIRGO_tsne_shepard_results/pdf/tsne_shepard _p50_e1000_pca40_cosine.pdf,OK,
60,10,40,euclidean,0.17419488299086822,0.7978064673021518,0.0,99993,merged_H3_Vx_year_VIRGO_tsne_shepard_results/pdf/tsne_shepard _p60_e10_pca40_euclidean.pdf,OK,
60,10,40,manhattan,0.17419488299086822,0.7763236994995956,0.0,99993,merged_H3_Vx_year_VIRGO_tsne_shepard_results/pdf/tsne_shepard _p60_e10_pca40_manhattan.pdf,OK,
60,10,40,cosine,0.17419488299086822,0.735931071054019,0.0,99993,merged_H3_Vx_year_VIRGO_tsne_shepard_results/pdf/tsne_shepard _p60_e10_pca40_cosine.pdf,OK,
60,10,40,euclidean,0.34871142972845076,0.4595860853045993,0.0,99993,merged_H3_Vx_year_VIRGO_tsne_shepard_results/pdf/tsne_shepard _p60_e10_pca40_euclidean.pdf,OK,
60,10,40,manhattan,0.34871142972845076,0.4365593182467383,0.0,99993,merged_H3_Vx_year_VIRGO_tsne_shepard_results/pdf/tsne_shepard _p60_e10_pca40_manhattan.pdf,OK,
60,10,40,cosine,0.34871142972845076,0.7215426811819702,0.0,99993,merged_H3_Vx_year_VIRGO_tsne_shepard_results/pdf/tsne_shepard _p60_e10_pca40_cosine.pdf,OK,
60,10,40,euclidean,0.4390228838067593,0.3659476375733642,0.0,99993,merged_H3_Vx_year_VIRGO_tsne_shepard_results/pdf/tsne_shepard _p60_e10_pca40_euclidean.pdf,OK,
60,10,40,manhattan,0.4390228838067593,0.30028036984903955,0.0,99993,merged_H3_Vx_year_VIRGO_tsne_shepard_results/pdf/tsne_shepard _p60_e10_pca40_manhattan.pdf,OK,
60,10,40,cosine,0.4390228838067593,0.6950907319311058,0.0,99993,merged_H3_Vx_year_VIRGO_tsne_shepard_results/pdf/tsne_shepard _p60_e10_pca40_cosine.pdf,OK,
60,10,40,euclidean,0.5376689551555229,0.3354948220702015,0.0,99993,merged_H3_Vx_year_VIRGO_tsne_shepard_results/pdf/tsne_shepard _p60_e10_pca40_euclidean.pdf,OK,
60,10,40,manhattan,0.5376689551555229,0.2625921736485046,0.0,99993,merged_H3_Vx_year_VIRGO_tsne_shepard_results/pdf/tsne_shepard _p60_e10_pca40_manhattan.pdf,OK,
60,10,40,cosine,0.5376689551555229,0.6764251446925251,0.0,99993,merged_H3_Vx_year_VIRGO_tsne_shepard_results/pdf/tsne_shepard _p60_e10_pca40_cosine.pdf,OK,
60,12,40,euclidean,0.17419488299086822,0.7937094737774721,0.0,99993,merged_H3_Vx_year_VIRGO_tsne_shepard_results/pdf/tsne_shepard _p60_e12_pca40_euclidean.pdf,OK,
60,12,40,manhattan,0.17419488299086822,0.77120255449613,0.0,99993,merged_H3_Vx_year_VIRGO_tsne_shepard_results/pdf/tsne_shepard _p60_e12_pca40_manhattan.pdf,OK,
60,12,40,cosine,0.17419488299086822,0.7504277030414185,0.0,99993,merged_H3_Vx_year_VIRGO_tsne_shepard_results/pdf/tsne_shepard _p60_e12_pca40_cosine.pdf,OK,
60,12,40,euclidean,0.34871142972845076,0.46039790228516436,0.0,99993,merged_H3_Vx_year_VIRGO_tsne_shepard_results/pdf/tsne_shepard _p60_e12_pca40_euclidean.pdf,OK,
60,12,40,manhattan,0.34871142972845076,0.43517614249594516,0.0,99993,merged_H3_Vx_year_VIRGO_tsne_shepard_results/pdf/tsne_shepard _p60_e12_pca40_manhattan.pdf,OK,
60,12,40,cosine,0.34871142972845076,0.7208750869233195,0.0,99993,merged_H3_Vx_year_VIRGO_tsne_shepard_results/pdf/tsne_shepard _p60_e12_pca40_cosine.pdf,OK,
60,12,40,euclidean,0.4390228838067593,0.37799310787845297,0.0,99993,merged_H3_Vx_year_VIRGO_tsne_shepard_results/pdf/tsne_shepard _p60_e12_pca40_euclidean.pdf,OK,
60,12,40,manhattan,0.4390228838067593,0.3012661284434785,0.0,99993,merged_H3_Vx_year_VIRGO_tsne_shepard_results/pdf/tsne_shepard _p60_e12_pca40_manhattan.pdf,OK,
60,12,40,cosine,0.4390228838067593,0.693960541855229,0.0,99993,merged_H3_Vx_year_VIRGO_tsne_shepard_results/pdf/tsne_shepard _p60_e12_pca40_cosine.pdf,OK,
60,12,40,euclidean,0.5376689551555229,0.33448517542503725,0.0,99993,merged_H3_Vx_year_VIRGO_tsne_shepard_results/pdf/tsne_shepard _p60_e12_pca40_euclidean.pdf,OK,
60,12,40,manhattan,0.5376689551555229,0.2601008126770989,0.0,99993,merged_H3_Vx_year_VIRGO_tsne_shepard_results/pdf/tsne_shepard _p60_e12_pca40_manhattan.pdf,OK,
60,12,40,cosine,0.5376689551555229,0.6761815807325686,0.0,99993,merged_H3_Vx_year_VIRGO_tsne_shepard_results/pdf/tsne_shepard _p60_e12_pca40_cosine.pdf,OK,
60,14,40,euclidean,0.17419488299086822,0.7907842946632428,0.0,99993,merged_H3_Vx_year_VIRGO_tsne_shepard_results/pdf/tsne_shepard _p60_e14_pca40_euclidean.pdf,OK,
60,14,40,manhattan,0.17419488299086822,0.7743238181013131,0.0,99993,merged_H3_Vx_year_VIRGO_tsne_shepard_results/pdf/tsne_shepard _p60_e14_pca40_manhattan.pdf,OK,
60,14,40,cosine,0.17419488299086822,0.733971137329148,0.0,99993,merged_H3_Vx_year_VIRGO_tsne_shepard_results/pdf/tsne_shepard _p60_e14_pca40_cosine.pdf,OK,
60,14,40,euclidean,0.34871142972845076,0.4594944166130414,0.0,99993,merged_H3_Vx_year_VIRGO_tsne_shepard_results/pdf/tsne_shepard _p60_e14_pca40_euclidean.pdf,OK,
60,14,40,manhattan,0.34871142972845076,0.43565345971384295,0.0,99993,merged_H3_Vx_year_VIRGO_tsne_shepard_results/pdf/tsne_shepard _p60_e14_pca40_manhattan.pdf,OK,
60,14,40,cosine,0.34871142972845076,0.7209025088875446,0.0,99993,merged_H3_Vx_year_VIRGO_tsne_shepard_results/pdf/tsne_shepard _p60_e14_pca40_cosine.pdf,OK,
60,14,40,euclidean,0.4390228838067593,0.3783324915811169,0.0,99993,merged_H3_Vx_year_VIRGO_tsne_shepard_results/pdf/tsne_shepard _p60_e14_pca40_euclidean.pdf,OK,
60,14,40,manhattan,0.4390228838067593,0.2959609513337711,0.0,99993,merged_H3_Vx_year_VIRGO_tsne_shepard_results/pdf/tsne_shepard _p60_e14_pca40_manhattan.pdf,OK,
60,14,40,cosine,0.4390228838067593,0.6941209652697147,0.0,99993,merged_H3_Vx_year_VIRGO_tsne_shepard_results/pdf/tsne_shepard _p60_e14_pca40_cosine.pdf,OK,
60,14,40,euclidean,0.5376689551555229,0.33495864432105643,0.0,99993,merged_H3_Vx_year_VIRGO_tsne_shepard_results/pdf/tsne_shepard _p60_e14_pca40_euclidean.pdf,OK,
60,14,40,manhattan,0.5376689551555229,0.2612598254916795,0.0,99993,merged_H3_Vx_year_VIRGO_tsne_shepard_results/pdf/tsne_shepard _p60_e14_pca40_manhattan.pdf,OK,
60,14,40,cosine,0.5376689551555229,0.6743588109105197,0.0,99993,merged_H3_Vx_year_VIRGO_tsne_shepard_results/pdf/tsne_shepard _p60_e14_pca40_cosine.pdf,OK,
60,20,40,euclidean,0.17419488299086822,0.7869471907409659,0.0,99993,merged_H3_Vx_year_VIRGO_tsne_shepard_results/pdf/tsne_shepard _p60_e20_pca40_euclidean.pdf,OK,
60,20,40,manhattan,0.17419488299086822,0.7717392591611056,0.0,99993,merged_H3_Vx_year_VIRGO_tsne_shepard_results/pdf/tsne_shepard _p60_e20_pca40_manhattan.pdf,OK,
60,20,40,cosine,0.17419488299086822,0.7353972436578826,0.0,99993,merged_H3_Vx_year_VIRGO_tsne_shepard_results/pdf/tsne_shepard _p60_e20_pca40_cosine.pdf,OK,
60,20,40,euclidean,0.34871142972845076,0.46431987461749746,0.0,99993,merged_H3_Vx_year_VIRGO_tsne_shepard_results/pdf/tsne_shepard _p60_e20_pca40_euclidean.pdf,OK,
60,20,40,manhattan,0.34871142972845076,0.4434944741278868,0.0,99993,merged_H3_Vx_year_VIRGO_tsne_shepard_results/pdf/tsne_shepard _p60_e20_pca40_manhattan.pdf,OK,
60,20,40,cosine,0.34871142972845076,0.7195517811540247,0.0,99993,merged_H3_Vx_year_VIRGO_tsne_shepard_results/pdf/tsne_shepard _p60_e20_pca40_cosine.pdf,OK,
60,20,40,euclidean,0.4390228838067593,0.379028678577868,0.0,99993,merged_H3_Vx_year_VIRGO_tsne_shepard_results/pdf/tsne_shepard _p60_e20_pca40_euclidean.pdf,OK,
60,20,40,manhattan,0.4390228838067593,0.2977907650930655,0.0,99993,merged_H3_Vx_year_VIRGO_tsne_shepard_results/pdf/tsne_shepard _p60_e20_pca40_manhattan.pdf,OK,
60,20,40,cosine,0.4390228838067593,0.693831409166003,0.0,99993,merged_H3_Vx_year_VIRGO_tsne_shepard_results/pdf/tsne_shepard _p60_e20_pca40_cosine.pdf,OK,
60,20,40,euclidean,0.5376689551555229,0.3331812072249834,0.0,99993,merged_H3_Vx_year_VIRGO_tsne_shepard_results/pdf/tsne_shepard _p60_e20_pca40_euclidean.pdf,OK,
60,20,40,manhattan,0.5376689551555229,0.26470690578450035,0.0,99993,merged_H3_Vx_year_VIRGO_tsne_shepard_results/pdf/tsne_shepard _p60_e20_pca40_manhattan.pdf,OK,
60,20,40,cosine,0.5376689551555229,0.6755255120099984,0.0,99993,merged_H3_Vx_year_VIRGO_tsne_shepard_results/pdf/tsne_shepard _p60_e20_pca40_cosine.pdf,OK,
60,100,40,euclidean,0.17419488299086822,0.7979784549497425,0.0,99993,merged_H3_Vx_year_VIRGO_tsne_shepard_results/pdf/tsne_shepard _p60_e100_pca40_euclidean.pdf,OK,
60,100,40,manhattan,0.17419488299086822,0.7829791164157632,0.0,99993,merged_H3_Vx_year_VIRGO_tsne_shepard_results/pdf/tsne_shepard _p60_e100_pca40_manhattan.pdf,OK,
60,100,40,cosine,0.17419488299086822,0.7158656272950177,0.0,99993,merged_H3_Vx_year_VIRGO_tsne_shepard_results/pdf/tsne_shepard _p60_e100_pca40_cosine.pdf,OK,
60,100,40,euclidean,0.34871142972845076,0.6013003861410705,0.0,99993,merged_H3_Vx_year_VIRGO_tsne_shepard_results/pdf/tsne_shepard _p60_e100_pca40_euclidean.pdf,OK,
60,100,40,manhattan,0.34871142972845076,0.5275360064645441,0.0,99993,merged_H3_Vx_year_VIRGO_tsne_shepard_results/pdf/tsne_shepard _p60_e100_pca40_manhattan.pdf,OK,
60,100,40,cosine,0.34871142972845076,0.7527776128073274,0.0,99993,merged_H3_Vx_year_VIRGO_tsne_shepard_results/pdf/tsne_shepard _p60_e100_pca40_cosine.pdf,OK,
60,100,40,euclidean,0.4390228838067593,0.4200534258854886,0.0,99993,merged_H3_Vx_year_VIRGO_tsne_shepard_results/pdf/tsne_shepard _p60_e100_pca40_euclidean.pdf,OK,
60,100,40,manhattan,0.4390228838067593,0.39104934962337917,0.0,99993,merged_H3_Vx_year_VIRGO_tsne_shepard_results/pdf/tsne_shepard _p60_e100_pca40_manhattan.pdf,OK,
60,100,40,cosine,0.4390228838067593,0.7189719171138326,0.0,99993,merged_H3_Vx_year_VIRGO_tsne_shepard_results/pdf/tsne_shepard _p60_e100_pca40_cosine.pdf,OK,
60,100,40,euclidean,0.5376689551555229,0.42232529871586133,0.0,99993,merged_H3_Vx_year_VIRGO_tsne_shepard_results/pdf/tsne_shepard _p60_e100_pca40_euclidean.pdf,OK,
60,100,40,manhattan,0.5376689551555229,0.33882127094294867,0.0,99993,merged_H3_Vx_year_VIRGO_tsne_shepard_results/pdf/tsne_shepard _p60_e100_pca40_manhattan.pdf,OK,
60,100,40,cosine,0.5376689551555229,0.6879714394700861,0.0,99993,merged_H3_Vx_year_VIRGO_tsne_shepard_results/pdf/tsne_shepard _p60_e100_pca40_cosine.pdf,OK,
60,300,40,euclidean,0.17419488299086822,0.8062679062257515,0.0,99993,merged_H3_Vx_year_VIRGO_tsne_shepard_results/pdf/tsne_shepard _p60_e300_pca40_euclidean.pdf,OK,
60,300,40,manhattan,0.17419488299086822,0.7919666402360072,0.0,99993,merged_H3_Vx_year_VIRGO_tsne_shepard_results/pdf/tsne_shepard _p60_e300_pca40_manhattan.pdf,OK,
60,300,40,cosine,0.17419488299086822,0.7316122260540603,0.0,99993,merged_H3_Vx_year_VIRGO_tsne_shepard_results/pdf/tsne_shepard _p60_e300_pca40_cosine.pdf,OK,
60,300,40,euclidean,0.34871142972845076,0.4923615698680493,0.0,99993,merged_H3_Vx_year_VIRGO_tsne_shepard_results/pdf/tsne_shepard _p60_e300_pca40_euclidean.pdf,OK,
60,300,40,manhattan,0.34871142972845076,0.40674762857127184,0.0,99993,merged_H3_Vx_year_VIRGO_tsne_shepard_results/pdf/tsne_shepard _p60_e300_pca40_manhattan.pdf,OK,
60,300,40,cosine,0.34871142972845076,0.5395395455558105,0.0,99993,merged_H3_Vx_year_VIRGO_tsne_shepard_results/pdf/tsne_shepard _p60_e300_pca40_cosine.pdf,OK,
60,300,40,euclidean,0.4390228838067593,0.40366549557897846,0.0,99993,merged_H3_Vx_year_VIRGO_tsne_shepard_results/pdf/tsne_shepard _p60_e300_pca40_euclidean.pdf,OK,
60,300,40,manhattan,0.4390228838067593,0.2875642496839996,0.0,99993,merged_H3_Vx_year_VIRGO_tsne_shepard_results/pdf/tsne_shepard _p60_e300_pca40_manhattan.pdf,OK,
60,300,40,cosine,0.4390228838067593,0.560102834447602,0.0,99993,merged_H3_Vx_year_VIRGO_tsne_shepard_results/pdf/tsne_shepard _p60_e300_pca40_cosine.pdf,OK,
60,300,40,euclidean,0.5376689551555229,0.23683186315762125,0.0,99993,merged_H3_Vx_year_VIRGO_tsne_shepard_results/pdf/tsne_shepard _p60_e300_pca40_euclidean.pdf,OK,
60,300,40,manhattan,0.5376689551555229,0.2906712091000101,0.0,99993,merged_H3_Vx_year_VIRGO_tsne_shepard_results/pdf/tsne_shepard _p60_e300_pca40_manhattan.pdf,OK,
60,300,40,cosine,0.5376689551555229,0.5179866075815542,0.0,99993,merged_H3_Vx_year_VIRGO_tsne_shepard_results/pdf/tsne_shepard _p60_e300_pca40_cosine.pdf,OK,
60,1000,40,euclidean,0.17419488299086822,0.3018344946332568,0.0,99993,merged_H3_Vx_year_VIRGO_tsne_shepard_results/pdf/tsne_shepard _p60_e1000_pca40_euclidean.pdf,OK,
60,1000,40,manhattan,0.17419488299086822,0.447770090271011,0.0,99993,merged_H3_Vx_year_VIRGO_tsne_shepard_results/pdf/tsne_shepard _p60_e1000_pca40_manhattan.pdf,OK,
60,1000,40,cosine,0.17419488299086822,0.5898167116671886,0.0,99993,merged_H3_Vx_year_VIRGO_tsne_shepard_results/pdf/tsne_shepard _p60_e1000_pca40_cosine.pdf,OK,
60,1000,40,euclidean,0.34871142972845076,0.33779613200173314,0.0,99993,merged_H3_Vx_year_VIRGO_tsne_shepard_results/pdf/tsne_shepard _p60_e1000_pca40_euclidean.pdf,OK,
60,1000,40,manhattan,0.34871142972845076,0.32730539427482536,0.0,99993,merged_H3_Vx_year_VIRGO_tsne_shepard_results/pdf/tsne_shepard _p60_e1000_pca40_manhattan.pdf,OK,
60,1000,40,cosine,0.34871142972845076,0.2675659768533732,0.0,99993,merged_H3_Vx_year_VIRGO_tsne_shepard_results/pdf/tsne_shepard _p60_e1000_pca40_cosine.pdf,OK,
60,1000,40,euclidean,0.4390228838067593,0.25311355769769806,0.0,99993,merged_H3_Vx_year_VIRGO_tsne_shepard_results/pdf/tsne_shepard _p60_e1000_pca40_euclidean.pdf,OK,
60,1000,40,manhattan,0.4390228838067593,0.3498605823092723,0.0,99993,merged_H3_Vx_year_VIRGO_tsne_shepard_results/pdf/tsne_shepard _p60_e1000_pca40_manhattan.pdf,OK,
60,1000,40,cosine,0.4390228838067593,0.5060340180184986,0.0,99993,merged_H3_Vx_year_VIRGO_tsne_shepard_results/pdf/tsne_shepard _p60_e1000_pca40_cosine.pdf,OK,
60,1000,40,euclidean,0.5376689551555229,0.19037625968125668,0.0,99993,merged_H3_Vx_year_VIRGO_tsne_shepard_results/pdf/tsne_shepard _p60_e1000_pca40_euclidean.pdf,OK,
60,1000,40,manhattan,0.5376689551555229,0.24561293412484864,0.0,99993,merged_H3_Vx_year_VIRGO_tsne_shepard_results/pdf/tsne_shepard _p60_e1000_pca40_manhattan.pdf,OK,
60,1000,40,cosine,0.5376689551555229,0.23501871564246862,0.0,99993,merged_H3_Vx_year_VIRGO_tsne_shepard_results/pdf/tsne_shepard _p60_e1000_pca40_cosine.pdf,OK,
70,10,40,euclidean,0.17419488299086822,0.7970339997785255,0.0,99993,merged_H3_Vx_year_VIRGO_tsne_shepard_results/pdf/tsne_shepard _p70_e10_pca40_euclidean.pdf,OK,
70,10,40,manhattan,0.17419488299086822,0.7821255500294743,0.0,99993,merged_H3_Vx_year_VIRGO_tsne_shepard_results/pdf/tsne_shepard _p70_e10_pca40_manhattan.pdf,OK,
70,10,40,cosine,0.17419488299086822,0.7458264844811308,0.0,99993,merged_H3_Vx_year_VIRGO_tsne_shepard_results/pdf/tsne_shepard _p70_e10_pca40_cosine.pdf,OK,
70,10,40,euclidean,0.34871142972845076,0.4645861659709032,0.0,99993,merged_H3_Vx_year_VIRGO_tsne_shepard_results/pdf/tsne_shepard _p70_e10_pca40_euclidean.pdf,OK,
70,10,40,manhattan,0.34871142972845076,0.41703377373711675,0.0,99993,merged_H3_Vx_year_VIRGO_tsne_shepard_results/pdf/tsne_shepard _p70_e10_pca40_manhattan.pdf,OK,
70,10,40,cosine,0.34871142972845076,0.7228626765931065,0.0,99993,merged_H3_Vx_year_VIRGO_tsne_shepard_results/pdf/tsne_shepard _p70_e10_pca40_cosine.pdf,OK,
70,10,40,euclidean,0.4390228838067593,0.37333436224639227,0.0,99993,merged_H3_Vx_year_VIRGO_tsne_shepard_results/pdf/tsne_shepard _p70_e10_pca40_euclidean.pdf,OK,
70,10,40,manhattan,0.4390228838067593,0.30332690231554416,0.0,99993,merged_H3_Vx_year_VIRGO_tsne_shepard_results/pdf/tsne_shepard _p70_e10_pca40_manhattan.pdf,OK,
70,10,40,cosine,0.4390228838067593,0.6972138844427992,0.0,99993,merged_H3_Vx_year_VIRGO_tsne_shepard_results/pdf/tsne_shepard _p70_e10_pca40_cosine.pdf,OK,
70,10,40,euclidean,0.5376689551555229,0.33936714471845103,0.0,99993,merged_H3_Vx_year_VIRGO_tsne_shepard_results/pdf/tsne_shepard _p70_e10_pca40_euclidean.pdf,OK,
70,10,40,manhattan,0.5376689551555229,0.26344032356008185,0.0,99993,merged_H3_Vx_year_VIRGO_tsne_shepard_results/pdf/tsne_shepard _p70_e10_pca40_manhattan.pdf,OK,
70,10,40,cosine,0.5376689551555229,0.6801355438844113,0.0,99993,merged_H3_Vx_year_VIRGO_tsne_shepard_results/pdf/tsne_shepard _p70_e10_pca40_cosine.pdf,OK,
70,12,40,euclidean,0.17419488299086822,0.795601909016756,0.0,99993,merged_H3_Vx_year_VIRGO_tsne_shepard_results/pdf/tsne_shepard _p70_e12_pca40_euclidean.pdf,OK,
70,12,40,manhattan,0.17419488299086822,0.7815429107289853,0.0,99993,merged_H3_Vx_year_VIRGO_tsne_shepard_results/pdf/tsne_shepard _p70_e12_pca40_manhattan.pdf,OK,
70,12,40,cosine,0.17419488299086822,0.7486591426424246,0.0,99993,merged_H3_Vx_year_VIRGO_tsne_shepard_results/pdf/tsne_shepard _p70_e12_pca40_cosine.pdf,OK,
70,12,40,euclidean,0.34871142972845076,0.46453411984464704,0.0,99993,merged_H3_Vx_year_VIRGO_tsne_shepard_results/pdf/tsne_shepard _p70_e12_pca40_euclidean.pdf,OK,
70,12,40,manhattan,0.34871142972845076,0.4167631540168451,0.0,99993,merged_H3_Vx_year_VIRGO_tsne_shepard_results/pdf/tsne_shepard _p70_e12_pca40_manhattan.pdf,OK,
70,12,40,cosine,0.34871142972845076,0.7214578641015289,0.0,99993,merged_H3_Vx_year_VIRGO_tsne_shepard_results/pdf/tsne_shepard _p70_e12_pca40_cosine.pdf,OK,
70,12,40,euclidean,0.4390228838067593,0.37057973252701315,0.0,99993,merged_H3_Vx_year_VIRGO_tsne_shepard_results/pdf/tsne_shepard _p70_e12_pca40_euclidean.pdf,OK,
70,12,40,manhattan,0.4390228838067593,0.30056529306165025,0.0,99993,merged_H3_Vx_year_VIRGO_tsne_shepard_results/pdf/tsne_shepard _p70_e12_pca40_manhattan.pdf,OK,
70,12,40,cosine,0.4390228838067593,0.6966155899373399,0.0,99993,merged_H3_Vx_year_VIRGO_tsne_shepard_results/pdf/tsne_shepard _p70_e12_pca40_cosine.pdf,OK,
70,12,40,euclidean,0.5376689551555229,0.337512526818392,0.0,99993,merged_H3_Vx_year_VIRGO_tsne_shepard_results/pdf/tsne_shepard _p70_e12_pca40_euclidean.pdf,OK,
70,12,40,manhattan,0.5376689551555229,0.2641418667095639,0.0,99993,merged_H3_Vx_year_VIRGO_tsne_shepard_results/pdf/tsne_shepard _p70_e12_pca40_manhattan.pdf,OK,
70,12,40,cosine,0.5376689551555229,0.6786575442089907,0.0,99993,merged_H3_Vx_year_VIRGO_tsne_shepard_results/pdf/tsne_shepard _p70_e12_pca40_cosine.pdf,OK,
70,14,40,euclidean,0.17419488299086822,0.7922714994127078,0.0,99993,merged_H3_Vx_year_VIRGO_tsne_shepard_results/pdf/tsne_shepard _p70_e14_pca40_euclidean.pdf,OK,
70,14,40,manhattan,0.17419488299086822,0.7783722100652329,0.0,99993,merged_H3_Vx_year_VIRGO_tsne_shepard_results/pdf/tsne_shepard _p70_e14_pca40_manhattan.pdf,OK,
70,14,40,cosine,0.17419488299086822,0.7371836228233742,0.0,99993,merged_H3_Vx_year_VIRGO_tsne_shepard_results/pdf/tsne_shepard _p70_e14_pca40_cosine.pdf,OK,
70,14,40,euclidean,0.34871142972845076,0.4651722636701028,0.0,99993,merged_H3_Vx_year_VIRGO_tsne_shepard_results/pdf/tsne_shepard _p70_e14_pca40_euclidean.pdf,OK,
70,14,40,manhattan,0.34871142972845076,0.4366599817499343,0.0,99993,merged_H3_Vx_year_VIRGO_tsne_shepard_results/pdf/tsne_shepard _p70_e14_pca40_manhattan.pdf,OK,
70,14,40,cosine,0.34871142972845076,0.721979870337378,0.0,99993,merged_H3_Vx_year_VIRGO_tsne_shepard_results/pdf/tsne_shepard _p70_e14_pca40_cosine.pdf,OK,
70,14,40,euclidean,0.4390228838067593,0.380660812712149,0.0,99993,merged_H3_Vx_year_VIRGO_tsne_shepard_results/pdf/tsne_shepard _p70_e14_pca40_euclidean.pdf,OK,
70,14,40,manhattan,0.4390228838067593,0.3009004407051584,0.0,99993,merged_H3_Vx_year_VIRGO_tsne_shepard_results/pdf/tsne_shepard _p70_e14_pca40_manhattan.pdf,OK,
70,14,40,cosine,0.4390228838067593,0.695992937592898,0.0,99993,merged_H3_Vx_year_VIRGO_tsne_shepard_results/pdf/tsne_shepard _p70_e14_pca40_cosine.pdf,OK,
70,14,40,euclidean,0.5376689551555229,0.33846807906877746,0.0,99993,merged_H3_Vx_year_VIRGO_tsne_shepard_results/pdf/tsne_shepard _p70_e14_pca40_euclidean.pdf,OK,
70,14,40,manhattan,0.5376689551555229,0.263548640596119,0.0,99993,merged_H3_Vx_year_VIRGO_tsne_shepard_results/pdf/tsne_shepard _p70_e14_pca40_manhattan.pdf,OK,
70,14,40,cosine,0.5376689551555229,0.6784383874001427,0.0,99993,merged_H3_Vx_year_VIRGO_tsne_shepard_results/pdf/tsne_shepard _p70_e14_pca40_cosine.pdf,OK,
70,20,40,euclidean,0.17419488299086822,0.787206549698431,0.0,99993,merged_H3_Vx_year_VIRGO_tsne_shepard_results/pdf/tsne_shepard _p70_e20_pca40_euclidean.pdf,OK,
70,20,40,manhattan,0.17419488299086822,0.7723311764911314,0.0,99993,merged_H3_Vx_year_VIRGO_tsne_shepard_results/pdf/tsne_shepard _p70_e20_pca40_manhattan.pdf,OK,
70,20,40,cosine,0.17419488299086822,0.7292669131000321,0.0,99993,merged_H3_Vx_year_VIRGO_tsne_shepard_results/pdf/tsne_shepard _p70_e20_pca40_cosine.pdf,OK,
70,20,40,euclidean,0.34871142972845076,0.46946928530498094,0.0,99993,merged_H3_Vx_year_VIRGO_tsne_shepard_results/pdf/tsne_shepard _p70_e20_pca40_euclidean.pdf,OK,
70,20,40,manhattan,0.34871142972845076,0.4381826396812033,0.0,99993,merged_H3_Vx_year_VIRGO_tsne_shepard_results/pdf/tsne_shepard _p70_e20_pca40_manhattan.pdf,OK,
70,20,40,cosine,0.34871142972845076,0.7212597649784899,0.0,99993,merged_H3_Vx_year_VIRGO_tsne_shepard_results/pdf/tsne_shepard _p70_e20_pca40_cosine.pdf,OK,
70,20,40,euclidean,0.4390228838067593,0.3805583260689044,0.0,99993,merged_H3_Vx_year_VIRGO_tsne_shepard_results/pdf/tsne_shepard _p70_e20_pca40_euclidean.pdf,OK,
70,20,40,manhattan,0.4390228838067593,0.29989683357379143,0.0,99993,merged_H3_Vx_year_VIRGO_tsne_shepard_results/pdf/tsne_shepard _p70_e20_pca40_manhattan.pdf,OK,
70,20,40,cosine,0.4390228838067593,0.6942458456980675,0.0,99993,merged_H3_Vx_year_VIRGO_tsne_shepard_results/pdf/tsne_shepard _p70_e20_pca40_cosine.pdf,OK,
70,20,40,euclidean,0.5376689551555229,0.3346141951437927,0.0,99993,merged_H3_Vx_year_VIRGO_tsne_shepard_results/pdf/tsne_shepard _p70_e20_pca40_euclidean.pdf,OK,
70,20,40,manhattan,0.5376689551555229,0.27949393462600286,0.0,99993,merged_H3_Vx_year_VIRGO_tsne_shepard_results/pdf/tsne_shepard _p70_e20_pca40_manhattan.pdf,OK,
70,20,40,cosine,0.5376689551555229,0.679672395918707,0.0,99993,merged_H3_Vx_year_VIRGO_tsne_shepard_results/pdf/tsne_shepard _p70_e20_pca40_cosine.pdf,OK,
70,100,40,euclidean,0.17419488299086822,0.8040132316790849,0.0,99993,merged_H3_Vx_year_VIRGO_tsne_shepard_results/pdf/tsne_shepard _p70_e100_pca40_euclidean.pdf,OK,
70,100,40,manhattan,0.17419488299086822,0.7890018089457227,0.0,99993,merged_H3_Vx_year_VIRGO_tsne_shepard_results/pdf/tsne_shepard _p70_e100_pca40_manhattan.pdf,OK,
70,100,40,cosine,0.17419488299086822,0.7168606888266748,0.0,99993,merged_H3_Vx_year_VIRGO_tsne_shepard_results/pdf/tsne_shepard _p70_e100_pca40_cosine.pdf,OK,
70,100,40,euclidean,0.34871142972845076,0.5845217095245535,0.0,99993,merged_H3_Vx_year_VIRGO_tsne_shepard_results/pdf/tsne_shepard _p70_e100_pca40_euclidean.pdf,OK,
70,100,40,manhattan,0.34871142972845076,0.529951928345648,0.0,99993,merged_H3_Vx_year_VIRGO_tsne_shepard_results/pdf/tsne_shepard _p70_e100_pca40_manhattan.pdf,OK,
70,100,40,cosine,0.34871142972845076,0.7566971763801343,0.0,99993,merged_H3_Vx_year_VIRGO_tsne_shepard_results/pdf/tsne_shepard _p70_e100_pca40_cosine.pdf,OK,
70,100,40,euclidean,0.4390228838067593,0.4653649866805557,0.0,99993,merged_H3_Vx_year_VIRGO_tsne_shepard_results/pdf/tsne_shepard _p70_e100_pca40_euclidean.pdf,OK,
70,100,40,manhattan,0.4390228838067593,0.41109553620707034,0.0,99993,merged_H3_Vx_year_VIRGO_tsne_shepard_results/pdf/tsne_shepard _p70_e100_pca40_manhattan.pdf,OK,
70,100,40,cosine,0.4390228838067593,0.7189897282763263,0.0,99993,merged_H3_Vx_year_VIRGO_tsne_shepard_results/pdf/tsne_shepard _p70_e100_pca40_cosine.pdf,OK,
70,100,40,euclidean,0.5376689551555229,0.43824056354992225,0.0,99993,merged_H3_Vx_year_VIRGO_tsne_shepard_results/pdf/tsne_shepard _p70_e100_pca40_euclidean.pdf,OK,
70,100,40,manhattan,0.5376689551555229,0.35691442230000986,0.0,99993,merged_H3_Vx_year_VIRGO_tsne_shepard_results/pdf/tsne_shepard _p70_e100_pca40_manhattan.pdf,OK,
70,100,40,cosine,0.5376689551555229,0.6946460235472505,0.0,99993,merged_H3_Vx_year_VIRGO_tsne_shepard_results/pdf/tsne_shepard _p70_e100_pca40_cosine.pdf,OK,
70,300,40,euclidean,0.17419488299086822,0.8131331138738277,0.0,99993,merged_H3_Vx_year_VIRGO_tsne_shepard_results/pdf/tsne_shepard _p70_e300_pca40_euclidean.pdf,OK,
70,300,40,manhattan,0.17419488299086822,0.8018145382322044,0.0,99993,merged_H3_Vx_year_VIRGO_tsne_shepard_results/pdf/tsne_shepard _p70_e300_pca40_manhattan.pdf,OK,
70,300,40,cosine,0.17419488299086822,0.7385182865262944,0.0,99993,merged_H3_Vx_year_VIRGO_tsne_shepard_results/pdf/tsne_shepard _p70_e300_pca40_cosine.pdf,OK,
70,300,40,euclidean,0.34871142972845076,0.24523616244747992,0.0,99993,merged_H3_Vx_year_VIRGO_tsne_shepard_results/pdf/tsne_shepard _p70_e300_pca40_euclidean.pdf,OK,
70,300,40,manhattan,0.34871142972845076,0.44703407679199714,0.0,99993,merged_H3_Vx_year_VIRGO_tsne_shepard_results/pdf/tsne_shepard _p70_e300_pca40_manhattan.pdf,OK,
70,300,40,cosine,0.34871142972845076,0.49367202095609514,0.0,99993,merged_H3_Vx_year_VIRGO_tsne_shepard_results/pdf/tsne_shepard _p70_e300_pca40_cosine.pdf,OK,
70,300,40,euclidean,0.4390228838067593,0.4130379073384022,0.0,99993,merged_H3_Vx_year_VIRGO_tsne_shepard_results/pdf/tsne_shepard _p70_e300_pca40_euclidean.pdf,OK,
70,300,40,manhattan,0.4390228838067593,0.2585254924127227,0.0,99993,merged_H3_Vx_year_VIRGO_tsne_shepard_results/pdf/tsne_shepard _p70_e300_pca40_manhattan.pdf,OK,
70,300,40,cosine,0.4390228838067593,0.5922890574143698,0.0,99993,merged_H3_Vx_year_VIRGO_tsne_shepard_results/pdf/tsne_shepard _p70_e300_pca40_cosine.pdf,OK,
70,300,40,euclidean,0.5376689551555229,0.2950719681961752,0.0,99993,merged_H3_Vx_year_VIRGO_tsne_shepard_results/pdf/tsne_shepard _p70_e300_pca40_euclidean.pdf,OK,
70,300,40,manhattan,0.5376689551555229,0.33069963826108234,0.0,99993,merged_H3_Vx_year_VIRGO_tsne_shepard_results/pdf/tsne_shepard _p70_e300_pca40_manhattan.pdf,OK,
70,300,40,cosine,0.5376689551555229,0.4311513781824468,0.0,99993,merged_H3_Vx_year_VIRGO_tsne_shepard_results/pdf/tsne_shepard _p70_e300_pca40_cosine.pdf,OK,
70,1000,40,euclidean,0.17419488299086822,0.20120106565123327,0.0,99993,merged_H3_Vx_year_VIRGO_tsne_shepard_results/pdf/tsne_shepard _p70_e1000_pca40_euclidean.pdf,OK,
70,1000,40,manhattan,0.17419488299086822,0.2752231166357315,0.0,99993,merged_H3_Vx_year_VIRGO_tsne_shepard_results/pdf/tsne_shepard _p70_e1000_pca40_manhattan.pdf,OK,
70,1000,40,cosine,0.17419488299086822,0.5222249763325065,0.0,99993,merged_H3_Vx_year_VIRGO_tsne_shepard_results/pdf/tsne_shepard _p70_e1000_pca40_cosine.pdf,OK,
70,1000,40,euclidean,0.34871142972845076,0.4256765244393903,0.0,99993,merged_H3_Vx_year_VIRGO_tsne_shepard_results/pdf/tsne_shepard _p70_e1000_pca40_euclidean.pdf,OK,
70,1000,40,manhattan,0.34871142972845076,0.4198258833784242,0.0,99993,merged_H3_Vx_year_VIRGO_tsne_shepard_results/pdf/tsne_shepard _p70_e1000_pca40_manhattan.pdf,OK,
70,1000,40,cosine,0.34871142972845076,0.36654754878950063,0.0,99993,merged_H3_Vx_year_VIRGO_tsne_shepard_results/pdf/tsne_shepard _p70_e1000_pca40_cosine.pdf,OK,
70,1000,40,euclidean,0.4390228838067593,0.29478363166527355,0.0,99993,merged_H3_Vx_year_VIRGO_tsne_shepard_results/pdf/tsne_shepard _p70_e1000_pca40_euclidean.pdf,OK,
70,1000,40,manhattan,0.4390228838067593,0.38923901814997547,0.0,99993,merged_H3_Vx_year_VIRGO_tsne_shepard_results/pdf/tsne_shepard _p70_e1000_pca40_manhattan.pdf,OK,
70,1000,40,cosine,0.4390228838067593,0.34069947505058484,0.0,99993,merged_H3_Vx_year_VIRGO_tsne_shepard_results/pdf/tsne_shepard _p70_e1000_pca40_cosine.pdf,OK,
70,1000,40,euclidean,0.5376689551555229,0.2689370798274022,0.0,99993,merged_H3_Vx_year_VIRGO_tsne_shepard_results/pdf/tsne_shepard _p70_e1000_pca40_euclidean.pdf,OK,
70,1000,40,manhattan,0.5376689551555229,0.3614226508548166,0.0,99993,merged_H3_Vx_year_VIRGO_tsne_shepard_results/pdf/tsne_shepard _p70_e1000_pca40_manhattan.pdf,OK,
70,1000,40,cosine,0.5376689551555229,0.3862543657119796,0.0,99993,merged_H3_Vx_year_VIRGO_tsne_shepard_results/pdf/tsne_shepard _p70_e1000_pca40_cosine.pdf,OK,
80,10,40,euclidean,0.17419488299086822,0.7981465762756546,0.0,99993,merged_H3_Vx_year_VIRGO_tsne_shepard_results/pdf/tsne_shepard _p80_e10_pca40_euclidean.pdf,OK,
80,10,40,manhattan,0.17419488299086822,0.7829659899567795,0.0,99993,merged_H3_Vx_year_VIRGO_tsne_shepard_results/pdf/tsne_shepard _p80_e10_pca40_manhattan.pdf,OK,
80,10,40,cosine,0.17419488299086822,0.7558160230018216,0.0,99993,merged_H3_Vx_year_VIRGO_tsne_shepard_results/pdf/tsne_shepard _p80_e10_pca40_cosine.pdf,OK,
80,10,40,euclidean,0.34871142972845076,0.46012429971309865,0.0,99993,merged_H3_Vx_year_VIRGO_tsne_shepard_results/pdf/tsne_shepard _p80_e10_pca40_euclidean.pdf,OK,
80,10,40,manhattan,0.34871142972845076,0.4180137313462847,0.0,99993,merged_H3_Vx_year_VIRGO_tsne_shepard_results/pdf/tsne_shepard _p80_e10_pca40_manhattan.pdf,OK,
80,10,40,cosine,0.34871142972845076,0.7224368967062053,0.0,99993,merged_H3_Vx_year_VIRGO_tsne_shepard_results/pdf/tsne_shepard _p80_e10_pca40_cosine.pdf,OK,
80,10,40,euclidean,0.4390228838067593,0.37738057878337866,0.0,99993,merged_H3_Vx_year_VIRGO_tsne_shepard_results/pdf/tsne_shepard _p80_e10_pca40_euclidean.pdf,OK,
80,10,40,manhattan,0.4390228838067593,0.3079294008072991,0.0,99993,merged_H3_Vx_year_VIRGO_tsne_shepard_results/pdf/tsne_shepard _p80_e10_pca40_manhattan.pdf,OK,
80,10,40,cosine,0.4390228838067593,0.6968736817752041,0.0,99993,merged_H3_Vx_year_VIRGO_tsne_shepard_results/pdf/tsne_shepard _p80_e10_pca40_cosine.pdf,OK,
80,10,40,euclidean,0.5376689551555229,0.33892196764743515,0.0,99993,merged_H3_Vx_year_VIRGO_tsne_shepard_results/pdf/tsne_shepard _p80_e10_pca40_euclidean.pdf,OK,
80,10,40,manhattan,0.5376689551555229,0.26475786497602893,0.0,99993,merged_H3_Vx_year_VIRGO_tsne_shepard_results/pdf/tsne_shepard _p80_e10_pca40_manhattan.pdf,OK,
80,10,40,cosine,0.5376689551555229,0.6807481358382199,0.0,99993,merged_H3_Vx_year_VIRGO_tsne_shepard_results/pdf/tsne_shepard _p80_e10_pca40_cosine.pdf,OK,
80,12,40,euclidean,0.17419488299086822,0.7953862082595615,0.0,99993,merged_H3_Vx_year_VIRGO_tsne_shepard_results/pdf/tsne_shepard _p80_e12_pca40_euclidean.pdf,OK,
80,12,40,manhattan,0.17419488299086822,0.7828946011506077,0.0,99993,merged_H3_Vx_year_VIRGO_tsne_shepard_results/pdf/tsne_shepard _p80_e12_pca40_manhattan.pdf,OK,
80,12,40,cosine,0.17419488299086822,0.7549978509691019,0.0,99993,merged_H3_Vx_year_VIRGO_tsne_shepard_results/pdf/tsne_shepard _p80_e12_pca40_cosine.pdf,OK,
80,12,40,euclidean,0.34871142972845076,0.46495764557526587,0.0,99993,merged_H3_Vx_year_VIRGO_tsne_shepard_results/pdf/tsne_shepard _p80_e12_pca40_euclidean.pdf,OK,
80,12,40,manhattan,0.34871142972845076,0.4163558860969415,0.0,99993,merged_H3_Vx_year_VIRGO_tsne_shepard_results/pdf/tsne_shepard _p80_e12_pca40_manhattan.pdf,OK,
80,12,40,cosine,0.34871142972845076,0.7223413072329364,0.0,99993,merged_H3_Vx_year_VIRGO_tsne_shepard_results/pdf/tsne_shepard _p80_e12_pca40_cosine.pdf,OK,
80,12,40,euclidean,0.4390228838067593,0.377350629935452,0.0,99993,merged_H3_Vx_year_VIRGO_tsne_shepard_results/pdf/tsne_shepard _p80_e12_pca40_euclidean.pdf,OK,
80,12,40,manhattan,0.4390228838067593,0.30558234960590347,0.0,99993,merged_H3_Vx_year_VIRGO_tsne_shepard_results/pdf/tsne_shepard _p80_e12_pca40_manhattan.pdf,OK,
80,12,40,cosine,0.4390228838067593,0.6959232681960174,0.0,99993,merged_H3_Vx_year_VIRGO_tsne_shepard_results/pdf/tsne_shepard _p80_e12_pca40_cosine.pdf,OK,
80,12,40,euclidean,0.5376689551555229,0.3396076017696494,0.0,99993,merged_H3_Vx_year_VIRGO_tsne_shepard_results/pdf/tsne_shepard _p80_e12_pca40_euclidean.pdf,OK,
80,12,40,manhattan,0.5376689551555229,0.2656394885332568,0.0,99993,merged_H3_Vx_year_VIRGO_tsne_shepard_results/pdf/tsne_shepard _p80_e12_pca40_manhattan.pdf,OK,
80,12,40,cosine,0.5376689551555229,0.6819121614509275,0.0,99993,merged_H3_Vx_year_VIRGO_tsne_shepard_results/pdf/tsne_shepard _p80_e12_pca40_cosine.pdf,OK,
80,14,40,euclidean,0.17419488299086822,0.7934383089015691,0.0,99993,merged_H3_Vx_year_VIRGO_tsne_shepard_results/pdf/tsne_shepard _p80_e14_pca40_euclidean.pdf,OK,
80,14,40,manhattan,0.17419488299086822,0.7803328696367124,0.0,99993,merged_H3_Vx_year_VIRGO_tsne_shepard_results/pdf/tsne_shepard _p80_e14_pca40_manhattan.pdf,OK,
80,14,40,cosine,0.17419488299086822,0.7499476050178806,0.0,99993,merged_H3_Vx_year_VIRGO_tsne_shepard_results/pdf/tsne_shepard _p80_e14_pca40_cosine.pdf,OK,
80,14,40,euclidean,0.34871142972845076,0.4660926118689367,0.0,99993,merged_H3_Vx_year_VIRGO_tsne_shepard_results/pdf/tsne_shepard _p80_e14_pca40_euclidean.pdf,OK,
80,14,40,manhattan,0.34871142972845076,0.4242145851445003,0.0,99993,merged_H3_Vx_year_VIRGO_tsne_shepard_results/pdf/tsne_shepard _p80_e14_pca40_manhattan.pdf,OK,
80,14,40,cosine,0.34871142972845076,0.7227997490014433,0.0,99993,merged_H3_Vx_year_VIRGO_tsne_shepard_results/pdf/tsne_shepard _p80_e14_pca40_cosine.pdf,OK,
80,14,40,euclidean,0.4390228838067593,0.3759941561774188,0.0,99993,merged_H3_Vx_year_VIRGO_tsne_shepard_results/pdf/tsne_shepard _p80_e14_pca40_euclidean.pdf,OK,
80,14,40,manhattan,0.4390228838067593,0.3036923438785443,0.0,99993,merged_H3_Vx_year_VIRGO_tsne_shepard_results/pdf/tsne_shepard _p80_e14_pca40_manhattan.pdf,OK,
80,14,40,cosine,0.4390228838067593,0.6946968493923934,0.0,99993,merged_H3_Vx_year_VIRGO_tsne_shepard_results/pdf/tsne_shepard _p80_e14_pca40_cosine.pdf,OK,
80,14,40,euclidean,0.5376689551555229,0.3390713812724864,0.0,99993,merged_H3_Vx_year_VIRGO_tsne_shepard_results/pdf/tsne_shepard _p80_e14_pca40_euclidean.pdf,OK,
80,14,40,manhattan,0.5376689551555229,0.2655500290163463,0.0,99993,merged_H3_Vx_year_VIRGO_tsne_shepard_results/pdf/tsne_shepard _p80_e14_pca40_manhattan.pdf,OK,
80,14,40,cosine,0.5376689551555229,0.680650108642374,0.0,99993,merged_H3_Vx_year_VIRGO_tsne_shepard_results/pdf/tsne_shepard _p80_e14_pca40_cosine.pdf,OK,
80,20,40,euclidean,0.17419488299086822,0.7891755093741981,0.0,99993,merged_H3_Vx_year_VIRGO_tsne_shepard_results/pdf/tsne_shepard _p80_e20_pca40_euclidean.pdf,OK,
80,20,40,manhattan,0.17419488299086822,0.7741855164267327,0.0,99993,merged_H3_Vx_year_VIRGO_tsne_shepard_results/pdf/tsne_shepard _p80_e20_pca40_manhattan.pdf,OK,
80,20,40,cosine,0.17419488299086822,0.7436834619225478,0.0,99993,merged_H3_Vx_year_VIRGO_tsne_shepard_results/pdf/tsne_shepard _p80_e20_pca40_cosine.pdf,OK,
80,20,40,euclidean,0.34871142972845076,0.4691684727586585,0.0,99993,merged_H3_Vx_year_VIRGO_tsne_shepard_results/pdf/tsne_shepard _p80_e20_pca40_euclidean.pdf,OK,
80,20,40,manhattan,0.34871142972845076,0.4422752585479572,0.0,99993,merged_H3_Vx_year_VIRGO_tsne_shepard_results/pdf/tsne_shepard _p80_e20_pca40_manhattan.pdf,OK,
80,20,40,cosine,0.34871142972845076,0.7220040173795214,0.0,99993,merged_H3_Vx_year_VIRGO_tsne_shepard_results/pdf/tsne_shepard _p80_e20_pca40_cosine.pdf,OK,
80,20,40,euclidean,0.4390228838067593,0.372468017563684,0.0,99993,merged_H3_Vx_year_VIRGO_tsne_shepard_results/pdf/tsne_shepard _p80_e20_pca40_euclidean.pdf,OK,
80,20,40,manhattan,0.4390228838067593,0.3009820170683018,0.0,99993,merged_H3_Vx_year_VIRGO_tsne_shepard_results/pdf/tsne_shepard _p80_e20_pca40_manhattan.pdf,OK,
80,20,40,cosine,0.4390228838067593,0.6953223400140208,0.0,99993,merged_H3_Vx_year_VIRGO_tsne_shepard_results/pdf/tsne_shepard _p80_e20_pca40_cosine.pdf,OK,
80,20,40,euclidean,0.5376689551555229,0.33780715064940237,0.0,99993,merged_H3_Vx_year_VIRGO_tsne_shepard_results/pdf/tsne_shepard _p80_e20_pca40_euclidean.pdf,OK,
80,20,40,manhattan,0.5376689551555229,0.2881590503698673,0.0,99993,merged_H3_Vx_year_VIRGO_tsne_shepard_results/pdf/tsne_shepard _p80_e20_pca40_manhattan.pdf,OK,
80,20,40,cosine,0.5376689551555229,0.6808608141394202,0.0,99993,merged_H3_Vx_year_VIRGO_tsne_shepard_results/pdf/tsne_shepard _p80_e20_pca40_cosine.pdf,OK,
80,100,40,euclidean,0.17419488299086822,0.8104227855164873,0.0,99993,merged_H3_Vx_year_VIRGO_tsne_shepard_results/pdf/tsne_shepard _p80_e100_pca40_euclidean.pdf,OK,
80,100,40,manhattan,0.17419488299086822,0.7967239301725323,0.0,99993,merged_H3_Vx_year_VIRGO_tsne_shepard_results/pdf/tsne_shepard _p80_e100_pca40_manhattan.pdf,OK,
80,100,40,cosine,0.17419488299086822,0.7299873715850866,0.0,99993,merged_H3_Vx_year_VIRGO_tsne_shepard_results/pdf/tsne_shepard _p80_e100_pca40_cosine.pdf,OK,
80,100,40,euclidean,0.34871142972845076,0.5584375104900117,0.0,99993,merged_H3_Vx_year_VIRGO_tsne_shepard_results/pdf/tsne_shepard _p80_e100_pca40_euclidean.pdf,OK,
80,100,40,manhattan,0.34871142972845076,0.49448704056117365,0.0,99993,merged_H3_Vx_year_VIRGO_tsne_shepard_results/pdf/tsne_shepard _p80_e100_pca40_manhattan.pdf,OK,
80,100,40,cosine,0.34871142972845076,0.7627757322642545,0.0,99993,merged_H3_Vx_year_VIRGO_tsne_shepard_results/pdf/tsne_shepard _p80_e100_pca40_cosine.pdf,OK,
80,100,40,euclidean,0.4390228838067593,0.43420321566075376,0.0,99993,merged_H3_Vx_year_VIRGO_tsne_shepard_results/pdf/tsne_shepard _p80_e100_pca40_euclidean.pdf,OK,
80,100,40,manhattan,0.4390228838067593,0.3617561479662888,0.0,99993,merged_H3_Vx_year_VIRGO_tsne_shepard_results/pdf/tsne_shepard _p80_e100_pca40_manhattan.pdf,OK,
80,100,40,cosine,0.4390228838067593,0.7229402247122246,0.0,99993,merged_H3_Vx_year_VIRGO_tsne_shepard_results/pdf/tsne_shepard _p80_e100_pca40_cosine.pdf,OK,
80,100,40,euclidean,0.5376689551555229,0.4283958471214819,0.0,99993,merged_H3_Vx_year_VIRGO_tsne_shepard_results/pdf/tsne_shepard _p80_e100_pca40_euclidean.pdf,OK,
80,100,40,manhattan,0.5376689551555229,0.3524076996688853,0.0,99993,merged_H3_Vx_year_VIRGO_tsne_shepard_results/pdf/tsne_shepard _p80_e100_pca40_manhattan.pdf,OK,
80,100,40,cosine,0.5376689551555229,0.6969583517308668,0.0,99993,merged_H3_Vx_year_VIRGO_tsne_shepard_results/pdf/tsne_shepard _p80_e100_pca40_cosine.pdf,OK,
80,300,40,euclidean,0.17419488299086822,0.8221664517591226,0.0,99993,merged_H3_Vx_year_VIRGO_tsne_shepard_results/pdf/tsne_shepard _p80_e300_pca40_euclidean.pdf,OK,
80,300,40,manhattan,0.17419488299086822,0.8077908159919776,0.0,99993,merged_H3_Vx_year_VIRGO_tsne_shepard_results/pdf/tsne_shepard _p80_e300_pca40_manhattan.pdf,OK,
80,300,40,cosine,0.17419488299086822,0.7456702770019286,0.0,99993,merged_H3_Vx_year_VIRGO_tsne_shepard_results/pdf/tsne_shepard _p80_e300_pca40_cosine.pdf,OK,
80,300,40,euclidean,0.34871142972845076,0.5910623900303126,0.0,99993,merged_H3_Vx_year_VIRGO_tsne_shepard_results/pdf/tsne_shepard _p80_e300_pca40_euclidean.pdf,OK,
80,300,40,manhattan,0.34871142972845076,0.4179017391510796,0.0,99993,merged_H3_Vx_year_VIRGO_tsne_shepard_results/pdf/tsne_shepard _p80_e300_pca40_manhattan.pdf,OK,
80,300,40,cosine,0.34871142972845076,0.4053342790497587,0.0,99993,merged_H3_Vx_year_VIRGO_tsne_shepard_results/pdf/tsne_shepard _p80_e300_pca40_cosine.pdf,OK,
80,300,40,euclidean,0.4390228838067593,0.4159208546390891,0.0,99993,merged_H3_Vx_year_VIRGO_tsne_shepard_results/pdf/tsne_shepard _p80_e300_pca40_euclidean.pdf,OK,
80,300,40,manhattan,0.4390228838067593,0.3345803351758098,0.0,99993,merged_H3_Vx_year_VIRGO_tsne_shepard_results/pdf/tsne_shepard _p80_e300_pca40_manhattan.pdf,OK,
80,300,40,cosine,0.4390228838067593,0.5572741323802984,0.0,99993,merged_H3_Vx_year_VIRGO_tsne_shepard_results/pdf/tsne_shepard _p80_e300_pca40_cosine.pdf,OK,
80,300,40,euclidean,0.5376689551555229,0.2727130601543716,0.0,99993,merged_H3_Vx_year_VIRGO_tsne_shepard_results/pdf/tsne_shepard _p80_e300_pca40_euclidean.pdf,OK,
80,300,40,manhattan,0.5376689551555229,0.2636572954157868,0.0,99993,merged_H3_Vx_year_VIRGO_tsne_shepard_results/pdf/tsne_shepard _p80_e300_pca40_manhattan.pdf,OK,
80,300,40,cosine,0.5376689551555229,0.5752422790831287,0.0,99993,merged_H3_Vx_year_VIRGO_tsne_shepard_results/pdf/tsne_shepard _p80_e300_pca40_cosine.pdf,OK,
80,1000,40,euclidean,0.17419488299086822,0.27830570551638784,0.0,99993,merged_H3_Vx_year_VIRGO_tsne_shepard_results/pdf/tsne_shepard _p80_e1000_pca40_euclidean.pdf,OK,
80,1000,40,manhattan,0.17419488299086822,0.42869330462763644,0.0,99993,merged_H3_Vx_year_VIRGO_tsne_shepard_results/pdf/tsne_shepard _p80_e1000_pca40_manhattan.pdf,OK,
80,1000,40,cosine,0.17419488299086822,0.616787084570499,0.0,99993,merged_H3_Vx_year_VIRGO_tsne_shepard_results/pdf/tsne_shepard _p80_e1000_pca40_cosine.pdf,OK,
80,1000,40,euclidean,0.34871142972845076,0.487273120288457,0.0,99993,merged_H3_Vx_year_VIRGO_tsne_shepard_results/pdf/tsne_shepard _p80_e1000_pca40_euclidean.pdf,OK,
80,1000,40,manhattan,0.34871142972845076,0.3079146623989329,0.0,99993,merged_H3_Vx_year_VIRGO_tsne_shepard_results/pdf/tsne_shepard _p80_e1000_pca40_manhattan.pdf,OK,
80,1000,40,cosine,0.34871142972845076,0.4712797528082789,0.0,99993,merged_H3_Vx_year_VIRGO_tsne_shepard_results/pdf/tsne_shepard _p80_e1000_pca40_cosine.pdf,OK,
80,1000,40,euclidean,0.4390228838067593,0.32142253086925304,0.0,99993,merged_H3_Vx_year_VIRGO_tsne_shepard_results/pdf/tsne_shepard _p80_e1000_pca40_euclidean.pdf,OK,
80,1000,40,manhattan,0.4390228838067593,0.30391753632308777,0.0,99993,merged_H3_Vx_year_VIRGO_tsne_shepard_results/pdf/tsne_shepard _p80_e1000_pca40_manhattan.pdf,OK,
80,1000,40,cosine,0.4390228838067593,0.5586778382003255,0.0,99993,merged_H3_Vx_year_VIRGO_tsne_shepard_results/pdf/tsne_shepard _p80_e1000_pca40_cosine.pdf,OK,
80,1000,40,euclidean,0.5376689551555229,0.3642078433248936,0.0,99993,merged_H3_Vx_year_VIRGO_tsne_shepard_results/pdf/tsne_shepard _p80_e1000_pca40_euclidean.pdf,OK,
80,1000,40,manhattan,0.5376689551555229,0.24617162704270126,0.0,99993,merged_H3_Vx_year_VIRGO_tsne_shepard_results/pdf/tsne_shepard _p80_e1000_pca40_manhattan.pdf,OK,
80,1000,40,cosine,0.5376689551555229,0.5268115212487253,0.0,99993,merged_H3_Vx_year_VIRGO_tsne_shepard_results/pdf/tsne_shepard _p80_e1000_pca40_cosine.pdf,OK,
90,10,40,euclidean,0.17419488299086822,0.8027889521551246,0.0,99993,merged_H3_Vx_year_VIRGO_tsne_shepard_results/pdf/tsne_shepard _p90_e10_pca40_euclidean.pdf,OK,
90,10,40,manhattan,0.17419488299086822,0.7857155703256399,0.0,99993,merged_H3_Vx_year_VIRGO_tsne_shepard_results/pdf/tsne_shepard _p90_e10_pca40_manhattan.pdf,OK,
90,10,40,cosine,0.17419488299086822,0.7634578235595038,0.0,99993,merged_H3_Vx_year_VIRGO_tsne_shepard_results/pdf/tsne_shepard _p90_e10_pca40_cosine.pdf,OK,
90,10,40,euclidean,0.34871142972845076,0.4656870471168702,0.0,99993,merged_H3_Vx_year_VIRGO_tsne_shepard_results/pdf/tsne_shepard _p90_e10_pca40_euclidean.pdf,OK,
90,10,40,manhattan,0.34871142972845076,0.4216487851436828,0.0,99993,merged_H3_Vx_year_VIRGO_tsne_shepard_results/pdf/tsne_shepard _p90_e10_pca40_manhattan.pdf,OK,
90,10,40,cosine,0.34871142972845076,0.7227720902099548,0.0,99993,merged_H3_Vx_year_VIRGO_tsne_shepard_results/pdf/tsne_shepard _p90_e10_pca40_cosine.pdf,OK,
90,10,40,euclidean,0.4390228838067593,0.3814822753725529,0.0,99993,merged_H3_Vx_year_VIRGO_tsne_shepard_results/pdf/tsne_shepard _p90_e10_pca40_euclidean.pdf,OK,
90,10,40,manhattan,0.4390228838067593,0.31110011964585027,0.0,99993,merged_H3_Vx_year_VIRGO_tsne_shepard_results/pdf/tsne_shepard _p90_e10_pca40_manhattan.pdf,OK,
90,10,40,cosine,0.4390228838067593,0.6987851987144333,0.0,99993,merged_H3_Vx_year_VIRGO_tsne_shepard_results/pdf/tsne_shepard _p90_e10_pca40_cosine.pdf,OK,
90,10,40,euclidean,0.5376689551555229,0.34236836549793986,0.0,99993,merged_H3_Vx_year_VIRGO_tsne_shepard_results/pdf/tsne_shepard _p90_e10_pca40_euclidean.pdf,OK,
90,10,40,manhattan,0.5376689551555229,0.26807311042537585,0.0,99993,merged_H3_Vx_year_VIRGO_tsne_shepard_results/pdf/tsne_shepard _p90_e10_pca40_manhattan.pdf,OK,
90,10,40,cosine,0.5376689551555229,0.6841441368082556,0.0,99993,merged_H3_Vx_year_VIRGO_tsne_shepard_results/pdf/tsne_shepard _p90_e10_pca40_cosine.pdf,OK,
90,12,40,euclidean,0.17419488299086822,0.7992183522389504,0.0,99993,merged_H3_Vx_year_VIRGO_tsne_shepard_results/pdf/tsne_shepard _p90_e12_pca40_euclidean.pdf,OK,
90,12,40,manhattan,0.17419488299086822,0.7826693162546148,0.0,99993,merged_H3_Vx_year_VIRGO_tsne_shepard_results/pdf/tsne_shepard _p90_e12_pca40_manhattan.pdf,OK,
90,12,40,cosine,0.17419488299086822,0.7636583638560862,0.0,99993,merged_H3_Vx_year_VIRGO_tsne_shepard_results/pdf/tsne_shepard _p90_e12_pca40_cosine.pdf,OK,
90,12,40,euclidean,0.34871142972845076,0.464679287276026,0.0,99993,merged_H3_Vx_year_VIRGO_tsne_shepard_results/pdf/tsne_shepard _p90_e12_pca40_euclidean.pdf,OK,
90,12,40,manhattan,0.34871142972845076,0.4275077378060922,0.0,99993,merged_H3_Vx_year_VIRGO_tsne_shepard_results/pdf/tsne_shepard _p90_e12_pca40_manhattan.pdf,OK,
90,12,40,cosine,0.34871142972845076,0.7228603258857413,0.0,99993,merged_H3_Vx_year_VIRGO_tsne_shepard_results/pdf/tsne_shepard _p90_e12_pca40_cosine.pdf,OK,
90,12,40,euclidean,0.4390228838067593,0.37820043300683087,0.0,99993,merged_H3_Vx_year_VIRGO_tsne_shepard_results/pdf/tsne_shepard _p90_e12_pca40_euclidean.pdf,OK,
90,12,40,manhattan,0.4390228838067593,0.3105475143191325,0.0,99993,merged_H3_Vx_year_VIRGO_tsne_shepard_results/pdf/tsne_shepard _p90_e12_pca40_manhattan.pdf,OK,
90,12,40,cosine,0.4390228838067593,0.6976893585482995,0.0,99993,merged_H3_Vx_year_VIRGO_tsne_shepard_results/pdf/tsne_shepard _p90_e12_pca40_cosine.pdf,OK,
90,12,40,euclidean,0.5376689551555229,0.34222441873181886,0.0,99993,merged_H3_Vx_year_VIRGO_tsne_shepard_results/pdf/tsne_shepard _p90_e12_pca40_euclidean.pdf,OK,
90,12,40,manhattan,0.5376689551555229,0.2673875773864903,0.0,99993,merged_H3_Vx_year_VIRGO_tsne_shepard_results/pdf/tsne_shepard _p90_e12_pca40_manhattan.pdf,OK,
90,12,40,cosine,0.5376689551555229,0.6830346593981682,0.0,99993,merged_H3_Vx_year_VIRGO_tsne_shepard_results/pdf/tsne_shepard _p90_e12_pca40_cosine.pdf,OK,
90,14,40,euclidean,0.17419488299086822,0.7962281374831345,0.0,99993,merged_H3_Vx_year_VIRGO_tsne_shepard_results/pdf/tsne_shepard _p90_e14_pca40_euclidean.pdf,OK,
90,14,40,manhattan,0.17419488299086822,0.7791623078387321,0.0,99993,merged_H3_Vx_year_VIRGO_tsne_shepard_results/pdf/tsne_shepard _p90_e14_pca40_manhattan.pdf,OK,
90,14,40,cosine,0.17419488299086822,0.7656530073527172,0.0,99993,merged_H3_Vx_year_VIRGO_tsne_shepard_results/pdf/tsne_shepard _p90_e14_pca40_cosine.pdf,OK,
90,14,40,euclidean,0.34871142972845076,0.4661547931062212,0.0,99993,merged_H3_Vx_year_VIRGO_tsne_shepard_results/pdf/tsne_shepard _p90_e14_pca40_euclidean.pdf,OK,
90,14,40,manhattan,0.34871142972845076,0.42904209760765166,0.0,99993,merged_H3_Vx_year_VIRGO_tsne_shepard_results/pdf/tsne_shepard _p90_e14_pca40_manhattan.pdf,OK,
90,14,40,cosine,0.34871142972845076,0.7226527434933977,0.0,99993,merged_H3_Vx_year_VIRGO_tsne_shepard_results/pdf/tsne_shepard _p90_e14_pca40_cosine.pdf,OK,
90,14,40,euclidean,0.4390228838067593,0.37665504830249813,0.0,99993,merged_H3_Vx_year_VIRGO_tsne_shepard_results/pdf/tsne_shepard _p90_e14_pca40_euclidean.pdf,OK,
90,14,40,manhattan,0.4390228838067593,0.30898289702456083,0.0,99993,merged_H3_Vx_year_VIRGO_tsne_shepard_results/pdf/tsne_shepard _p90_e14_pca40_manhattan.pdf,OK,
90,14,40,cosine,0.4390228838067593,0.6965504513051571,0.0,99993,merged_H3_Vx_year_VIRGO_tsne_shepard_results/pdf/tsne_shepard _p90_e14_pca40_cosine.pdf,OK,
90,14,40,euclidean,0.5376689551555229,0.34040446104282446,0.0,99993,merged_H3_Vx_year_VIRGO_tsne_shepard_results/pdf/tsne_shepard _p90_e14_pca40_euclidean.pdf,OK,
90,14,40,manhattan,0.5376689551555229,0.26665306726724414,0.0,99993,merged_H3_Vx_year_VIRGO_tsne_shepard_results/pdf/tsne_shepard _p90_e14_pca40_manhattan.pdf,OK,
90,14,40,cosine,0.5376689551555229,0.6824563769439366,0.0,99993,merged_H3_Vx_year_VIRGO_tsne_shepard_results/pdf/tsne_shepard _p90_e14_pca40_cosine.pdf,OK,
90,20,40,euclidean,0.17419488299086822,0.7920612879355945,0.0,99993,merged_H3_Vx_year_VIRGO_tsne_shepard_results/pdf/tsne_shepard _p90_e20_pca40_euclidean.pdf,OK,
90,20,40,manhattan,0.17419488299086822,0.7737004264394618,0.0,99993,merged_H3_Vx_year_VIRGO_tsne_shepard_results/pdf/tsne_shepard _p90_e20_pca40_manhattan.pdf,OK,
90,20,40,cosine,0.17419488299086822,0.7466844154893152,0.0,99993,merged_H3_Vx_year_VIRGO_tsne_shepard_results/pdf/tsne_shepard _p90_e20_pca40_cosine.pdf,OK,
90,20,40,euclidean,0.34871142972845076,0.4674103602131781,0.0,99993,merged_H3_Vx_year_VIRGO_tsne_shepard_results/pdf/tsne_shepard _p90_e20_pca40_euclidean.pdf,OK,
90,20,40,manhattan,0.34871142972845076,0.4297429657957622,0.0,99993,merged_H3_Vx_year_VIRGO_tsne_shepard_results/pdf/tsne_shepard _p90_e20_pca40_manhattan.pdf,OK,
90,20,40,cosine,0.34871142972845076,0.7218987954511539,0.0,99993,merged_H3_Vx_year_VIRGO_tsne_shepard_results/pdf/tsne_shepard _p90_e20_pca40_cosine.pdf,OK,
90,20,40,euclidean,0.4390228838067593,0.37679447740832483,0.0,99993,merged_H3_Vx_year_VIRGO_tsne_shepard_results/pdf/tsne_shepard _p90_e20_pca40_euclidean.pdf,OK,
90,20,40,manhattan,0.4390228838067593,0.3075633067333263,0.0,99993,merged_H3_Vx_year_VIRGO_tsne_shepard_results/pdf/tsne_shepard _p90_e20_pca40_manhattan.pdf,OK,
90,20,40,cosine,0.4390228838067593,0.6962345887056787,0.0,99993,merged_H3_Vx_year_VIRGO_tsne_shepard_results/pdf/tsne_shepard _p90_e20_pca40_cosine.pdf,OK,
90,20,40,euclidean,0.5376689551555229,0.3388787815663812,0.0,99993,merged_H3_Vx_year_VIRGO_tsne_shepard_results/pdf/tsne_shepard _p90_e20_pca40_euclidean.pdf,OK,
90,20,40,manhattan,0.5376689551555229,0.29680255484538004,0.0,99993,merged_H3_Vx_year_VIRGO_tsne_shepard_results/pdf/tsne_shepard _p90_e20_pca40_manhattan.pdf,OK,
90,20,40,cosine,0.5376689551555229,0.6809008403410344,0.0,99993,merged_H3_Vx_year_VIRGO_tsne_shepard_results/pdf/tsne_shepard _p90_e20_pca40_cosine.pdf,OK,
90,100,40,euclidean,0.17419488299086822,0.8172537365934986,0.0,99993,merged_H3_Vx_year_VIRGO_tsne_shepard_results/pdf/tsne_shepard _p90_e100_pca40_euclidean.pdf,OK,
90,100,40,manhattan,0.17419488299086822,0.8042162254127332,0.0,99993,merged_H3_Vx_year_VIRGO_tsne_shepard_results/pdf/tsne_shepard _p90_e100_pca40_manhattan.pdf,OK,
90,100,40,cosine,0.17419488299086822,0.7377378158166494,0.0,99993,merged_H3_Vx_year_VIRGO_tsne_shepard_results/pdf/tsne_shepard _p90_e100_pca40_cosine.pdf,OK,
90,100,40,euclidean,0.34871142972845076,0.5836451124510658,0.0,99993,merged_H3_Vx_year_VIRGO_tsne_shepard_results/pdf/tsne_shepard _p90_e100_pca40_euclidean.pdf,OK,
90,100,40,manhattan,0.34871142972845076,0.46095890429217223,0.0,99993,merged_H3_Vx_year_VIRGO_tsne_shepard_results/pdf/tsne_shepard _p90_e100_pca40_manhattan.pdf,OK,
90,100,40,cosine,0.34871142972845076,0.7600743722191915,0.0,99993,merged_H3_Vx_year_VIRGO_tsne_shepard_results/pdf/tsne_shepard _p90_e100_pca40_cosine.pdf,OK,
90,100,40,euclidean,0.4390228838067593,0.4116951652155428,0.0,99993,merged_H3_Vx_year_VIRGO_tsne_shepard_results/pdf/tsne_shepard _p90_e100_pca40_euclidean.pdf,OK,
90,100,40,manhattan,0.4390228838067593,0.33915103894993764,0.0,99993,merged_H3_Vx_year_VIRGO_tsne_shepard_results/pdf/tsne_shepard _p90_e100_pca40_manhattan.pdf,OK,
90,100,40,cosine,0.4390228838067593,0.7231814527937401,0.0,99993,merged_H3_Vx_year_VIRGO_tsne_shepard_results/pdf/tsne_shepard _p90_e100_pca40_cosine.pdf,OK,
90,100,40,euclidean,0.5376689551555229,0.4434699684206587,0.0,99993,merged_H3_Vx_year_VIRGO_tsne_shepard_results/pdf/tsne_shepard _p90_e100_pca40_euclidean.pdf,OK,
90,100,40,manhattan,0.5376689551555229,0.2545001395871703,0.0,99993,merged_H3_Vx_year_VIRGO_tsne_shepard_results/pdf/tsne_shepard _p90_e100_pca40_manhattan.pdf,OK,
90,100,40,cosine,0.5376689551555229,0.6956485849028693,0.0,99993,merged_H3_Vx_year_VIRGO_tsne_shepard_results/pdf/tsne_shepard _p90_e100_pca40_cosine.pdf,OK,
90,300,40,euclidean,0.17419488299086822,0.8306818105877408,0.0,99993,merged_H3_Vx_year_VIRGO_tsne_shepard_results/pdf/tsne_shepard _p90_e300_pca40_euclidean.pdf,OK,
90,300,40,manhattan,0.17419488299086822,0.8187455825137583,0.0,99993,merged_H3_Vx_year_VIRGO_tsne_shepard_results/pdf/tsne_shepard _p90_e300_pca40_manhattan.pdf,OK,
90,300,40,cosine,0.17419488299086822,0.7448456428541601,0.0,99993,merged_H3_Vx_year_VIRGO_tsne_shepard_results/pdf/tsne_shepard _p90_e300_pca40_cosine.pdf,OK,
90,300,40,euclidean,0.34871142972845076,0.5533742330772182,0.0,99993,merged_H3_Vx_year_VIRGO_tsne_shepard_results/pdf/tsne_shepard _p90_e300_pca40_euclidean.pdf,OK,
90,300,40,manhattan,0.34871142972845076,0.4783229508392578,0.0,99993,merged_H3_Vx_year_VIRGO_tsne_shepard_results/pdf/tsne_shepard _p90_e300_pca40_manhattan.pdf,OK,
90,300,40,cosine,0.34871142972845076,0.47243287941208945,0.0,99993,merged_H3_Vx_year_VIRGO_tsne_shepard_results/pdf/tsne_shepard _p90_e300_pca40_cosine.pdf,OK,
90,300,40,euclidean,0.4390228838067593,0.4820006376621091,0.0,99993,merged_H3_Vx_year_VIRGO_tsne_shepard_results/pdf/tsne_shepard _p90_e300_pca40_euclidean.pdf,OK,
90,300,40,manhattan,0.4390228838067593,0.29841407478496623,0.0,99993,merged_H3_Vx_year_VIRGO_tsne_shepard_results/pdf/tsne_shepard _p90_e300_pca40_manhattan.pdf,OK,
90,300,40,cosine,0.4390228838067593,0.38388430724255124,0.0,99993,merged_H3_Vx_year_VIRGO_tsne_shepard_results/pdf/tsne_shepard _p90_e300_pca40_cosine.pdf,OK,
90,300,40,euclidean,0.5376689551555229,0.2671260244099936,0.0,99993,merged_H3_Vx_year_VIRGO_tsne_shepard_results/pdf/tsne_shepard _p90_e300_pca40_euclidean.pdf,OK,
90,300,40,manhattan,0.5376689551555229,0.2902073936300918,0.0,99993,merged_H3_Vx_year_VIRGO_tsne_shepard_results/pdf/tsne_shepard _p90_e300_pca40_manhattan.pdf,OK,
90,300,40,cosine,0.5376689551555229,0.5380231125799986,0.0,99993,merged_H3_Vx_year_VIRGO_tsne_shepard_results/pdf/tsne_shepard _p90_e300_pca40_cosine.pdf,OK,
90,1000,40,euclidean,0.17419488299086822,0.34940599799925154,0.0,99993,merged_H3_Vx_year_VIRGO_tsne_shepard_results/pdf/tsne_shepard _p90_e1000_pca40_euclidean.pdf,OK,
90,1000,40,manhattan,0.17419488299086822,0.2827900063482208,0.0,99993,merged_H3_Vx_year_VIRGO_tsne_shepard_results/pdf/tsne_shepard _p90_e1000_pca40_manhattan.pdf,OK,
90,1000,40,cosine,0.17419488299086822,0.6570238927196709,0.0,99993,merged_H3_Vx_year_VIRGO_tsne_shepard_results/pdf/tsne_shepard _p90_e1000_pca40_cosine.pdf,OK,
90,1000,40,euclidean,0.34871142972845076,0.43228227060394286,0.0,99993,merged_H3_Vx_year_VIRGO_tsne_shepard_results/pdf/tsne_shepard _p90_e1000_pca40_euclidean.pdf,OK,
90,1000,40,manhattan,0.34871142972845076,0.3989081758414382,0.0,99993,merged_H3_Vx_year_VIRGO_tsne_shepard_results/pdf/tsne_shepard _p90_e1000_pca40_manhattan.pdf,OK,
90,1000,40,cosine,0.34871142972845076,0.42159538083886783,0.0,99993,merged_H3_Vx_year_VIRGO_tsne_shepard_results/pdf/tsne_shepard _p90_e1000_pca40_cosine.pdf,OK,
90,1000,40,euclidean,0.4390228838067593,0.43487886105430246,0.0,99993,merged_H3_Vx_year_VIRGO_tsne_shepard_results/pdf/tsne_shepard _p90_e1000_pca40_euclidean.pdf,OK,
90,1000,40,manhattan,0.4390228838067593,0.276558836980768,0.0,99993,merged_H3_Vx_year_VIRGO_tsne_shepard_results/pdf/tsne_shepard _p90_e1000_pca40_manhattan.pdf,OK,
90,1000,40,cosine,0.4390228838067593,0.18881905840118823,0.0,99993,merged_H3_Vx_year_VIRGO_tsne_shepard_results/pdf/tsne_shepard _p90_e1000_pca40_cosine.pdf,OK,
90,1000,40,euclidean,0.5376689551555229,0.25564589369056795,0.0,99993,merged_H3_Vx_year_VIRGO_tsne_shepard_results/pdf/tsne_shepard _p90_e1000_pca40_euclidean.pdf,OK,
90,1000,40,manhattan,0.5376689551555229,0.3599542253434501,0.0,99993,merged_H3_Vx_year_VIRGO_tsne_shepard_results/pdf/tsne_shepard _p90_e1000_pca40_manhattan.pdf,OK,
90,1000,40,cosine,0.5376689551555229,0.3417510956168897,0.0,99993,merged_H3_Vx_year_VIRGO_tsne_shepard_results/pdf/tsne_shepard _p90_e1000_pca40_cosine.pdf,OK,
100,10,40,euclidean,0.17419488299086822,0.8056365184949918,0.0,99993,merged_H3_Vx_year_VIRGO_tsne_shepard_results/pdf/tsne_shepard _p100_e10_pca40_euclidean.pdf,OK,
100,10,40,manhattan,0.17419488299086822,0.7868106890216932,0.0,99993,merged_H3_Vx_year_VIRGO_tsne_shepard_results/pdf/tsne_shepard _p100_e10_pca40_manhattan.pdf,OK,
100,10,40,cosine,0.17419488299086822,0.7802482778083017,0.0,99993,merged_H3_Vx_year_VIRGO_tsne_shepard_results/pdf/tsne_shepard _p100_e10_pca40_cosine.pdf,OK,
100,10,40,euclidean,0.34871142972845076,0.4666723051420976,0.0,99993,merged_H3_Vx_year_VIRGO_tsne_shepard_results/pdf/tsne_shepard _p100_e10_pca40_euclidean.pdf,OK,
100,10,40,manhattan,0.34871142972845076,0.42717312929374734,0.0,99993,merged_H3_Vx_year_VIRGO_tsne_shepard_results/pdf/tsne_shepard _p100_e10_pca40_manhattan.pdf,OK,
100,10,40,cosine,0.34871142972845076,0.7234778165845178,0.0,99993,merged_H3_Vx_year_VIRGO_tsne_shepard_results/pdf/tsne_shepard _p100_e10_pca40_cosine.pdf,OK,
100,10,40,euclidean,0.4390228838067593,0.3843672171957198,0.0,99993,merged_H3_Vx_year_VIRGO_tsne_shepard_results/pdf/tsne_shepard _p100_e10_pca40_euclidean.pdf,OK,
100,10,40,manhattan,0.4390228838067593,0.3139029020200167,0.0,99993,merged_H3_Vx_year_VIRGO_tsne_shepard_results/pdf/tsne_shepard _p100_e10_pca40_manhattan.pdf,OK,
100,10,40,cosine,0.4390228838067593,0.6984101297458428,0.0,99993,merged_H3_Vx_year_VIRGO_tsne_shepard_results/pdf/tsne_shepard _p100_e10_pca40_cosine.pdf,OK,
100,10,40,euclidean,0.5376689551555229,0.34640566050856003,0.0,99993,merged_H3_Vx_year_VIRGO_tsne_shepard_results/pdf/tsne_shepard _p100_e10_pca40_euclidean.pdf,OK,
100,10,40,manhattan,0.5376689551555229,0.2687706628409314,0.0,99993,merged_H3_Vx_year_VIRGO_tsne_shepard_results/pdf/tsne_shepard _p100_e10_pca40_manhattan.pdf,OK,
100,10,40,cosine,0.5376689551555229,0.6842339501294465,0.0,99993,merged_H3_Vx_year_VIRGO_tsne_shepard_results/pdf/tsne_shepard _p100_e10_pca40_cosine.pdf,OK,
100,12,40,euclidean,0.17419488299086822,0.8018183088489464,0.0,99993,merged_H3_Vx_year_VIRGO_tsne_shepard_results/pdf/tsne_shepard _p100_e12_pca40_euclidean.pdf,OK,
100,12,40,manhattan,0.17419488299086822,0.7845181002880824,0.0,99993,merged_H3_Vx_year_VIRGO_tsne_shepard_results/pdf/tsne_shepard _p100_e12_pca40_manhattan.pdf,OK,
100,12,40,cosine,0.17419488299086822,0.7698559803565524,0.0,99993,merged_H3_Vx_year_VIRGO_tsne_shepard_results/pdf/tsne_shepard _p100_e12_pca40_cosine.pdf,OK,
100,12,40,euclidean,0.34871142972845076,0.46757118616724597,0.0,99993,merged_H3_Vx_year_VIRGO_tsne_shepard_results/pdf/tsne_shepard _p100_e12_pca40_euclidean.pdf,OK,
100,12,40,manhattan,0.34871142972845076,0.4282972896378329,0.0,99993,merged_H3_Vx_year_VIRGO_tsne_shepard_results/pdf/tsne_shepard _p100_e12_pca40_manhattan.pdf,OK,
100,12,40,cosine,0.34871142972845076,0.723632736614241,0.0,99993,merged_H3_Vx_year_VIRGO_tsne_shepard_results/pdf/tsne_shepard _p100_e12_pca40_cosine.pdf,OK,
100,12,40,euclidean,0.4390228838067593,0.382815299544448,0.0,99993,merged_H3_Vx_year_VIRGO_tsne_shepard_results/pdf/tsne_shepard _p100_e12_pca40_euclidean.pdf,OK,
100,12,40,manhattan,0.4390228838067593,0.3131857953426025,0.0,99993,merged_H3_Vx_year_VIRGO_tsne_shepard_results/pdf/tsne_shepard _p100_e12_pca40_manhattan.pdf,OK,
100,12,40,cosine,0.4390228838067593,0.6977986150864729,0.0,99993,merged_H3_Vx_year_VIRGO_tsne_shepard_results/pdf/tsne_shepard _p100_e12_pca40_cosine.pdf,OK,
100,12,40,euclidean,0.5376689551555229,0.34523570795409025,0.0,99993,merged_H3_Vx_year_VIRGO_tsne_shepard_results/pdf/tsne_shepard _p100_e12_pca40_euclidean.pdf,OK,
100,12,40,manhattan,0.5376689551555229,0.2680465084529724,0.0,99993,merged_H3_Vx_year_VIRGO_tsne_shepard_results/pdf/tsne_shepard _p100_e12_pca40_manhattan.pdf,OK,
100,12,40,cosine,0.5376689551555229,0.6831245711911277,0.0,99993,merged_H3_Vx_year_VIRGO_tsne_shepard_results/pdf/tsne_shepard _p100_e12_pca40_cosine.pdf,OK,
100,14,40,euclidean,0.17419488299086822,0.7998016039779473,0.0,99993,merged_H3_Vx_year_VIRGO_tsne_shepard_results/pdf/tsne_shepard _p100_e14_pca40_euclidean.pdf,OK,
100,14,40,manhattan,0.17419488299086822,0.7817706215014638,0.0,99993,merged_H3_Vx_year_VIRGO_tsne_shepard_results/pdf/tsne_shepard _p100_e14_pca40_manhattan.pdf,OK,
100,14,40,cosine,0.17419488299086822,0.7566182667632536,0.0,99993,merged_H3_Vx_year_VIRGO_tsne_shepard_results/pdf/tsne_shepard _p100_e14_pca40_cosine.pdf,OK,
100,14,40,euclidean,0.34871142972845076,0.46891733655357276,0.0,99993,merged_H3_Vx_year_VIRGO_tsne_shepard_results/pdf/tsne_shepard _p100_e14_pca40_euclidean.pdf,OK,
100,14,40,manhattan,0.34871142972845076,0.42852883485878174,0.0,99993,merged_H3_Vx_year_VIRGO_tsne_shepard_results/pdf/tsne_shepard _p100_e14_pca40_manhattan.pdf,OK,
100,14,40,cosine,0.34871142972845076,0.7232738606802884,0.0,99993,merged_H3_Vx_year_VIRGO_tsne_shepard_results/pdf/tsne_shepard _p100_e14_pca40_cosine.pdf,OK,
100,14,40,euclidean,0.4390228838067593,0.38052521018632446,0.0,99993,merged_H3_Vx_year_VIRGO_tsne_shepard_results/pdf/tsne_shepard _p100_e14_pca40_euclidean.pdf,OK,
100,14,40,manhattan,0.4390228838067593,0.31106655138985645,0.0,99993,merged_H3_Vx_year_VIRGO_tsne_shepard_results/pdf/tsne_shepard _p100_e14_pca40_manhattan.pdf,OK,
100,14,40,cosine,0.4390228838067593,0.6977018677486744,0.0,99993,merged_H3_Vx_year_VIRGO_tsne_shepard_results/pdf/tsne_shepard _p100_e14_pca40_cosine.pdf,OK,
100,14,40,euclidean,0.5376689551555229,0.34430616442703377,0.0,99993,merged_H3_Vx_year_VIRGO_tsne_shepard_results/pdf/tsne_shepard _p100_e14_pca40_euclidean.pdf,OK,
100,14,40,manhattan,0.5376689551555229,0.2675933229970133,0.0,99993,merged_H3_Vx_year_VIRGO_tsne_shepard_results/pdf/tsne_shepard _p100_e14_pca40_manhattan.pdf,OK,
100,14,40,cosine,0.5376689551555229,0.6829459797366051,0.0,99993,merged_H3_Vx_year_VIRGO_tsne_shepard_results/pdf/tsne_shepard _p100_e14_pca40_cosine.pdf,OK,
100,20,40,euclidean,0.17419488299086822,0.7940345171514244,0.0,99993,merged_H3_Vx_year_VIRGO_tsne_shepard_results/pdf/tsne_shepard _p100_e20_pca40_euclidean.pdf,OK,
100,20,40,manhattan,0.17419488299086822,0.7763832661071746,0.0,99993,merged_H3_Vx_year_VIRGO_tsne_shepard_results/pdf/tsne_shepard _p100_e20_pca40_manhattan.pdf,OK,
100,20,40,cosine,0.17419488299086822,0.7615222835631328,0.0,99993,merged_H3_Vx_year_VIRGO_tsne_shepard_results/pdf/tsne_shepard _p100_e20_pca40_cosine.pdf,OK,
100,20,40,euclidean,0.34871142972845076,0.4676182671669886,0.0,99993,merged_H3_Vx_year_VIRGO_tsne_shepard_results/pdf/tsne_shepard _p100_e20_pca40_euclidean.pdf,OK,
100,20,40,manhattan,0.34871142972845076,0.42944007807599144,0.0,99993,merged_H3_Vx_year_VIRGO_tsne_shepard_results/pdf/tsne_shepard _p100_e20_pca40_manhattan.pdf,OK,
100,20,40,cosine,0.34871142972845076,0.7228745571438197,0.0,99993,merged_H3_Vx_year_VIRGO_tsne_shepard_results/pdf/tsne_shepard _p100_e20_pca40_cosine.pdf,OK,
100,20,40,euclidean,0.4390228838067593,0.37852172555197267,0.0,99993,merged_H3_Vx_year_VIRGO_tsne_shepard_results/pdf/tsne_shepard _p100_e20_pca40_euclidean.pdf,OK,
100,20,40,manhattan,0.4390228838067593,0.30980204895587105,0.0,99993,merged_H3_Vx_year_VIRGO_tsne_shepard_results/pdf/tsne_shepard _p100_e20_pca40_manhattan.pdf,OK,
100,20,40,cosine,0.4390228838067593,0.6958061536002603,0.0,99993,merged_H3_Vx_year_VIRGO_tsne_shepard_results/pdf/tsne_shepard _p100_e20_pca40_cosine.pdf,OK,
100,20,40,euclidean,0.5376689551555229,0.3420339287421024,0.0,99993,merged_H3_Vx_year_VIRGO_tsne_shepard_results/pdf/tsne_shepard _p100_e20_pca40_euclidean.pdf,OK,
100,20,40,manhattan,0.5376689551555229,0.2947448991959586,0.0,99993,merged_H3_Vx_year_VIRGO_tsne_shepard_results/pdf/tsne_shepard _p100_e20_pca40_manhattan.pdf,OK,
100,20,40,cosine,0.5376689551555229,0.6815605942563473,0.0,99993,merged_H3_Vx_year_VIRGO_tsne_shepard_results/pdf/tsne_shepard _p100_e20_pca40_cosine.pdf,OK,
100,100,40,euclidean,0.17419488299086822,0.8239073186934314,0.0,99993,merged_H3_Vx_year_VIRGO_tsne_shepard_results/pdf/tsne_shepard _p100_e100_pca40_euclidean.pdf,OK,
100,100,40,manhattan,0.17419488299086822,0.8115417796850958,0.0,99993,merged_H3_Vx_year_VIRGO_tsne_shepard_results/pdf/tsne_shepard _p100_e100_pca40_manhattan.pdf,OK,
100,100,40,cosine,0.17419488299086822,0.7343864803476725,0.0,99993,merged_H3_Vx_year_VIRGO_tsne_shepard_results/pdf/tsne_shepard _p100_e100_pca40_cosine.pdf,OK,
100,100,40,euclidean,0.34871142972845076,0.5546989504307454,0.0,99993,merged_H3_Vx_year_VIRGO_tsne_shepard_results/pdf/tsne_shepard _p100_e100_pca40_euclidean.pdf,OK,
100,100,40,manhattan,0.34871142972845076,0.5110819497306844,0.0,99993,merged_H3_Vx_year_VIRGO_tsne_shepard_results/pdf/tsne_shepard _p100_e100_pca40_manhattan.pdf,OK,
100,100,40,cosine,0.34871142972845076,0.7655171094164658,0.0,99993,merged_H3_Vx_year_VIRGO_tsne_shepard_results/pdf/tsne_shepard _p100_e100_pca40_cosine.pdf,OK,
100,100,40,euclidean,0.4390228838067593,0.5072653591568846,0.0,99993,merged_H3_Vx_year_VIRGO_tsne_shepard_results/pdf/tsne_shepard _p100_e100_pca40_euclidean.pdf,OK,
100,100,40,manhattan,0.4390228838067593,0.3671080648724756,0.0,99993,merged_H3_Vx_year_VIRGO_tsne_shepard_results/pdf/tsne_shepard _p100_e100_pca40_manhattan.pdf,OK,
100,100,40,cosine,0.4390228838067593,0.7196013773907375,0.0,99993,merged_H3_Vx_year_VIRGO_tsne_shepard_results/pdf/tsne_shepard _p100_e100_pca40_cosine.pdf,OK,
100,100,40,euclidean,0.5376689551555229,0.42762857295147705,0.0,99993,merged_H3_Vx_year_VIRGO_tsne_shepard_results/pdf/tsne_shepard _p100_e100_pca40_euclidean.pdf,OK,
100,100,40,manhattan,0.5376689551555229,0.36472984257812086,0.0,99993,merged_H3_Vx_year_VIRGO_tsne_shepard_results/pdf/tsne_shepard _p100_e100_pca40_manhattan.pdf,OK,
100,100,40,cosine,0.5376689551555229,0.6968493393806512,0.0,99993,merged_H3_Vx_year_VIRGO_tsne_shepard_results/pdf/tsne_shepard _p100_e100_pca40_cosine.pdf,OK,
100,300,40,euclidean,0.17419488299086822,0.8364302760381888,0.0,99993,merged_H3_Vx_year_VIRGO_tsne_shepard_results/pdf/tsne_shepard _p100_e300_pca40_euclidean.pdf,OK,
100,300,40,manhattan,0.17419488299086822,0.8267376078878378,0.0,99993,merged_H3_Vx_year_VIRGO_tsne_shepard_results/pdf/tsne_shepard _p100_e300_pca40_manhattan.pdf,OK,
100,300,40,cosine,0.17419488299086822,0.7560229108720846,0.0,99993,merged_H3_Vx_year_VIRGO_tsne_shepard_results/pdf/tsne_shepard _p100_e300_pca40_cosine.pdf,OK,
100,300,40,euclidean,0.34871142972845076,0.3809974982798342,0.0,99993,merged_H3_Vx_year_VIRGO_tsne_shepard_results/pdf/tsne_shepard _p100_e300_pca40_euclidean.pdf,OK,
100,300,40,manhattan,0.34871142972845076,0.32200661865843877,0.0,99993,merged_H3_Vx_year_VIRGO_tsne_shepard_results/pdf/tsne_shepard _p100_e300_pca40_manhattan.pdf,OK,
100,300,40,cosine,0.34871142972845076,0.5942612493295435,0.0,99993,merged_H3_Vx_year_VIRGO_tsne_shepard_results/pdf/tsne_shepard _p100_e300_pca40_cosine.pdf,OK,
100,300,40,euclidean,0.4390228838067593,0.44985998787536263,0.0,99993,merged_H3_Vx_year_VIRGO_tsne_shepard_results/pdf/tsne_shepard _p100_e300_pca40_euclidean.pdf,OK,
100,300,40,manhattan,0.4390228838067593,0.3635138287209702,0.0,99993,merged_H3_Vx_year_VIRGO_tsne_shepard_results/pdf/tsne_shepard _p100_e300_pca40_manhattan.pdf,OK,
100,300,40,cosine,0.4390228838067593,0.5810885985373949,0.0,99993,merged_H3_Vx_year_VIRGO_tsne_shepard_results/pdf/tsne_shepard _p100_e300_pca40_cosine.pdf,OK,
100,300,40,euclidean,0.5376689551555229,0.40740140603437935,0.0,99993,merged_H3_Vx_year_VIRGO_tsne_shepard_results/pdf/tsne_shepard _p100_e300_pca40_euclidean.pdf,OK,
100,300,40,manhattan,0.5376689551555229,0.2674556732895626,0.0,99993,merged_H3_Vx_year_VIRGO_tsne_shepard_results/pdf/tsne_shepard _p100_e300_pca40_manhattan.pdf,OK,
100,300,40,cosine,0.5376689551555229,0.5395403635459898,0.0,99993,merged_H3_Vx_year_VIRGO_tsne_shepard_results/pdf/tsne_shepard _p100_e300_pca40_cosine.pdf,OK,
100,1000,40,euclidean,0.17419488299086822,0.22208303557576506,0.0,99993,merged_H3_Vx_year_VIRGO_tsne_shepard_results/pdf/tsne_shepard _p100_e1000_pca40_euclidean.pdf,OK,
100,1000,40,manhattan,0.17419488299086822,0.23436963152608337,0.0,99993,merged_H3_Vx_year_VIRGO_tsne_shepard_results/pdf/tsne_shepard _p100_e1000_pca40_manhattan.pdf,OK,
100,1000,40,cosine,0.17419488299086822,0.4802426497504178,0.0,99993,merged_H3_Vx_year_VIRGO_tsne_shepard_results/pdf/tsne_shepard _p100_e1000_pca40_cosine.pdf,OK,
100,1000,40,euclidean,0.34871142972845076,0.5157844422088306,0.0,99993,merged_H3_Vx_year_VIRGO_tsne_shepard_results/pdf/tsne_shepard _p100_e1000_pca40_euclidean.pdf,OK,
100,1000,40,manhattan,0.34871142972845076,0.5298779221434389,0.0,99993,merged_H3_Vx_year_VIRGO_tsne_shepard_results/pdf/tsne_shepard _p100_e1000_pca40_manhattan.pdf,OK,
100,1000,40,cosine,0.34871142972845076,0.30668007807993425,0.0,99993,merged_H3_Vx_year_VIRGO_tsne_shepard_results/pdf/tsne_shepard _p100_e1000_pca40_cosine.pdf,OK,
100,1000,40,euclidean,0.4390228838067593,0.3825119082989842,0.0,99993,merged_H3_Vx_year_VIRGO_tsne_shepard_results/pdf/tsne_shepard _p100_e1000_pca40_euclidean.pdf,OK,
100,1000,40,manhattan,0.4390228838067593,0.32594538192315065,0.0,99993,merged_H3_Vx_year_VIRGO_tsne_shepard_results/pdf/tsne_shepard _p100_e1000_pca40_manhattan.pdf,OK,
100,1000,40,cosine,0.4390228838067593,0.47533124295587714,0.0,99993,merged_H3_Vx_year_VIRGO_tsne_shepard_results/pdf/tsne_shepard _p100_e1000_pca40_cosine.pdf,OK,
100,1000,40,euclidean,0.5376689551555229,0.43065971574845,0.0,99993,merged_H3_Vx_year_VIRGO_tsne_shepard_results/pdf/tsne_shepard _p100_e1000_pca40_euclidean.pdf,OK,
100,1000,40,manhattan,0.5376689551555229,0.25189748548238866,0.0,99993,merged_H3_Vx_year_VIRGO_tsne_shepard_results/pdf/tsne_shepard _p100_e1000_pca40_manhattan.pdf,OK,
100,1000,40,cosine,0.5376689551555229,0.3908204037877261,0.0,99993,merged_H3_Vx_year_VIRGO_tsne_shepard_results/pdf/tsne_shepard _p100_e1000_pca40_cosine.pdf,OK,
