N_Neighbors,Min_dist,Repulsion_str,metric,spearman_rho,p_value,n_pairs,pdf,status,error
50,0.25,0.01,manhattan,0.4681828197187971,0.0,99990,umap_shepard_results/pdf/umap_shepard _n50_m0.25_repstr0.01_manhattan.pdf,OK,
5,0.99,1.0,euclidean,0.45800623413130637,0.0,99990,umap_shepard_results/pdf/umap_shepard _n5_m0.99_repstr1.0_euclidean.pdf,OK,
1000,0.8,10.0,cosine,0.4566397885958285,0.0,99990,umap_shepard_results/pdf/umap_shepard _n1000_m0.8_repstr10.0_cosine.pdf,OK,
5,0.0,0.5,manhattan,0.4424097656285226,0.0,99990,umap_shepard_results/pdf/umap_shepard _n5_m0.0_repstr0.5_manhattan.pdf,OK,
2,0.99,10.0,cosine,0.4403283297225232,0.0,99990,umap_shepard_results/pdf/umap_shepard _n2_m0.99_repstr10.0_cosine.pdf,OK,
50,0.5,10.0,manhattan,0.4306174156472864,0.0,99990,umap_shepard_results/pdf/umap_shepard _n50_m0.5_repstr10.0_manhattan.pdf,OK,
20,0.99,5.0,manhattan,0.4289307069324589,0.0,99990,umap_shepard_results/pdf/umap_shepard _n20_m0.99_repstr5.0_manhattan.pdf,OK,
200,0.25,0.01,euclidean,0.4283424841693351,0.0,99990,umap_shepard_results/pdf/umap_shepard _n200_m0.25_repstr0.01_euclidean.pdf,OK,
100,0.1,10.0,euclidean,0.4283309086464213,0.0,99990,umap_shepard_results/pdf/umap_shepard _n100_m0.1_repstr10.0_euclidean.pdf,OK,
2,0.25,1.0,cosine,0.4281233629937888,0.0,99990,umap_shepard_results/pdf/umap_shepard _n2_m0.25_repstr1.0_cosine.pdf,OK,
1000,0.8,1.0,euclidean,0.42806343890572657,0.0,99990,umap_shepard_results/pdf/umap_shepard _n1000_m0.8_repstr1.0_euclidean.pdf,OK,
1000,0.1,5.0,euclidean,0.42800387844681503,0.0,99990,umap_shepard_results/pdf/umap_shepard _n1000_m0.1_repstr5.0_euclidean.pdf,OK,
100,0.0,5.0,manhattan,0.42788565431074543,0.0,99990,umap_shepard_results/pdf/umap_shepard _n100_m0.0_repstr5.0_manhattan.pdf,OK,
50,0.5,2.0,euclidean,0.4274774609278375,0.0,99990,umap_shepard_results/pdf/umap_shepard _n50_m0.5_repstr2.0_euclidean.pdf,OK,
1000,0.8,0.5,manhattan,0.42746958154820036,0.0,99990,umap_shepard_results/pdf/umap_shepard _n1000_m0.8_repstr0.5_manhattan.pdf,OK,
20,0.5,10.0,manhattan,0.4274431321326273,0.0,99990,umap_shepard_results/pdf/umap_shepard _n20_m0.5_repstr10.0_manhattan.pdf,OK,
1000,0.0,1.0,cosine,0.42735217059198033,0.0,99990,umap_shepard_results/pdf/umap_shepard _n1000_m0.0_repstr1.0_cosine.pdf,OK,
50,0.99,100.0,manhattan,0.4273010032812301,0.0,99990,umap_shepard_results/pdf/umap_shepard _n50_m0.99_repstr100.0_manhattan.pdf,OK,
50,0.99,0.01,manhattan,0.4272994508885518,0.0,99990,umap_shepard_results/pdf/umap_shepard _n50_m0.99_repstr0.01_manhattan.pdf,OK,
1000,0.99,10.0,cosine,0.4272804516009895,0.0,99990,umap_shepard_results/pdf/umap_shepard _n1000_m0.99_repstr10.0_cosine.pdf,OK,
1000,0.0,0.5,cosine,0.4270809463407929,0.0,99990,umap_shepard_results/pdf/umap_shepard _n1000_m0.0_repstr0.5_cosine.pdf,OK,
100,0.99,0.01,cosine,0.4270762460526643,0.0,99990,umap_shepard_results/pdf/umap_shepard _n100_m0.99_repstr0.01_cosine.pdf,OK,
20,0.99,1.0,manhattan,0.4270280288531614,0.0,99990,umap_shepard_results/pdf/umap_shepard _n20_m0.99_repstr1.0_manhattan.pdf,OK,
20,0.8,2.0,cosine,0.4269941173386355,0.0,99990,umap_shepard_results/pdf/umap_shepard _n20_m0.8_repstr2.0_cosine.pdf,OK,
1000,0.1,100.0,manhattan,0.42693797661554145,0.0,99990,umap_shepard_results/pdf/umap_shepard _n1000_m0.1_repstr100.0_manhattan.pdf,OK,
2,0.5,100.0,manhattan,0.42688289964513854,0.0,99990,umap_shepard_results/pdf/umap_shepard _n2_m0.5_repstr100.0_manhattan.pdf,OK,
200,0.25,0.5,euclidean,0.4267739117815518,0.0,99990,umap_shepard_results/pdf/umap_shepard _n200_m0.25_repstr0.5_euclidean.pdf,OK,
20,0.99,1.0,cosine,0.42671274997212344,0.0,99990,umap_shepard_results/pdf/umap_shepard _n20_m0.99_repstr1.0_cosine.pdf,OK,
2,0.99,5.0,euclidean,0.42669955266258436,0.0,99990,umap_shepard_results/pdf/umap_shepard _n2_m0.99_repstr5.0_euclidean.pdf,OK,
2,0.8,5.0,euclidean,0.42668911382307034,0.0,99990,umap_shepard_results/pdf/umap_shepard _n2_m0.8_repstr5.0_euclidean.pdf,OK,
2,0.25,0.5,euclidean,0.4266802335769476,0.0,99990,umap_shepard_results/pdf/umap_shepard _n2_m0.25_repstr0.5_euclidean.pdf,OK,
5,0.0,100.0,euclidean,0.42662713419544324,0.0,99990,umap_shepard_results/pdf/umap_shepard _n5_m0.0_repstr100.0_euclidean.pdf,OK,
5,0.25,0.01,cosine,0.42657806256141173,0.0,99990,umap_shepard_results/pdf/umap_shepard _n5_m0.25_repstr0.01_cosine.pdf,OK,
1000,0.8,5.0,cosine,0.4265615805713518,0.0,99990,umap_shepard_results/pdf/umap_shepard _n1000_m0.8_repstr5.0_cosine.pdf,OK,
5,0.0,2.0,cosine,0.42655146441136677,0.0,99990,umap_shepard_results/pdf/umap_shepard _n5_m0.0_repstr2.0_cosine.pdf,OK,
5,0.1,5.0,cosine,0.42653695243410406,0.0,99990,umap_shepard_results/pdf/umap_shepard _n5_m0.1_repstr5.0_cosine.pdf,OK,
20,0.5,0.01,manhattan,0.42652841647981665,0.0,99990,umap_shepard_results/pdf/umap_shepard _n20_m0.5_repstr0.01_manhattan.pdf,OK,
100,0.8,0.5,cosine,0.42650125262543903,0.0,99990,umap_shepard_results/pdf/umap_shepard _n100_m0.8_repstr0.5_cosine.pdf,OK,
2,0.5,0.01,cosine,0.4264623447475633,0.0,99990,umap_shepard_results/pdf/umap_shepard _n2_m0.5_repstr0.01_cosine.pdf,OK,
100,0.1,1.0,cosine,0.42644686598428483,0.0,99990,umap_shepard_results/pdf/umap_shepard _n100_m0.1_repstr1.0_cosine.pdf,OK,
1000,0.99,1.0,euclidean,0.4264402744081908,0.0,99990,umap_shepard_results/pdf/umap_shepard _n1000_m0.99_repstr1.0_euclidean.pdf,OK,
20,0.99,100.0,manhattan,0.42642695983698853,0.0,99990,umap_shepard_results/pdf/umap_shepard _n20_m0.99_repstr100.0_manhattan.pdf,OK,
5,0.1,1.0,euclidean,0.4263363193634823,0.0,99990,umap_shepard_results/pdf/umap_shepard _n5_m0.1_repstr1.0_euclidean.pdf,OK,
5,0.8,1.0,manhattan,0.42630098516823617,0.0,99990,umap_shepard_results/pdf/umap_shepard _n5_m0.8_repstr1.0_manhattan.pdf,OK,
20,0.1,0.01,cosine,0.4262425378675843,0.0,99990,umap_shepard_results/pdf/umap_shepard _n20_m0.1_repstr0.01_cosine.pdf,OK,
1000,0.99,0.5,euclidean,0.4262351458693468,0.0,99990,umap_shepard_results/pdf/umap_shepard _n1000_m0.99_repstr0.5_euclidean.pdf,OK,
100,0.5,0.5,cosine,0.42621685828589945,0.0,99990,umap_shepard_results/pdf/umap_shepard _n100_m0.5_repstr0.5_cosine.pdf,OK,
200,0.1,0.5,manhattan,0.42621510061345563,0.0,99990,umap_shepard_results/pdf/umap_shepard _n200_m0.1_repstr0.5_manhattan.pdf,OK,
20,0.0,0.5,cosine,0.42617657086431415,0.0,99990,umap_shepard_results/pdf/umap_shepard _n20_m0.0_repstr0.5_cosine.pdf,OK,
5,0.8,1.0,cosine,0.4261373571103551,0.0,99990,umap_shepard_results/pdf/umap_shepard _n5_m0.8_repstr1.0_cosine.pdf,OK,
100,0.8,100.0,manhattan,0.42612703780732675,0.0,99990,umap_shepard_results/pdf/umap_shepard _n100_m0.8_repstr100.0_manhattan.pdf,OK,
20,0.0,10.0,cosine,0.42611947175365494,0.0,99990,umap_shepard_results/pdf/umap_shepard _n20_m0.0_repstr10.0_cosine.pdf,OK,
5,0.0,100.0,manhattan,0.4261070861753756,0.0,99990,umap_shepard_results/pdf/umap_shepard _n5_m0.0_repstr100.0_manhattan.pdf,OK,
50,0.99,5.0,euclidean,0.42609996087588625,0.0,99990,umap_shepard_results/pdf/umap_shepard _n50_m0.99_repstr5.0_euclidean.pdf,OK,
5,0.25,100.0,euclidean,0.4260824722244848,0.0,99990,umap_shepard_results/pdf/umap_shepard _n5_m0.25_repstr100.0_euclidean.pdf,OK,
100,0.0,0.01,manhattan,0.42606956184749895,0.0,99990,umap_shepard_results/pdf/umap_shepard _n100_m0.0_repstr0.01_manhattan.pdf,OK,
2,0.8,5.0,cosine,0.4260401206070524,0.0,99990,umap_shepard_results/pdf/umap_shepard _n2_m0.8_repstr5.0_cosine.pdf,OK,
2,0.0,2.0,cosine,0.426017840673827,0.0,99990,umap_shepard_results/pdf/umap_shepard _n2_m0.0_repstr2.0_cosine.pdf,OK,
1000,0.99,5.0,cosine,0.42601437446772444,0.0,99990,umap_shepard_results/pdf/umap_shepard _n1000_m0.99_repstr5.0_cosine.pdf,OK,
5,0.5,2.0,cosine,0.42600819232722364,0.0,99990,umap_shepard_results/pdf/umap_shepard _n5_m0.5_repstr2.0_cosine.pdf,OK,
100,0.5,5.0,cosine,0.4259874102905861,0.0,99990,umap_shepard_results/pdf/umap_shepard _n100_m0.5_repstr5.0_cosine.pdf,OK,
200,0.1,100.0,cosine,0.42597139639898984,0.0,99990,umap_shepard_results/pdf/umap_shepard _n200_m0.1_repstr100.0_cosine.pdf,OK,
200,0.8,10.0,manhattan,0.42595778842930465,0.0,99990,umap_shepard_results/pdf/umap_shepard _n200_m0.8_repstr10.0_manhattan.pdf,OK,
1000,0.1,10.0,euclidean,0.4259503800457952,0.0,99990,umap_shepard_results/pdf/umap_shepard _n1000_m0.1_repstr10.0_euclidean.pdf,OK,
5,0.0,5.0,euclidean,0.4259411237214653,0.0,99990,umap_shepard_results/pdf/umap_shepard _n5_m0.0_repstr5.0_euclidean.pdf,OK,
2,0.25,0.5,manhattan,0.42594030234997693,0.0,99990,umap_shepard_results/pdf/umap_shepard _n2_m0.25_repstr0.5_manhattan.pdf,OK,
100,0.5,0.5,euclidean,0.4259391271269374,0.0,99990,umap_shepard_results/pdf/umap_shepard _n100_m0.5_repstr0.5_euclidean.pdf,OK,
1000,0.8,0.5,euclidean,0.4259308522565763,0.0,99990,umap_shepard_results/pdf/umap_shepard _n1000_m0.8_repstr0.5_euclidean.pdf,OK,
1000,0.5,1.0,euclidean,0.4259063201913015,0.0,99990,umap_shepard_results/pdf/umap_shepard _n1000_m0.5_repstr1.0_euclidean.pdf,OK,
5,0.99,1.0,cosine,0.42590462739947904,0.0,99990,umap_shepard_results/pdf/umap_shepard _n5_m0.99_repstr1.0_cosine.pdf,OK,
2,0.0,1.0,manhattan,0.4258915344148834,0.0,99990,umap_shepard_results/pdf/umap_shepard _n2_m0.0_repstr1.0_manhattan.pdf,OK,
1000,0.5,0.5,manhattan,0.42588546641859615,0.0,99990,umap_shepard_results/pdf/umap_shepard _n1000_m0.5_repstr0.5_manhattan.pdf,OK,
5,0.5,2.0,euclidean,0.4258308509110021,0.0,99990,umap_shepard_results/pdf/umap_shepard _n5_m0.5_repstr2.0_euclidean.pdf,OK,
100,0.99,10.0,euclidean,0.4258267494861317,0.0,99990,umap_shepard_results/pdf/umap_shepard _n100_m0.99_repstr10.0_euclidean.pdf,OK,
1000,0.1,0.5,cosine,0.4258228963006138,0.0,99990,umap_shepard_results/pdf/umap_shepard _n1000_m0.1_repstr0.5_cosine.pdf,OK,
20,0.1,5.0,manhattan,0.4258122150236688,0.0,99990,umap_shepard_results/pdf/umap_shepard _n20_m0.1_repstr5.0_manhattan.pdf,OK,
50,0.8,1.0,euclidean,0.42579348192310174,0.0,99990,umap_shepard_results/pdf/umap_shepard _n50_m0.8_repstr1.0_euclidean.pdf,OK,
200,0.99,10.0,euclidean,0.4257857230069285,0.0,99990,umap_shepard_results/pdf/umap_shepard _n200_m0.99_repstr10.0_euclidean.pdf,OK,
5,0.99,10.0,manhattan,0.42575836233847464,0.0,99990,umap_shepard_results/pdf/umap_shepard _n5_m0.99_repstr10.0_manhattan.pdf,OK,
100,0.5,2.0,euclidean,0.42574160765360797,0.0,99990,umap_shepard_results/pdf/umap_shepard _n100_m0.5_repstr2.0_euclidean.pdf,OK,
20,0.99,10.0,cosine,0.42572873641936554,0.0,99990,umap_shepard_results/pdf/umap_shepard _n20_m0.99_repstr10.0_cosine.pdf,OK,
5,0.5,0.5,manhattan,0.42572847701205063,0.0,99990,umap_shepard_results/pdf/umap_shepard _n5_m0.5_repstr0.5_manhattan.pdf,OK,
20,0.8,0.5,cosine,0.4257217564569114,0.0,99990,umap_shepard_results/pdf/umap_shepard _n20_m0.8_repstr0.5_cosine.pdf,OK,
50,0.25,100.0,cosine,0.42571740866814267,0.0,99990,umap_shepard_results/pdf/umap_shepard _n50_m0.25_repstr100.0_cosine.pdf,OK,
100,0.5,5.0,euclidean,0.42571487522448487,0.0,99990,umap_shepard_results/pdf/umap_shepard _n100_m0.5_repstr5.0_euclidean.pdf,OK,
100,0.25,0.5,cosine,0.42567893987081856,0.0,99990,umap_shepard_results/pdf/umap_shepard _n100_m0.25_repstr0.5_cosine.pdf,OK,
50,0.5,5.0,manhattan,0.425673428283531,0.0,99990,umap_shepard_results/pdf/umap_shepard _n50_m0.5_repstr5.0_manhattan.pdf,OK,
100,0.0,10.0,cosine,0.4256717015774315,0.0,99990,umap_shepard_results/pdf/umap_shepard _n100_m0.0_repstr10.0_cosine.pdf,OK,
5,0.5,10.0,euclidean,0.4256661179799671,0.0,99990,umap_shepard_results/pdf/umap_shepard _n5_m0.5_repstr10.0_euclidean.pdf,OK,
20,0.5,10.0,euclidean,0.42566287071699865,0.0,99990,umap_shepard_results/pdf/umap_shepard _n20_m0.5_repstr10.0_euclidean.pdf,OK,
2,0.8,100.0,manhattan,0.42565869761069347,0.0,99990,umap_shepard_results/pdf/umap_shepard _n2_m0.8_repstr100.0_manhattan.pdf,OK,
50,0.25,0.5,cosine,0.42564155487518907,0.0,99990,umap_shepard_results/pdf/umap_shepard _n50_m0.25_repstr0.5_cosine.pdf,OK,
200,0.0,0.01,euclidean,0.425636771875803,0.0,99990,umap_shepard_results/pdf/umap_shepard _n200_m0.0_repstr0.01_euclidean.pdf,OK,
100,0.5,0.01,manhattan,0.42562796920605683,0.0,99990,umap_shepard_results/pdf/umap_shepard _n100_m0.5_repstr0.01_manhattan.pdf,OK,
20,0.25,1.0,euclidean,0.4256237777267683,0.0,99990,umap_shepard_results/pdf/umap_shepard _n20_m0.25_repstr1.0_euclidean.pdf,OK,
2,0.8,0.01,euclidean,0.4256106155156008,0.0,99990,umap_shepard_results/pdf/umap_shepard _n2_m0.8_repstr0.01_euclidean.pdf,OK,
5,0.5,5.0,euclidean,0.4255648478774108,0.0,99990,umap_shepard_results/pdf/umap_shepard _n5_m0.5_repstr5.0_euclidean.pdf,OK,
5,0.25,5.0,euclidean,0.4255347150957489,0.0,99990,umap_shepard_results/pdf/umap_shepard _n5_m0.25_repstr5.0_euclidean.pdf,OK,
100,0.99,0.01,euclidean,0.4255281230454784,0.0,99990,umap_shepard_results/pdf/umap_shepard _n100_m0.99_repstr0.01_euclidean.pdf,OK,
20,0.5,5.0,cosine,0.42552395551210964,0.0,99990,umap_shepard_results/pdf/umap_shepard _n20_m0.5_repstr5.0_cosine.pdf,OK,
20,0.1,0.01,manhattan,0.42551152553126753,0.0,99990,umap_shepard_results/pdf/umap_shepard _n20_m0.1_repstr0.01_manhattan.pdf,OK,
5,0.99,100.0,cosine,0.425498857759806,0.0,99990,umap_shepard_results/pdf/umap_shepard _n5_m0.99_repstr100.0_cosine.pdf,OK,
20,0.8,10.0,cosine,0.4254968811425387,0.0,99990,umap_shepard_results/pdf/umap_shepard _n20_m0.8_repstr10.0_cosine.pdf,OK,
50,0.25,2.0,manhattan,0.42549227731016254,0.0,99990,umap_shepard_results/pdf/umap_shepard _n50_m0.25_repstr2.0_manhattan.pdf,OK,
5,0.0,10.0,manhattan,0.4254856148981353,0.0,99990,umap_shepard_results/pdf/umap_shepard _n5_m0.0_repstr10.0_manhattan.pdf,OK,
100,0.8,5.0,manhattan,0.4254616981771734,0.0,99990,umap_shepard_results/pdf/umap_shepard _n100_m0.8_repstr5.0_manhattan.pdf,OK,
200,0.5,10.0,cosine,0.4254265700035707,0.0,99990,umap_shepard_results/pdf/umap_shepard _n200_m0.5_repstr10.0_cosine.pdf,OK,
200,0.5,2.0,cosine,0.4254219704621268,0.0,99990,umap_shepard_results/pdf/umap_shepard _n200_m0.5_repstr2.0_cosine.pdf,OK,
100,0.0,100.0,manhattan,0.4254059313090274,0.0,99990,umap_shepard_results/pdf/umap_shepard _n100_m0.0_repstr100.0_manhattan.pdf,OK,
2,0.99,0.5,euclidean,0.425395672192774,0.0,99990,umap_shepard_results/pdf/umap_shepard _n2_m0.99_repstr0.5_euclidean.pdf,OK,
2,0.99,5.0,cosine,0.42538855485862254,0.0,99990,umap_shepard_results/pdf/umap_shepard _n2_m0.99_repstr5.0_cosine.pdf,OK,
5,0.0,100.0,cosine,0.42537123134732646,0.0,99990,umap_shepard_results/pdf/umap_shepard _n5_m0.0_repstr100.0_cosine.pdf,OK,
50,0.25,5.0,cosine,0.4253632280972838,0.0,99990,umap_shepard_results/pdf/umap_shepard _n50_m0.25_repstr5.0_cosine.pdf,OK,
2,0.1,10.0,euclidean,0.4253539126486592,0.0,99990,umap_shepard_results/pdf/umap_shepard _n2_m0.1_repstr10.0_euclidean.pdf,OK,
1000,0.8,0.5,cosine,0.4253537026723049,0.0,99990,umap_shepard_results/pdf/umap_shepard _n1000_m0.8_repstr0.5_cosine.pdf,OK,
100,0.99,1.0,cosine,0.4253482218532314,0.0,99990,umap_shepard_results/pdf/umap_shepard _n100_m0.99_repstr1.0_cosine.pdf,OK,
20,0.0,100.0,cosine,0.425325246261515,0.0,99990,umap_shepard_results/pdf/umap_shepard _n20_m0.0_repstr100.0_cosine.pdf,OK,
50,0.0,0.01,manhattan,0.4253098886414282,0.0,99990,umap_shepard_results/pdf/umap_shepard _n50_m0.0_repstr0.01_manhattan.pdf,OK,
2,0.25,100.0,cosine,0.4253069925182788,0.0,99990,umap_shepard_results/pdf/umap_shepard _n2_m0.25_repstr100.0_cosine.pdf,OK,
100,0.1,0.01,cosine,0.4253038656233087,0.0,99990,umap_shepard_results/pdf/umap_shepard _n100_m0.1_repstr0.01_cosine.pdf,OK,
20,0.0,0.01,euclidean,0.42529566891181414,0.0,99990,umap_shepard_results/pdf/umap_shepard _n20_m0.0_repstr0.01_euclidean.pdf,OK,
2,0.1,100.0,manhattan,0.42529477595834414,0.0,99990,umap_shepard_results/pdf/umap_shepard _n2_m0.1_repstr100.0_manhattan.pdf,OK,
50,0.1,0.5,cosine,0.42529175377344675,0.0,99990,umap_shepard_results/pdf/umap_shepard _n50_m0.1_repstr0.5_cosine.pdf,OK,
100,0.25,100.0,manhattan,0.42527750778453466,0.0,99990,umap_shepard_results/pdf/umap_shepard _n100_m0.25_repstr100.0_manhattan.pdf,OK,
20,0.0,1.0,manhattan,0.4252718452868808,0.0,99990,umap_shepard_results/pdf/umap_shepard _n20_m0.0_repstr1.0_manhattan.pdf,OK,
200,0.25,0.5,manhattan,0.4252543272455872,0.0,99990,umap_shepard_results/pdf/umap_shepard _n200_m0.25_repstr0.5_manhattan.pdf,OK,
5,0.1,0.01,manhattan,0.42525014097853836,0.0,99990,umap_shepard_results/pdf/umap_shepard _n5_m0.1_repstr0.01_manhattan.pdf,OK,
20,0.1,2.0,manhattan,0.42523247087676397,0.0,99990,umap_shepard_results/pdf/umap_shepard _n20_m0.1_repstr2.0_manhattan.pdf,OK,
100,0.1,10.0,manhattan,0.4252104328371418,0.0,99990,umap_shepard_results/pdf/umap_shepard _n100_m0.1_repstr10.0_manhattan.pdf,OK,
100,0.1,0.5,cosine,0.4251857555772895,0.0,99990,umap_shepard_results/pdf/umap_shepard _n100_m0.1_repstr0.5_cosine.pdf,OK,
1000,0.25,0.01,manhattan,0.4251844728171559,0.0,99990,umap_shepard_results/pdf/umap_shepard _n1000_m0.25_repstr0.01_manhattan.pdf,OK,
50,0.8,2.0,manhattan,0.4251794960086366,0.0,99990,umap_shepard_results/pdf/umap_shepard _n50_m0.8_repstr2.0_manhattan.pdf,OK,
20,0.99,10.0,euclidean,0.4251628297606176,0.0,99990,umap_shepard_results/pdf/umap_shepard _n20_m0.99_repstr10.0_euclidean.pdf,OK,
50,0.8,5.0,cosine,0.4251590963882701,0.0,99990,umap_shepard_results/pdf/umap_shepard _n50_m0.8_repstr5.0_cosine.pdf,OK,
100,0.0,5.0,euclidean,0.425139983086877,0.0,99990,umap_shepard_results/pdf/umap_shepard _n100_m0.0_repstr5.0_euclidean.pdf,OK,
5,0.1,0.5,euclidean,0.42512083872453427,0.0,99990,umap_shepard_results/pdf/umap_shepard _n5_m0.1_repstr0.5_euclidean.pdf,OK,
1000,0.5,10.0,manhattan,0.42511565409629903,0.0,99990,umap_shepard_results/pdf/umap_shepard _n1000_m0.5_repstr10.0_manhattan.pdf,OK,
50,0.8,1.0,cosine,0.42510795493905595,0.0,99990,umap_shepard_results/pdf/umap_shepard _n50_m0.8_repstr1.0_cosine.pdf,OK,
20,0.8,5.0,euclidean,0.42510558102881135,0.0,99990,umap_shepard_results/pdf/umap_shepard _n20_m0.8_repstr5.0_euclidean.pdf,OK,
1000,0.25,0.5,euclidean,0.4250872523041112,0.0,99990,umap_shepard_results/pdf/umap_shepard _n1000_m0.25_repstr0.5_euclidean.pdf,OK,
200,0.5,2.0,euclidean,0.42507141904975626,0.0,99990,umap_shepard_results/pdf/umap_shepard _n200_m0.5_repstr2.0_euclidean.pdf,OK,
2,0.0,5.0,euclidean,0.42507036525057684,0.0,99990,umap_shepard_results/pdf/umap_shepard _n2_m0.0_repstr5.0_euclidean.pdf,OK,
20,0.8,5.0,cosine,0.425069320800792,0.0,99990,umap_shepard_results/pdf/umap_shepard _n20_m0.8_repstr5.0_cosine.pdf,OK,
200,0.5,100.0,cosine,0.4250594001640279,0.0,99990,umap_shepard_results/pdf/umap_shepard _n200_m0.5_repstr100.0_cosine.pdf,OK,
200,0.8,100.0,manhattan,0.42505660342805635,0.0,99990,umap_shepard_results/pdf/umap_shepard _n200_m0.8_repstr100.0_manhattan.pdf,OK,
1000,0.0,5.0,manhattan,0.42505361081997106,0.0,99990,umap_shepard_results/pdf/umap_shepard _n1000_m0.0_repstr5.0_manhattan.pdf,OK,
1000,0.5,2.0,cosine,0.42504985480792257,0.0,99990,umap_shepard_results/pdf/umap_shepard _n1000_m0.5_repstr2.0_cosine.pdf,OK,
2,0.99,0.01,euclidean,0.4250491940721659,0.0,99990,umap_shepard_results/pdf/umap_shepard _n2_m0.99_repstr0.01_euclidean.pdf,OK,
200,0.99,5.0,manhattan,0.4250487709408641,0.0,99990,umap_shepard_results/pdf/umap_shepard _n200_m0.99_repstr5.0_manhattan.pdf,OK,
50,0.1,1.0,euclidean,0.42503615218868296,0.0,99990,umap_shepard_results/pdf/umap_shepard _n50_m0.1_repstr1.0_euclidean.pdf,OK,
5,0.5,2.0,manhattan,0.42502666063683353,0.0,99990,umap_shepard_results/pdf/umap_shepard _n5_m0.5_repstr2.0_manhattan.pdf,OK,
1000,0.8,0.01,euclidean,0.4250087384238816,0.0,99990,umap_shepard_results/pdf/umap_shepard _n1000_m0.8_repstr0.01_euclidean.pdf,OK,
200,0.8,0.5,cosine,0.4250079510858971,0.0,99990,umap_shepard_results/pdf/umap_shepard _n200_m0.8_repstr0.5_cosine.pdf,OK,
20,0.1,1.0,euclidean,0.42500300592005463,0.0,99990,umap_shepard_results/pdf/umap_shepard _n20_m0.1_repstr1.0_euclidean.pdf,OK,
200,0.25,2.0,euclidean,0.42500268654353407,0.0,99990,umap_shepard_results/pdf/umap_shepard _n200_m0.25_repstr2.0_euclidean.pdf,OK,
200,0.8,5.0,manhattan,0.42499296346557563,0.0,99990,umap_shepard_results/pdf/umap_shepard _n200_m0.8_repstr5.0_manhattan.pdf,OK,
20,0.0,1.0,euclidean,0.42497856535251294,0.0,99990,umap_shepard_results/pdf/umap_shepard _n20_m0.0_repstr1.0_euclidean.pdf,OK,
200,0.1,1.0,euclidean,0.4249776751496286,0.0,99990,umap_shepard_results/pdf/umap_shepard _n200_m0.1_repstr1.0_euclidean.pdf,OK,
1000,0.99,2.0,manhattan,0.42497488497810065,0.0,99990,umap_shepard_results/pdf/umap_shepard _n1000_m0.99_repstr2.0_manhattan.pdf,OK,
5,0.5,100.0,euclidean,0.424969731557783,0.0,99990,umap_shepard_results/pdf/umap_shepard _n5_m0.5_repstr100.0_euclidean.pdf,OK,
2,0.25,5.0,euclidean,0.42496784140309546,0.0,99990,umap_shepard_results/pdf/umap_shepard _n2_m0.25_repstr5.0_euclidean.pdf,OK,
50,0.0,0.5,manhattan,0.4249671238364095,0.0,99990,umap_shepard_results/pdf/umap_shepard _n50_m0.0_repstr0.5_manhattan.pdf,OK,
200,0.25,0.01,manhattan,0.4249560183714343,0.0,99990,umap_shepard_results/pdf/umap_shepard _n200_m0.25_repstr0.01_manhattan.pdf,OK,
5,0.25,5.0,cosine,0.42495537317405924,0.0,99990,umap_shepard_results/pdf/umap_shepard _n5_m0.25_repstr5.0_cosine.pdf,OK,
5,0.5,10.0,manhattan,0.42495413261136034,0.0,99990,umap_shepard_results/pdf/umap_shepard _n5_m0.5_repstr10.0_manhattan.pdf,OK,
2,0.0,0.5,euclidean,0.4249478565721492,0.0,99990,umap_shepard_results/pdf/umap_shepard _n2_m0.0_repstr0.5_euclidean.pdf,OK,
100,0.0,2.0,manhattan,0.4249437502748822,0.0,99990,umap_shepard_results/pdf/umap_shepard _n100_m0.0_repstr2.0_manhattan.pdf,OK,
200,0.99,2.0,cosine,0.4249205079304365,0.0,99990,umap_shepard_results/pdf/umap_shepard _n200_m0.99_repstr2.0_cosine.pdf,OK,
100,0.0,2.0,cosine,0.42491437849923314,0.0,99990,umap_shepard_results/pdf/umap_shepard _n100_m0.0_repstr2.0_cosine.pdf,OK,
20,0.1,2.0,euclidean,0.42491216557011996,0.0,99990,umap_shepard_results/pdf/umap_shepard _n20_m0.1_repstr2.0_euclidean.pdf,OK,
2,0.5,100.0,cosine,0.42490422064565914,0.0,99990,umap_shepard_results/pdf/umap_shepard _n2_m0.5_repstr100.0_cosine.pdf,OK,
200,0.5,10.0,manhattan,0.42490031503041953,0.0,99990,umap_shepard_results/pdf/umap_shepard _n200_m0.5_repstr10.0_manhattan.pdf,OK,
50,0.5,0.5,euclidean,0.424889016721963,0.0,99990,umap_shepard_results/pdf/umap_shepard _n50_m0.5_repstr0.5_euclidean.pdf,OK,
2,0.25,2.0,euclidean,0.42486871715218005,0.0,99990,umap_shepard_results/pdf/umap_shepard _n2_m0.25_repstr2.0_euclidean.pdf,OK,
200,0.99,0.01,cosine,0.4248480733115843,0.0,99990,umap_shepard_results/pdf/umap_shepard _n200_m0.99_repstr0.01_cosine.pdf,OK,
2,0.1,0.5,cosine,0.4248434244795475,0.0,99990,umap_shepard_results/pdf/umap_shepard _n2_m0.1_repstr0.5_cosine.pdf,OK,
5,0.25,2.0,cosine,0.4248417807926966,0.0,99990,umap_shepard_results/pdf/umap_shepard _n5_m0.25_repstr2.0_cosine.pdf,OK,
50,0.5,0.5,cosine,0.4248327047787031,0.0,99990,umap_shepard_results/pdf/umap_shepard _n50_m0.5_repstr0.5_cosine.pdf,OK,
200,0.99,2.0,euclidean,0.4248138588933604,0.0,99990,umap_shepard_results/pdf/umap_shepard _n200_m0.99_repstr2.0_euclidean.pdf,OK,
50,0.0,0.01,cosine,0.42481375677805944,0.0,99990,umap_shepard_results/pdf/umap_shepard _n50_m0.0_repstr0.01_cosine.pdf,OK,
1000,0.25,0.5,manhattan,0.4248041889870527,0.0,99990,umap_shepard_results/pdf/umap_shepard _n1000_m0.25_repstr0.5_manhattan.pdf,OK,
200,0.0,100.0,manhattan,0.42478673046746446,0.0,99990,umap_shepard_results/pdf/umap_shepard _n200_m0.0_repstr100.0_manhattan.pdf,OK,
2,0.1,0.01,manhattan,0.42476166786873737,0.0,99990,umap_shepard_results/pdf/umap_shepard _n2_m0.1_repstr0.01_manhattan.pdf,OK,
100,0.0,1.0,euclidean,0.4247591001815189,0.0,99990,umap_shepard_results/pdf/umap_shepard _n100_m0.0_repstr1.0_euclidean.pdf,OK,
50,0.99,100.0,cosine,0.42475877030486087,0.0,99990,umap_shepard_results/pdf/umap_shepard _n50_m0.99_repstr100.0_cosine.pdf,OK,
100,0.0,10.0,euclidean,0.4247382117212086,0.0,99990,umap_shepard_results/pdf/umap_shepard _n100_m0.0_repstr10.0_euclidean.pdf,OK,
20,0.25,0.5,cosine,0.42472494042844267,0.0,99990,umap_shepard_results/pdf/umap_shepard _n20_m0.25_repstr0.5_cosine.pdf,OK,
20,0.25,100.0,euclidean,0.42471615219559766,0.0,99990,umap_shepard_results/pdf/umap_shepard _n20_m0.25_repstr100.0_euclidean.pdf,OK,
2,0.0,10.0,manhattan,0.42470923076874023,0.0,99990,umap_shepard_results/pdf/umap_shepard _n2_m0.0_repstr10.0_manhattan.pdf,OK,
20,0.99,2.0,euclidean,0.4247064108398332,0.0,99990,umap_shepard_results/pdf/umap_shepard _n20_m0.99_repstr2.0_euclidean.pdf,OK,
5,0.8,5.0,euclidean,0.4246811980864669,0.0,99990,umap_shepard_results/pdf/umap_shepard _n5_m0.8_repstr5.0_euclidean.pdf,OK,
100,0.1,0.5,manhattan,0.424681085469896,0.0,99990,umap_shepard_results/pdf/umap_shepard _n100_m0.1_repstr0.5_manhattan.pdf,OK,
20,0.5,5.0,manhattan,0.42465685168150374,0.0,99990,umap_shepard_results/pdf/umap_shepard _n20_m0.5_repstr5.0_manhattan.pdf,OK,
5,0.0,0.5,euclidean,0.4246477404944488,0.0,99990,umap_shepard_results/pdf/umap_shepard _n5_m0.0_repstr0.5_euclidean.pdf,OK,
50,0.25,10.0,manhattan,0.42464764345427713,0.0,99990,umap_shepard_results/pdf/umap_shepard _n50_m0.25_repstr10.0_manhattan.pdf,OK,
200,0.1,1.0,cosine,0.4246446992921214,0.0,99990,umap_shepard_results/pdf/umap_shepard _n200_m0.1_repstr1.0_cosine.pdf,OK,
1000,0.99,100.0,manhattan,0.4246410794221277,0.0,99990,umap_shepard_results/pdf/umap_shepard _n1000_m0.99_repstr100.0_manhattan.pdf,OK,
100,0.99,0.5,euclidean,0.42464011127975815,0.0,99990,umap_shepard_results/pdf/umap_shepard _n100_m0.99_repstr0.5_euclidean.pdf,OK,
2,0.99,0.5,cosine,0.42463001340373396,0.0,99990,umap_shepard_results/pdf/umap_shepard _n2_m0.99_repstr0.5_cosine.pdf,OK,
20,0.8,100.0,manhattan,0.4246240538594845,0.0,99990,umap_shepard_results/pdf/umap_shepard _n20_m0.8_repstr100.0_manhattan.pdf,OK,
2,0.8,0.5,euclidean,0.4246222217091971,0.0,99990,umap_shepard_results/pdf/umap_shepard _n2_m0.8_repstr0.5_euclidean.pdf,OK,
100,0.1,5.0,cosine,0.42461616777936395,0.0,99990,umap_shepard_results/pdf/umap_shepard _n100_m0.1_repstr5.0_cosine.pdf,OK,
200,0.1,0.01,cosine,0.424616101159109,0.0,99990,umap_shepard_results/pdf/umap_shepard _n200_m0.1_repstr0.01_cosine.pdf,OK,
50,0.1,1.0,manhattan,0.424612520923401,0.0,99990,umap_shepard_results/pdf/umap_shepard _n50_m0.1_repstr1.0_manhattan.pdf,OK,
200,0.5,100.0,manhattan,0.42458539508541504,0.0,99990,umap_shepard_results/pdf/umap_shepard _n200_m0.5_repstr100.0_manhattan.pdf,OK,
2,0.25,1.0,euclidean,0.4245764160777539,0.0,99990,umap_shepard_results/pdf/umap_shepard _n2_m0.25_repstr1.0_euclidean.pdf,OK,
2,0.5,100.0,euclidean,0.4245725326716902,0.0,99990,umap_shepard_results/pdf/umap_shepard _n2_m0.5_repstr100.0_euclidean.pdf,OK,
200,0.1,0.01,euclidean,0.4245648620592484,0.0,99990,umap_shepard_results/pdf/umap_shepard _n200_m0.1_repstr0.01_euclidean.pdf,OK,
1000,0.0,0.01,cosine,0.42455600105233465,0.0,99990,umap_shepard_results/pdf/umap_shepard _n1000_m0.0_repstr0.01_cosine.pdf,OK,
50,0.99,5.0,cosine,0.4245488809544741,0.0,99990,umap_shepard_results/pdf/umap_shepard _n50_m0.99_repstr5.0_cosine.pdf,OK,
50,0.0,2.0,euclidean,0.4245480011213223,0.0,99990,umap_shepard_results/pdf/umap_shepard _n50_m0.0_repstr2.0_euclidean.pdf,OK,
5,0.99,5.0,cosine,0.4245470995990543,0.0,99990,umap_shepard_results/pdf/umap_shepard _n5_m0.99_repstr5.0_cosine.pdf,OK,
5,0.8,0.01,manhattan,0.42454420649613356,0.0,99990,umap_shepard_results/pdf/umap_shepard _n5_m0.8_repstr0.01_manhattan.pdf,OK,
2,0.99,0.01,manhattan,0.4245359541451861,0.0,99990,umap_shepard_results/pdf/umap_shepard _n2_m0.99_repstr0.01_manhattan.pdf,OK,
100,0.99,100.0,cosine,0.4245298193875353,0.0,99990,umap_shepard_results/pdf/umap_shepard _n100_m0.99_repstr100.0_cosine.pdf,OK,
5,0.8,0.5,cosine,0.4245261359450068,0.0,99990,umap_shepard_results/pdf/umap_shepard _n5_m0.8_repstr0.5_cosine.pdf,OK,
1000,0.5,2.0,euclidean,0.424515167108805,0.0,99990,umap_shepard_results/pdf/umap_shepard _n1000_m0.5_repstr2.0_euclidean.pdf,OK,
200,0.1,2.0,manhattan,0.4245133878877062,0.0,99990,umap_shepard_results/pdf/umap_shepard _n200_m0.1_repstr2.0_manhattan.pdf,OK,
200,0.99,100.0,euclidean,0.42450223407282095,0.0,99990,umap_shepard_results/pdf/umap_shepard _n200_m0.99_repstr100.0_euclidean.pdf,OK,
200,0.0,1.0,euclidean,0.4244937133648656,0.0,99990,umap_shepard_results/pdf/umap_shepard _n200_m0.0_repstr1.0_euclidean.pdf,OK,
5,0.5,1.0,manhattan,0.4244862636223525,0.0,99990,umap_shepard_results/pdf/umap_shepard _n5_m0.5_repstr1.0_manhattan.pdf,OK,
50,0.5,2.0,manhattan,0.4244834872235705,0.0,99990,umap_shepard_results/pdf/umap_shepard _n50_m0.5_repstr2.0_manhattan.pdf,OK,
100,0.5,0.01,euclidean,0.4244738534595936,0.0,99990,umap_shepard_results/pdf/umap_shepard _n100_m0.5_repstr0.01_euclidean.pdf,OK,
2,0.99,10.0,euclidean,0.4244685360006082,0.0,99990,umap_shepard_results/pdf/umap_shepard _n2_m0.99_repstr10.0_euclidean.pdf,OK,
200,0.5,0.5,euclidean,0.4244526034926487,0.0,99990,umap_shepard_results/pdf/umap_shepard _n200_m0.5_repstr0.5_euclidean.pdf,OK,
200,0.5,5.0,cosine,0.4244491354933906,0.0,99990,umap_shepard_results/pdf/umap_shepard _n200_m0.5_repstr5.0_cosine.pdf,OK,
50,0.99,0.01,cosine,0.42444289104824323,0.0,99990,umap_shepard_results/pdf/umap_shepard _n50_m0.99_repstr0.01_cosine.pdf,OK,
20,0.0,2.0,euclidean,0.42444286931176256,0.0,99990,umap_shepard_results/pdf/umap_shepard _n20_m0.0_repstr2.0_euclidean.pdf,OK,
2,0.5,0.5,manhattan,0.42443541450055366,0.0,99990,umap_shepard_results/pdf/umap_shepard _n2_m0.5_repstr0.5_manhattan.pdf,OK,
100,0.0,100.0,euclidean,0.4244326314233478,0.0,99990,umap_shepard_results/pdf/umap_shepard _n100_m0.0_repstr100.0_euclidean.pdf,OK,
2,0.99,100.0,cosine,0.4244322477201207,0.0,99990,umap_shepard_results/pdf/umap_shepard _n2_m0.99_repstr100.0_cosine.pdf,OK,
20,0.0,0.01,manhattan,0.4244296069570629,0.0,99990,umap_shepard_results/pdf/umap_shepard _n20_m0.0_repstr0.01_manhattan.pdf,OK,
2,0.1,2.0,manhattan,0.42441981113477195,0.0,99990,umap_shepard_results/pdf/umap_shepard _n2_m0.1_repstr2.0_manhattan.pdf,OK,
5,0.5,0.01,manhattan,0.4244178342687931,0.0,99990,umap_shepard_results/pdf/umap_shepard _n5_m0.5_repstr0.01_manhattan.pdf,OK,
100,0.1,2.0,manhattan,0.42440615614303706,0.0,99990,umap_shepard_results/pdf/umap_shepard _n100_m0.1_repstr2.0_manhattan.pdf,OK,
100,0.8,100.0,euclidean,0.4244023347908005,0.0,99990,umap_shepard_results/pdf/umap_shepard _n100_m0.8_repstr100.0_euclidean.pdf,OK,
2,0.8,1.0,cosine,0.4243985392453091,0.0,99990,umap_shepard_results/pdf/umap_shepard _n2_m0.8_repstr1.0_cosine.pdf,OK,
20,0.25,0.5,manhattan,0.424393988344581,0.0,99990,umap_shepard_results/pdf/umap_shepard _n20_m0.25_repstr0.5_manhattan.pdf,OK,
20,0.5,0.5,euclidean,0.4243750034397917,0.0,99990,umap_shepard_results/pdf/umap_shepard _n20_m0.5_repstr0.5_euclidean.pdf,OK,
2,0.0,5.0,cosine,0.4243459312767433,0.0,99990,umap_shepard_results/pdf/umap_shepard _n2_m0.0_repstr5.0_cosine.pdf,OK,
1000,0.0,0.5,manhattan,0.4243408631260683,0.0,99990,umap_shepard_results/pdf/umap_shepard _n1000_m0.0_repstr0.5_manhattan.pdf,OK,
5,0.1,0.01,cosine,0.4243363051285501,0.0,99990,umap_shepard_results/pdf/umap_shepard _n5_m0.1_repstr0.01_cosine.pdf,OK,
200,0.1,0.01,manhattan,0.4243308900485451,0.0,99990,umap_shepard_results/pdf/umap_shepard _n200_m0.1_repstr0.01_manhattan.pdf,OK,
50,0.25,10.0,euclidean,0.42432940971277494,0.0,99990,umap_shepard_results/pdf/umap_shepard _n50_m0.25_repstr10.0_euclidean.pdf,OK,
1000,0.5,100.0,euclidean,0.4243208816100186,0.0,99990,umap_shepard_results/pdf/umap_shepard _n1000_m0.5_repstr100.0_euclidean.pdf,OK,
1000,0.0,2.0,manhattan,0.4243139458689094,0.0,99990,umap_shepard_results/pdf/umap_shepard _n1000_m0.0_repstr2.0_manhattan.pdf,OK,
2,0.25,0.5,cosine,0.4243062091661891,0.0,99990,umap_shepard_results/pdf/umap_shepard _n2_m0.25_repstr0.5_cosine.pdf,OK,
50,0.0,5.0,euclidean,0.4242611884534225,0.0,99990,umap_shepard_results/pdf/umap_shepard _n50_m0.0_repstr5.0_euclidean.pdf,OK,
20,0.8,0.01,manhattan,0.4242565633539893,0.0,99990,umap_shepard_results/pdf/umap_shepard _n20_m0.8_repstr0.01_manhattan.pdf,OK,
20,0.1,0.01,euclidean,0.4242429554916524,0.0,99990,umap_shepard_results/pdf/umap_shepard _n20_m0.1_repstr0.01_euclidean.pdf,OK,
200,0.99,0.01,manhattan,0.4242379118743429,0.0,99990,umap_shepard_results/pdf/umap_shepard _n200_m0.99_repstr0.01_manhattan.pdf,OK,
20,0.99,100.0,euclidean,0.42423701087413396,0.0,99990,umap_shepard_results/pdf/umap_shepard _n20_m0.99_repstr100.0_euclidean.pdf,OK,
50,0.0,10.0,manhattan,0.4242107319062551,0.0,99990,umap_shepard_results/pdf/umap_shepard _n50_m0.0_repstr10.0_manhattan.pdf,OK,
2,0.0,10.0,cosine,0.4241935826402395,0.0,99990,umap_shepard_results/pdf/umap_shepard _n2_m0.0_repstr10.0_cosine.pdf,OK,
20,0.99,10.0,manhattan,0.4241836855232108,0.0,99990,umap_shepard_results/pdf/umap_shepard _n20_m0.99_repstr10.0_manhattan.pdf,OK,
20,0.5,1.0,manhattan,0.42417934948168656,0.0,99990,umap_shepard_results/pdf/umap_shepard _n20_m0.5_repstr1.0_manhattan.pdf,OK,
50,0.1,2.0,manhattan,0.4241743102366013,0.0,99990,umap_shepard_results/pdf/umap_shepard _n50_m0.1_repstr2.0_manhattan.pdf,OK,
20,0.99,0.5,cosine,0.42417251339821116,0.0,99990,umap_shepard_results/pdf/umap_shepard _n20_m0.99_repstr0.5_cosine.pdf,OK,
100,0.0,5.0,cosine,0.42417215963770577,0.0,99990,umap_shepard_results/pdf/umap_shepard _n100_m0.0_repstr5.0_cosine.pdf,OK,
1000,0.8,2.0,euclidean,0.4241622580528309,0.0,99990,umap_shepard_results/pdf/umap_shepard _n1000_m0.8_repstr2.0_euclidean.pdf,OK,
20,0.8,0.5,manhattan,0.4241610381299918,0.0,99990,umap_shepard_results/pdf/umap_shepard _n20_m0.8_repstr0.5_manhattan.pdf,OK,
100,0.1,0.01,euclidean,0.42415613704336963,0.0,99990,umap_shepard_results/pdf/umap_shepard _n100_m0.1_repstr0.01_euclidean.pdf,OK,
1000,0.25,0.5,cosine,0.424155510945032,0.0,99990,umap_shepard_results/pdf/umap_shepard _n1000_m0.25_repstr0.5_cosine.pdf,OK,
50,0.99,10.0,manhattan,0.4241519467585344,0.0,99990,umap_shepard_results/pdf/umap_shepard _n50_m0.99_repstr10.0_manhattan.pdf,OK,
50,0.8,10.0,euclidean,0.42415099896202996,0.0,99990,umap_shepard_results/pdf/umap_shepard _n50_m0.8_repstr10.0_euclidean.pdf,OK,
50,0.99,10.0,euclidean,0.4241453499354195,0.0,99990,umap_shepard_results/pdf/umap_shepard _n50_m0.99_repstr10.0_euclidean.pdf,OK,
100,0.1,5.0,manhattan,0.42411145561398306,0.0,99990,umap_shepard_results/pdf/umap_shepard _n100_m0.1_repstr5.0_manhattan.pdf,OK,
200,0.99,1.0,cosine,0.4241085246600365,0.0,99990,umap_shepard_results/pdf/umap_shepard _n200_m0.99_repstr1.0_cosine.pdf,OK,
20,0.25,2.0,cosine,0.4240946211777268,0.0,99990,umap_shepard_results/pdf/umap_shepard _n20_m0.25_repstr2.0_cosine.pdf,OK,
2,0.5,10.0,manhattan,0.4240943366099253,0.0,99990,umap_shepard_results/pdf/umap_shepard _n2_m0.5_repstr10.0_manhattan.pdf,OK,
2,0.8,2.0,cosine,0.42408056772562747,0.0,99990,umap_shepard_results/pdf/umap_shepard _n2_m0.8_repstr2.0_cosine.pdf,OK,
1000,0.1,100.0,cosine,0.4240761186092662,0.0,99990,umap_shepard_results/pdf/umap_shepard _n1000_m0.1_repstr100.0_cosine.pdf,OK,
100,0.25,0.5,euclidean,0.4240277029176957,0.0,99990,umap_shepard_results/pdf/umap_shepard _n100_m0.25_repstr0.5_euclidean.pdf,OK,
50,0.0,100.0,cosine,0.4240162989438887,0.0,99990,umap_shepard_results/pdf/umap_shepard _n50_m0.0_repstr100.0_cosine.pdf,OK,
1000,0.8,0.01,manhattan,0.42400946691696306,0.0,99990,umap_shepard_results/pdf/umap_shepard _n1000_m0.8_repstr0.01_manhattan.pdf,OK,
100,0.8,100.0,cosine,0.42399752335179347,0.0,99990,umap_shepard_results/pdf/umap_shepard _n100_m0.8_repstr100.0_cosine.pdf,OK,
20,0.8,0.5,euclidean,0.42399734838261527,0.0,99990,umap_shepard_results/pdf/umap_shepard _n20_m0.8_repstr0.5_euclidean.pdf,OK,
2,0.8,2.0,manhattan,0.42398239318942443,0.0,99990,umap_shepard_results/pdf/umap_shepard _n2_m0.8_repstr2.0_manhattan.pdf,OK,
20,0.8,100.0,cosine,0.42396055218078754,0.0,99990,umap_shepard_results/pdf/umap_shepard _n20_m0.8_repstr100.0_cosine.pdf,OK,
2,0.0,0.01,euclidean,0.4239545907788883,0.0,99990,umap_shepard_results/pdf/umap_shepard _n2_m0.0_repstr0.01_euclidean.pdf,OK,
1000,0.1,2.0,euclidean,0.4239529508548258,0.0,99990,umap_shepard_results/pdf/umap_shepard _n1000_m0.1_repstr2.0_euclidean.pdf,OK,
5,0.99,5.0,euclidean,0.4239514205678667,0.0,99990,umap_shepard_results/pdf/umap_shepard _n5_m0.99_repstr5.0_euclidean.pdf,OK,
2,0.1,5.0,manhattan,0.4239455684481673,0.0,99990,umap_shepard_results/pdf/umap_shepard _n2_m0.1_repstr5.0_manhattan.pdf,OK,
5,0.0,5.0,manhattan,0.42393294786438235,0.0,99990,umap_shepard_results/pdf/umap_shepard _n5_m0.0_repstr5.0_manhattan.pdf,OK,
200,0.5,0.01,manhattan,0.423932147348728,0.0,99990,umap_shepard_results/pdf/umap_shepard _n200_m0.5_repstr0.01_manhattan.pdf,OK,
200,0.1,10.0,manhattan,0.4239248535630867,0.0,99990,umap_shepard_results/pdf/umap_shepard _n200_m0.1_repstr10.0_manhattan.pdf,OK,
200,0.5,100.0,euclidean,0.42391755700610423,0.0,99990,umap_shepard_results/pdf/umap_shepard _n200_m0.5_repstr100.0_euclidean.pdf,OK,
100,0.99,0.5,manhattan,0.4239161522328127,0.0,99990,umap_shepard_results/pdf/umap_shepard _n100_m0.99_repstr0.5_manhattan.pdf,OK,
1000,0.99,10.0,manhattan,0.42391161589746024,0.0,99990,umap_shepard_results/pdf/umap_shepard _n1000_m0.99_repstr10.0_manhattan.pdf,OK,
50,0.1,0.01,cosine,0.42391075503531256,0.0,99990,umap_shepard_results/pdf/umap_shepard _n50_m0.1_repstr0.01_cosine.pdf,OK,
2,0.25,10.0,cosine,0.42389717501713314,0.0,99990,umap_shepard_results/pdf/umap_shepard _n2_m0.25_repstr10.0_cosine.pdf,OK,
1000,0.0,0.5,euclidean,0.42389217068625606,0.0,99990,umap_shepard_results/pdf/umap_shepard _n1000_m0.0_repstr0.5_euclidean.pdf,OK,
50,0.1,5.0,cosine,0.4238777928902262,0.0,99990,umap_shepard_results/pdf/umap_shepard _n50_m0.1_repstr5.0_cosine.pdf,OK,
100,0.5,100.0,euclidean,0.4238752077112018,0.0,99990,umap_shepard_results/pdf/umap_shepard _n100_m0.5_repstr100.0_euclidean.pdf,OK,
20,0.25,10.0,manhattan,0.4238695424747084,0.0,99990,umap_shepard_results/pdf/umap_shepard _n20_m0.25_repstr10.0_manhattan.pdf,OK,
1000,0.1,5.0,manhattan,0.42386895206955494,0.0,99990,umap_shepard_results/pdf/umap_shepard _n1000_m0.1_repstr5.0_manhattan.pdf,OK,
50,0.5,10.0,euclidean,0.4238554232758689,0.0,99990,umap_shepard_results/pdf/umap_shepard _n50_m0.5_repstr10.0_euclidean.pdf,OK,
2,0.8,0.5,cosine,0.42385225901955775,0.0,99990,umap_shepard_results/pdf/umap_shepard _n2_m0.8_repstr0.5_cosine.pdf,OK,
2,0.1,1.0,cosine,0.4238487492325066,0.0,99990,umap_shepard_results/pdf/umap_shepard _n2_m0.1_repstr1.0_cosine.pdf,OK,
50,0.0,10.0,cosine,0.423845957454174,0.0,99990,umap_shepard_results/pdf/umap_shepard _n50_m0.0_repstr10.0_cosine.pdf,OK,
50,0.0,100.0,euclidean,0.42384282278522556,0.0,99990,umap_shepard_results/pdf/umap_shepard _n50_m0.0_repstr100.0_euclidean.pdf,OK,
200,0.1,5.0,manhattan,0.42384104754097257,0.0,99990,umap_shepard_results/pdf/umap_shepard _n200_m0.1_repstr5.0_manhattan.pdf,OK,
2,0.5,5.0,cosine,0.42383500142477526,0.0,99990,umap_shepard_results/pdf/umap_shepard _n2_m0.5_repstr5.0_cosine.pdf,OK,
100,0.1,0.5,euclidean,0.423828195939024,0.0,99990,umap_shepard_results/pdf/umap_shepard _n100_m0.1_repstr0.5_euclidean.pdf,OK,
20,0.0,10.0,manhattan,0.4238122925763229,0.0,99990,umap_shepard_results/pdf/umap_shepard _n20_m0.0_repstr10.0_manhattan.pdf,OK,
1000,0.5,0.5,cosine,0.42380581736311285,0.0,99990,umap_shepard_results/pdf/umap_shepard _n1000_m0.5_repstr0.5_cosine.pdf,OK,
1000,0.99,5.0,euclidean,0.4238050212597016,0.0,99990,umap_shepard_results/pdf/umap_shepard _n1000_m0.99_repstr5.0_euclidean.pdf,OK,
20,0.8,1.0,manhattan,0.4237975794453897,0.0,99990,umap_shepard_results/pdf/umap_shepard _n20_m0.8_repstr1.0_manhattan.pdf,OK,
200,0.25,100.0,manhattan,0.42379222415327955,0.0,99990,umap_shepard_results/pdf/umap_shepard _n200_m0.25_repstr100.0_manhattan.pdf,OK,
5,0.25,0.5,cosine,0.4237879041082061,0.0,99990,umap_shepard_results/pdf/umap_shepard _n5_m0.25_repstr0.5_cosine.pdf,OK,
1000,0.25,1.0,manhattan,0.4237764249324775,0.0,99990,umap_shepard_results/pdf/umap_shepard _n1000_m0.25_repstr1.0_manhattan.pdf,OK,
5,0.1,2.0,cosine,0.42377087454402546,0.0,99990,umap_shepard_results/pdf/umap_shepard _n5_m0.1_repstr2.0_cosine.pdf,OK,
20,0.8,10.0,euclidean,0.42375196686006694,0.0,99990,umap_shepard_results/pdf/umap_shepard _n20_m0.8_repstr10.0_euclidean.pdf,OK,
2,0.8,1.0,euclidean,0.42374355961696963,0.0,99990,umap_shepard_results/pdf/umap_shepard _n2_m0.8_repstr1.0_euclidean.pdf,OK,
2,0.1,0.5,manhattan,0.42374325974448207,0.0,99990,umap_shepard_results/pdf/umap_shepard _n2_m0.1_repstr0.5_manhattan.pdf,OK,
200,0.99,0.01,euclidean,0.42373642216176677,0.0,99990,umap_shepard_results/pdf/umap_shepard _n200_m0.99_repstr0.01_euclidean.pdf,OK,
2,0.25,1.0,manhattan,0.4237296976893246,0.0,99990,umap_shepard_results/pdf/umap_shepard _n2_m0.25_repstr1.0_manhattan.pdf,OK,
20,0.1,1.0,cosine,0.4237236915999292,0.0,99990,umap_shepard_results/pdf/umap_shepard _n20_m0.1_repstr1.0_cosine.pdf,OK,
5,0.99,10.0,cosine,0.42370634869502755,0.0,99990,umap_shepard_results/pdf/umap_shepard _n5_m0.99_repstr10.0_cosine.pdf,OK,
100,0.1,0.01,manhattan,0.4236993971750794,0.0,99990,umap_shepard_results/pdf/umap_shepard _n100_m0.1_repstr0.01_manhattan.pdf,OK,
100,0.5,2.0,cosine,0.423688711653071,0.0,99990,umap_shepard_results/pdf/umap_shepard _n100_m0.5_repstr2.0_cosine.pdf,OK,
2,0.99,100.0,manhattan,0.4236798326671522,0.0,99990,umap_shepard_results/pdf/umap_shepard _n2_m0.99_repstr100.0_manhattan.pdf,OK,
5,0.25,10.0,manhattan,0.4236636373887092,0.0,99990,umap_shepard_results/pdf/umap_shepard _n5_m0.25_repstr10.0_manhattan.pdf,OK,
5,0.99,0.5,cosine,0.4236415277282987,0.0,99990,umap_shepard_results/pdf/umap_shepard _n5_m0.99_repstr0.5_cosine.pdf,OK,
200,0.0,0.5,manhattan,0.42363507771953074,0.0,99990,umap_shepard_results/pdf/umap_shepard _n200_m0.0_repstr0.5_manhattan.pdf,OK,
50,0.25,2.0,cosine,0.42363236312740005,0.0,99990,umap_shepard_results/pdf/umap_shepard _n50_m0.25_repstr2.0_cosine.pdf,OK,
20,0.1,0.5,euclidean,0.42363154541844905,0.0,99990,umap_shepard_results/pdf/umap_shepard _n20_m0.1_repstr0.5_euclidean.pdf,OK,
20,0.0,2.0,cosine,0.4236229595729524,0.0,99990,umap_shepard_results/pdf/umap_shepard _n20_m0.0_repstr2.0_cosine.pdf,OK,
50,0.5,0.01,euclidean,0.4236143677050843,0.0,99990,umap_shepard_results/pdf/umap_shepard _n50_m0.5_repstr0.01_euclidean.pdf,OK,
5,0.99,100.0,euclidean,0.4236116044138556,0.0,99990,umap_shepard_results/pdf/umap_shepard _n5_m0.99_repstr100.0_euclidean.pdf,OK,
200,0.25,5.0,manhattan,0.42360905285202544,0.0,99990,umap_shepard_results/pdf/umap_shepard _n200_m0.25_repstr5.0_manhattan.pdf,OK,
200,0.25,5.0,cosine,0.4236027471758193,0.0,99990,umap_shepard_results/pdf/umap_shepard _n200_m0.25_repstr5.0_cosine.pdf,OK,
20,0.1,0.5,manhattan,0.4235873286043579,0.0,99990,umap_shepard_results/pdf/umap_shepard _n20_m0.1_repstr0.5_manhattan.pdf,OK,
1000,0.25,10.0,euclidean,0.42358724312527896,0.0,99990,umap_shepard_results/pdf/umap_shepard _n1000_m0.25_repstr10.0_euclidean.pdf,OK,
200,0.0,100.0,euclidean,0.4235818740219164,0.0,99990,umap_shepard_results/pdf/umap_shepard _n200_m0.0_repstr100.0_euclidean.pdf,OK,
5,0.99,0.01,euclidean,0.4235786045913226,0.0,99990,umap_shepard_results/pdf/umap_shepard _n5_m0.99_repstr0.01_euclidean.pdf,OK,
1000,0.99,0.5,manhattan,0.42357464746476964,0.0,99990,umap_shepard_results/pdf/umap_shepard _n1000_m0.99_repstr0.5_manhattan.pdf,OK,
50,0.1,0.01,euclidean,0.4235737713551927,0.0,99990,umap_shepard_results/pdf/umap_shepard _n50_m0.1_repstr0.01_euclidean.pdf,OK,
50,0.5,1.0,manhattan,0.42356417552236947,0.0,99990,umap_shepard_results/pdf/umap_shepard _n50_m0.5_repstr1.0_manhattan.pdf,OK,
1000,0.25,1.0,euclidean,0.4235616515328567,0.0,99990,umap_shepard_results/pdf/umap_shepard _n1000_m0.25_repstr1.0_euclidean.pdf,OK,
100,0.99,100.0,euclidean,0.4235615877109335,0.0,99990,umap_shepard_results/pdf/umap_shepard _n100_m0.99_repstr100.0_euclidean.pdf,OK,
5,0.1,0.5,manhattan,0.42355440999256916,0.0,99990,umap_shepard_results/pdf/umap_shepard _n5_m0.1_repstr0.5_manhattan.pdf,OK,
50,0.5,1.0,cosine,0.42355125805798033,0.0,99990,umap_shepard_results/pdf/umap_shepard _n50_m0.5_repstr1.0_cosine.pdf,OK,
100,0.0,0.5,manhattan,0.4235343647774138,0.0,99990,umap_shepard_results/pdf/umap_shepard _n100_m0.0_repstr0.5_manhattan.pdf,OK,
50,0.8,10.0,cosine,0.423532110501372,0.0,99990,umap_shepard_results/pdf/umap_shepard _n50_m0.8_repstr10.0_cosine.pdf,OK,
2,0.8,100.0,euclidean,0.4235294568209647,0.0,99990,umap_shepard_results/pdf/umap_shepard _n2_m0.8_repstr100.0_euclidean.pdf,OK,
5,0.0,10.0,euclidean,0.42351866148569883,0.0,99990,umap_shepard_results/pdf/umap_shepard _n5_m0.0_repstr10.0_euclidean.pdf,OK,
100,0.0,0.5,euclidean,0.42351079253647517,0.0,99990,umap_shepard_results/pdf/umap_shepard _n100_m0.0_repstr0.5_euclidean.pdf,OK,
50,0.1,10.0,cosine,0.42350620920544213,0.0,99990,umap_shepard_results/pdf/umap_shepard _n50_m0.1_repstr10.0_cosine.pdf,OK,
50,0.0,10.0,euclidean,0.42350507525316566,0.0,99990,umap_shepard_results/pdf/umap_shepard _n50_m0.0_repstr10.0_euclidean.pdf,OK,
20,0.99,1.0,euclidean,0.42350370724581665,0.0,99990,umap_shepard_results/pdf/umap_shepard _n20_m0.99_repstr1.0_euclidean.pdf,OK,
20,0.25,5.0,cosine,0.4234981453467328,0.0,99990,umap_shepard_results/pdf/umap_shepard _n20_m0.25_repstr5.0_cosine.pdf,OK,
2,0.1,2.0,euclidean,0.4234724208835498,0.0,99990,umap_shepard_results/pdf/umap_shepard _n2_m0.1_repstr2.0_euclidean.pdf,OK,
50,0.0,1.0,cosine,0.4234691092080162,0.0,99990,umap_shepard_results/pdf/umap_shepard _n50_m0.0_repstr1.0_cosine.pdf,OK,
100,0.25,0.5,manhattan,0.4234648223520607,0.0,99990,umap_shepard_results/pdf/umap_shepard _n100_m0.25_repstr0.5_manhattan.pdf,OK,
20,0.0,5.0,euclidean,0.42344427669134543,0.0,99990,umap_shepard_results/pdf/umap_shepard _n20_m0.0_repstr5.0_euclidean.pdf,OK,
1000,0.1,0.01,manhattan,0.4234397749254938,0.0,99990,umap_shepard_results/pdf/umap_shepard _n1000_m0.1_repstr0.01_manhattan.pdf,OK,
100,0.0,0.01,cosine,0.4234345498136608,0.0,99990,umap_shepard_results/pdf/umap_shepard _n100_m0.0_repstr0.01_cosine.pdf,OK,
5,0.5,5.0,manhattan,0.4234333874781627,0.0,99990,umap_shepard_results/pdf/umap_shepard _n5_m0.5_repstr5.0_manhattan.pdf,OK,
100,0.5,10.0,cosine,0.42343271118329817,0.0,99990,umap_shepard_results/pdf/umap_shepard _n100_m0.5_repstr10.0_cosine.pdf,OK,
20,0.5,1.0,euclidean,0.42343202499667976,0.0,99990,umap_shepard_results/pdf/umap_shepard _n20_m0.5_repstr1.0_euclidean.pdf,OK,
50,0.25,0.01,cosine,0.42341387798840985,0.0,99990,umap_shepard_results/pdf/umap_shepard _n50_m0.25_repstr0.01_cosine.pdf,OK,
2,0.0,100.0,cosine,0.4234052682618799,0.0,99990,umap_shepard_results/pdf/umap_shepard _n2_m0.0_repstr100.0_cosine.pdf,OK,
2,0.8,0.01,cosine,0.4233969811118734,0.0,99990,umap_shepard_results/pdf/umap_shepard _n2_m0.8_repstr0.01_cosine.pdf,OK,
50,0.99,1.0,cosine,0.4233917169145888,0.0,99990,umap_shepard_results/pdf/umap_shepard _n50_m0.99_repstr1.0_cosine.pdf,OK,
100,0.5,1.0,cosine,0.4233753617668748,0.0,99990,umap_shepard_results/pdf/umap_shepard _n100_m0.5_repstr1.0_cosine.pdf,OK,
5,0.99,2.0,euclidean,0.4233729248396961,0.0,99990,umap_shepard_results/pdf/umap_shepard _n5_m0.99_repstr2.0_euclidean.pdf,OK,
2,0.0,1.0,cosine,0.42337240109822055,0.0,99990,umap_shepard_results/pdf/umap_shepard _n2_m0.0_repstr1.0_cosine.pdf,OK,
100,0.8,10.0,cosine,0.42337006061787213,0.0,99990,umap_shepard_results/pdf/umap_shepard _n100_m0.8_repstr10.0_cosine.pdf,OK,
2,0.25,10.0,euclidean,0.4233693350403691,0.0,99990,umap_shepard_results/pdf/umap_shepard _n2_m0.25_repstr10.0_euclidean.pdf,OK,
1000,0.0,10.0,euclidean,0.4233692126520245,0.0,99990,umap_shepard_results/pdf/umap_shepard _n1000_m0.0_repstr10.0_euclidean.pdf,OK,
20,0.8,0.01,cosine,0.42336360250904426,0.0,99990,umap_shepard_results/pdf/umap_shepard _n20_m0.8_repstr0.01_cosine.pdf,OK,
20,0.99,0.01,euclidean,0.4233620794550986,0.0,99990,umap_shepard_results/pdf/umap_shepard _n20_m0.99_repstr0.01_euclidean.pdf,OK,
50,0.99,0.5,cosine,0.4233609119588456,0.0,99990,umap_shepard_results/pdf/umap_shepard _n50_m0.99_repstr0.5_cosine.pdf,OK,
20,0.99,2.0,cosine,0.4233544365308541,0.0,99990,umap_shepard_results/pdf/umap_shepard _n20_m0.99_repstr2.0_cosine.pdf,OK,
1000,0.8,10.0,euclidean,0.42335305499711984,0.0,99990,umap_shepard_results/pdf/umap_shepard _n1000_m0.8_repstr10.0_euclidean.pdf,OK,
2,0.5,2.0,manhattan,0.4233459833289779,0.0,99990,umap_shepard_results/pdf/umap_shepard _n2_m0.5_repstr2.0_manhattan.pdf,OK,
200,0.25,10.0,euclidean,0.4233362263037164,0.0,99990,umap_shepard_results/pdf/umap_shepard _n200_m0.25_repstr10.0_euclidean.pdf,OK,
50,0.99,10.0,cosine,0.4233289408131329,0.0,99990,umap_shepard_results/pdf/umap_shepard _n50_m0.99_repstr10.0_cosine.pdf,OK,
20,0.5,2.0,cosine,0.423326956386966,0.0,99990,umap_shepard_results/pdf/umap_shepard _n20_m0.5_repstr2.0_cosine.pdf,OK,
50,0.8,2.0,cosine,0.4233262277558267,0.0,99990,umap_shepard_results/pdf/umap_shepard _n50_m0.8_repstr2.0_cosine.pdf,OK,
20,0.1,100.0,manhattan,0.4233234188145021,0.0,99990,umap_shepard_results/pdf/umap_shepard _n20_m0.1_repstr100.0_manhattan.pdf,OK,
50,0.25,5.0,manhattan,0.4233223563183196,0.0,99990,umap_shepard_results/pdf/umap_shepard _n50_m0.25_repstr5.0_manhattan.pdf,OK,
1000,0.1,1.0,euclidean,0.42331817371347885,0.0,99990,umap_shepard_results/pdf/umap_shepard _n1000_m0.1_repstr1.0_euclidean.pdf,OK,
50,0.99,0.5,euclidean,0.42331800478126924,0.0,99990,umap_shepard_results/pdf/umap_shepard _n50_m0.99_repstr0.5_euclidean.pdf,OK,
1000,0.0,2.0,euclidean,0.42329419066172863,0.0,99990,umap_shepard_results/pdf/umap_shepard _n1000_m0.0_repstr2.0_euclidean.pdf,OK,
2,0.5,1.0,cosine,0.42329241445341936,0.0,99990,umap_shepard_results/pdf/umap_shepard _n2_m0.5_repstr1.0_cosine.pdf,OK,
5,0.0,0.01,cosine,0.42329174875776693,0.0,99990,umap_shepard_results/pdf/umap_shepard _n5_m0.0_repstr0.01_cosine.pdf,OK,
20,0.99,0.5,manhattan,0.42329154616626347,0.0,99990,umap_shepard_results/pdf/umap_shepard _n20_m0.99_repstr0.5_manhattan.pdf,OK,
5,0.99,0.01,cosine,0.42328795479297204,0.0,99990,umap_shepard_results/pdf/umap_shepard _n5_m0.99_repstr0.01_cosine.pdf,OK,
1000,0.99,5.0,manhattan,0.4232830946610577,0.0,99990,umap_shepard_results/pdf/umap_shepard _n1000_m0.99_repstr5.0_manhattan.pdf,OK,
5,0.0,2.0,euclidean,0.4232830362334863,0.0,99990,umap_shepard_results/pdf/umap_shepard _n5_m0.0_repstr2.0_euclidean.pdf,OK,
2,0.99,5.0,manhattan,0.42327328403187015,0.0,99990,umap_shepard_results/pdf/umap_shepard _n2_m0.99_repstr5.0_manhattan.pdf,OK,
50,0.1,100.0,cosine,0.4232723335001416,0.0,99990,umap_shepard_results/pdf/umap_shepard _n50_m0.1_repstr100.0_cosine.pdf,OK,
2,0.1,1.0,manhattan,0.4232655403857912,0.0,99990,umap_shepard_results/pdf/umap_shepard _n2_m0.1_repstr1.0_manhattan.pdf,OK,
5,0.8,2.0,euclidean,0.42324976549961113,0.0,99990,umap_shepard_results/pdf/umap_shepard _n5_m0.8_repstr2.0_euclidean.pdf,OK,
5,0.8,10.0,euclidean,0.4232477866061857,0.0,99990,umap_shepard_results/pdf/umap_shepard _n5_m0.8_repstr10.0_euclidean.pdf,OK,
100,0.25,1.0,manhattan,0.4232419334428154,0.0,99990,umap_shepard_results/pdf/umap_shepard _n100_m0.25_repstr1.0_manhattan.pdf,OK,
100,0.25,100.0,euclidean,0.4232348152734096,0.0,99990,umap_shepard_results/pdf/umap_shepard _n100_m0.25_repstr100.0_euclidean.pdf,OK,
20,0.1,100.0,euclidean,0.4232320943282986,0.0,99990,umap_shepard_results/pdf/umap_shepard _n20_m0.1_repstr100.0_euclidean.pdf,OK,
5,0.8,0.5,euclidean,0.42322535846903186,0.0,99990,umap_shepard_results/pdf/umap_shepard _n5_m0.8_repstr0.5_euclidean.pdf,OK,
2,0.5,2.0,cosine,0.42322412403983767,0.0,99990,umap_shepard_results/pdf/umap_shepard _n2_m0.5_repstr2.0_cosine.pdf,OK,
100,0.8,0.01,euclidean,0.4232205263555399,0.0,99990,umap_shepard_results/pdf/umap_shepard _n100_m0.8_repstr0.01_euclidean.pdf,OK,
20,0.5,100.0,manhattan,0.42321000742099396,0.0,99990,umap_shepard_results/pdf/umap_shepard _n20_m0.5_repstr100.0_manhattan.pdf,OK,
2,0.25,0.01,cosine,0.42320631262014186,0.0,99990,umap_shepard_results/pdf/umap_shepard _n2_m0.25_repstr0.01_cosine.pdf,OK,
5,0.1,0.01,euclidean,0.42319343112848445,0.0,99990,umap_shepard_results/pdf/umap_shepard _n5_m0.1_repstr0.01_euclidean.pdf,OK,
20,0.25,1.0,manhattan,0.42318287759219,0.0,99990,umap_shepard_results/pdf/umap_shepard _n20_m0.25_repstr1.0_manhattan.pdf,OK,
200,0.1,10.0,cosine,0.42318260699191756,0.0,99990,umap_shepard_results/pdf/umap_shepard _n200_m0.1_repstr10.0_cosine.pdf,OK,
200,0.8,0.5,euclidean,0.4231763491073982,0.0,99990,umap_shepard_results/pdf/umap_shepard _n200_m0.8_repstr0.5_euclidean.pdf,OK,
2,0.99,1.0,manhattan,0.4231690845143592,0.0,99990,umap_shepard_results/pdf/umap_shepard _n2_m0.99_repstr1.0_manhattan.pdf,OK,
200,0.99,5.0,cosine,0.42316474491635103,0.0,99990,umap_shepard_results/pdf/umap_shepard _n200_m0.99_repstr5.0_cosine.pdf,OK,
50,0.5,5.0,cosine,0.42314704002601405,0.0,99990,umap_shepard_results/pdf/umap_shepard _n50_m0.5_repstr5.0_cosine.pdf,OK,
50,0.0,0.5,cosine,0.42312109068671167,0.0,99990,umap_shepard_results/pdf/umap_shepard _n50_m0.0_repstr0.5_cosine.pdf,OK,
1000,0.25,10.0,manhattan,0.42310694853252157,0.0,99990,umap_shepard_results/pdf/umap_shepard _n1000_m0.25_repstr10.0_manhattan.pdf,OK,
1000,0.1,1.0,manhattan,0.42309440285054883,0.0,99990,umap_shepard_results/pdf/umap_shepard _n1000_m0.1_repstr1.0_manhattan.pdf,OK,
200,0.99,1.0,euclidean,0.4230820459892753,0.0,99990,umap_shepard_results/pdf/umap_shepard _n200_m0.99_repstr1.0_euclidean.pdf,OK,
100,0.25,2.0,euclidean,0.42308081901006983,0.0,99990,umap_shepard_results/pdf/umap_shepard _n100_m0.25_repstr2.0_euclidean.pdf,OK,
200,0.1,5.0,cosine,0.4230804423198121,0.0,99990,umap_shepard_results/pdf/umap_shepard _n200_m0.1_repstr5.0_cosine.pdf,OK,
1000,0.5,10.0,euclidean,0.42308026221103645,0.0,99990,umap_shepard_results/pdf/umap_shepard _n1000_m0.5_repstr10.0_euclidean.pdf,OK,
200,0.25,1.0,manhattan,0.4230769489186546,0.0,99990,umap_shepard_results/pdf/umap_shepard _n200_m0.25_repstr1.0_manhattan.pdf,OK,
200,0.5,1.0,manhattan,0.4230763919581362,0.0,99990,umap_shepard_results/pdf/umap_shepard _n200_m0.5_repstr1.0_manhattan.pdf,OK,
2,0.99,10.0,manhattan,0.4230748180952303,0.0,99990,umap_shepard_results/pdf/umap_shepard _n2_m0.99_repstr10.0_manhattan.pdf,OK,
2,0.25,5.0,manhattan,0.42306759298706126,0.0,99990,umap_shepard_results/pdf/umap_shepard _n2_m0.25_repstr5.0_manhattan.pdf,OK,
1000,0.0,100.0,manhattan,0.4230672661122097,0.0,99990,umap_shepard_results/pdf/umap_shepard _n1000_m0.0_repstr100.0_manhattan.pdf,OK,
50,0.5,0.01,manhattan,0.4230666669402655,0.0,99990,umap_shepard_results/pdf/umap_shepard _n50_m0.5_repstr0.01_manhattan.pdf,OK,
200,0.1,0.5,cosine,0.4230577127759545,0.0,99990,umap_shepard_results/pdf/umap_shepard _n200_m0.1_repstr0.5_cosine.pdf,OK,
200,0.8,5.0,cosine,0.42305589381963576,0.0,99990,umap_shepard_results/pdf/umap_shepard _n200_m0.8_repstr5.0_cosine.pdf,OK,
20,0.25,0.01,euclidean,0.42304647099370285,0.0,99990,umap_shepard_results/pdf/umap_shepard _n20_m0.25_repstr0.01_euclidean.pdf,OK,
2,0.25,100.0,manhattan,0.42304183090474495,0.0,99990,umap_shepard_results/pdf/umap_shepard _n2_m0.25_repstr100.0_manhattan.pdf,OK,
50,0.5,100.0,cosine,0.4230346356328145,0.0,99990,umap_shepard_results/pdf/umap_shepard _n50_m0.5_repstr100.0_cosine.pdf,OK,
5,0.1,100.0,cosine,0.4230204959461854,0.0,99990,umap_shepard_results/pdf/umap_shepard _n5_m0.1_repstr100.0_cosine.pdf,OK,
5,0.5,100.0,manhattan,0.42301830263936263,0.0,99990,umap_shepard_results/pdf/umap_shepard _n5_m0.5_repstr100.0_manhattan.pdf,OK,
200,0.1,100.0,manhattan,0.4230118301011242,0.0,99990,umap_shepard_results/pdf/umap_shepard _n200_m0.1_repstr100.0_manhattan.pdf,OK,
20,0.8,2.0,manhattan,0.42300846804245607,0.0,99990,umap_shepard_results/pdf/umap_shepard _n20_m0.8_repstr2.0_manhattan.pdf,OK,
20,0.8,0.01,euclidean,0.42299546979589625,0.0,99990,umap_shepard_results/pdf/umap_shepard _n20_m0.8_repstr0.01_euclidean.pdf,OK,
2,0.0,1.0,euclidean,0.4229557533143732,0.0,99990,umap_shepard_results/pdf/umap_shepard _n2_m0.0_repstr1.0_euclidean.pdf,OK,
200,0.8,5.0,euclidean,0.42295149178529706,0.0,99990,umap_shepard_results/pdf/umap_shepard _n200_m0.8_repstr5.0_euclidean.pdf,OK,
2,0.0,0.5,cosine,0.4229187738533028,0.0,99990,umap_shepard_results/pdf/umap_shepard _n2_m0.0_repstr0.5_cosine.pdf,OK,
200,0.25,0.5,cosine,0.42291514291821664,0.0,99990,umap_shepard_results/pdf/umap_shepard _n200_m0.25_repstr0.5_cosine.pdf,OK,
5,0.8,10.0,cosine,0.422903131174087,0.0,99990,umap_shepard_results/pdf/umap_shepard _n5_m0.8_repstr10.0_cosine.pdf,OK,
20,0.1,5.0,cosine,0.42289665597786547,0.0,99990,umap_shepard_results/pdf/umap_shepard _n20_m0.1_repstr5.0_cosine.pdf,OK,
2,0.0,100.0,euclidean,0.42289388126188837,0.0,99990,umap_shepard_results/pdf/umap_shepard _n2_m0.0_repstr100.0_euclidean.pdf,OK,
1000,0.8,100.0,cosine,0.42289245872537273,0.0,99990,umap_shepard_results/pdf/umap_shepard _n1000_m0.8_repstr100.0_cosine.pdf,OK,
200,0.0,5.0,cosine,0.4228921666884558,0.0,99990,umap_shepard_results/pdf/umap_shepard _n200_m0.0_repstr5.0_cosine.pdf,OK,
20,0.25,100.0,cosine,0.4228859471215164,0.0,99990,umap_shepard_results/pdf/umap_shepard _n20_m0.25_repstr100.0_cosine.pdf,OK,
5,0.25,0.01,euclidean,0.4228700792591547,0.0,99990,umap_shepard_results/pdf/umap_shepard _n5_m0.25_repstr0.01_euclidean.pdf,OK,
100,0.1,2.0,euclidean,0.42285880626813876,0.0,99990,umap_shepard_results/pdf/umap_shepard _n100_m0.1_repstr2.0_euclidean.pdf,OK,
5,0.0,0.01,manhattan,0.42285221258573463,0.0,99990,umap_shepard_results/pdf/umap_shepard _n5_m0.0_repstr0.01_manhattan.pdf,OK,
20,0.8,10.0,manhattan,0.422836008317687,0.0,99990,umap_shepard_results/pdf/umap_shepard _n20_m0.8_repstr10.0_manhattan.pdf,OK,
1000,0.1,100.0,euclidean,0.4228319837484027,0.0,99990,umap_shepard_results/pdf/umap_shepard _n1000_m0.1_repstr100.0_euclidean.pdf,OK,
200,0.99,5.0,euclidean,0.4228318617927601,0.0,99990,umap_shepard_results/pdf/umap_shepard _n200_m0.99_repstr5.0_euclidean.pdf,OK,
50,0.99,2.0,euclidean,0.4228283420182481,0.0,99990,umap_shepard_results/pdf/umap_shepard _n50_m0.99_repstr2.0_euclidean.pdf,OK,
1000,0.99,1.0,cosine,0.4228237797942307,0.0,99990,umap_shepard_results/pdf/umap_shepard _n1000_m0.99_repstr1.0_cosine.pdf,OK,
100,0.5,1.0,euclidean,0.42282327397709035,0.0,99990,umap_shepard_results/pdf/umap_shepard _n100_m0.5_repstr1.0_euclidean.pdf,OK,
20,0.25,100.0,manhattan,0.42281879222548285,0.0,99990,umap_shepard_results/pdf/umap_shepard _n20_m0.25_repstr100.0_manhattan.pdf,OK,
50,0.8,2.0,euclidean,0.42281792559940307,0.0,99990,umap_shepard_results/pdf/umap_shepard _n50_m0.8_repstr2.0_euclidean.pdf,OK,
50,0.25,10.0,cosine,0.42280929989146165,0.0,99990,umap_shepard_results/pdf/umap_shepard _n50_m0.25_repstr10.0_cosine.pdf,OK,
50,0.25,5.0,euclidean,0.42280297931841493,0.0,99990,umap_shepard_results/pdf/umap_shepard _n50_m0.25_repstr5.0_euclidean.pdf,OK,
2,0.8,0.01,manhattan,0.4227886120128178,0.0,99990,umap_shepard_results/pdf/umap_shepard _n2_m0.8_repstr0.01_manhattan.pdf,OK,
2,0.5,10.0,cosine,0.4227824298953377,0.0,99990,umap_shepard_results/pdf/umap_shepard _n2_m0.5_repstr10.0_cosine.pdf,OK,
5,0.99,0.01,manhattan,0.42278058422573894,0.0,99990,umap_shepard_results/pdf/umap_shepard _n5_m0.99_repstr0.01_manhattan.pdf,OK,
5,0.25,2.0,manhattan,0.42277667246557155,0.0,99990,umap_shepard_results/pdf/umap_shepard _n5_m0.25_repstr2.0_manhattan.pdf,OK,
100,0.99,2.0,euclidean,0.42276122541871725,0.0,99990,umap_shepard_results/pdf/umap_shepard _n100_m0.99_repstr2.0_euclidean.pdf,OK,
50,0.99,5.0,manhattan,0.42275433872789236,0.0,99990,umap_shepard_results/pdf/umap_shepard _n50_m0.99_repstr5.0_manhattan.pdf,OK,
5,0.8,10.0,manhattan,0.4227481790459826,0.0,99990,umap_shepard_results/pdf/umap_shepard _n5_m0.8_repstr10.0_manhattan.pdf,OK,
5,0.8,100.0,manhattan,0.42274202962389595,0.0,99990,umap_shepard_results/pdf/umap_shepard _n5_m0.8_repstr100.0_manhattan.pdf,OK,
20,0.0,100.0,euclidean,0.42273336774820397,0.0,99990,umap_shepard_results/pdf/umap_shepard _n20_m0.0_repstr100.0_euclidean.pdf,OK,
50,0.1,10.0,manhattan,0.4227266143277602,0.0,99990,umap_shepard_results/pdf/umap_shepard _n50_m0.1_repstr10.0_manhattan.pdf,OK,
5,0.8,100.0,euclidean,0.42272467980390477,0.0,99990,umap_shepard_results/pdf/umap_shepard _n5_m0.8_repstr100.0_euclidean.pdf,OK,
200,0.0,10.0,manhattan,0.42272008496178154,0.0,99990,umap_shepard_results/pdf/umap_shepard _n200_m0.0_repstr10.0_manhattan.pdf,OK,
5,0.8,2.0,manhattan,0.42271870052841604,0.0,99990,umap_shepard_results/pdf/umap_shepard _n5_m0.8_repstr2.0_manhattan.pdf,OK,
1000,0.5,5.0,euclidean,0.42271756675869004,0.0,99990,umap_shepard_results/pdf/umap_shepard _n1000_m0.5_repstr5.0_euclidean.pdf,OK,
5,0.1,5.0,euclidean,0.4227086546035667,0.0,99990,umap_shepard_results/pdf/umap_shepard _n5_m0.1_repstr5.0_euclidean.pdf,OK,
50,0.8,5.0,euclidean,0.4226957657408154,0.0,99990,umap_shepard_results/pdf/umap_shepard _n50_m0.8_repstr5.0_euclidean.pdf,OK,
5,0.5,0.01,cosine,0.42269434918181903,0.0,99990,umap_shepard_results/pdf/umap_shepard _n5_m0.5_repstr0.01_cosine.pdf,OK,
20,0.25,0.5,euclidean,0.4226721279783282,0.0,99990,umap_shepard_results/pdf/umap_shepard _n20_m0.25_repstr0.5_euclidean.pdf,OK,
200,0.0,10.0,euclidean,0.4226674897234031,0.0,99990,umap_shepard_results/pdf/umap_shepard _n200_m0.0_repstr10.0_euclidean.pdf,OK,
50,0.8,0.01,manhattan,0.42265928637738814,0.0,99990,umap_shepard_results/pdf/umap_shepard _n50_m0.8_repstr0.01_manhattan.pdf,OK,
5,0.25,1.0,cosine,0.4226532380967593,0.0,99990,umap_shepard_results/pdf/umap_shepard _n5_m0.25_repstr1.0_cosine.pdf,OK,
5,0.8,0.01,euclidean,0.42264464328861095,0.0,99990,umap_shepard_results/pdf/umap_shepard _n5_m0.8_repstr0.01_euclidean.pdf,OK,
2,0.0,2.0,manhattan,0.42264242147877507,0.0,99990,umap_shepard_results/pdf/umap_shepard _n2_m0.0_repstr2.0_manhattan.pdf,OK,
200,0.0,0.01,cosine,0.4226305745477368,0.0,99990,umap_shepard_results/pdf/umap_shepard _n200_m0.0_repstr0.01_cosine.pdf,OK,
100,0.8,1.0,manhattan,0.4226229194971502,0.0,99990,umap_shepard_results/pdf/umap_shepard _n100_m0.8_repstr1.0_manhattan.pdf,OK,
100,0.5,2.0,manhattan,0.4226206603023347,0.0,99990,umap_shepard_results/pdf/umap_shepard _n100_m0.5_repstr2.0_manhattan.pdf,OK,
50,0.1,0.01,manhattan,0.42261318542700205,0.0,99990,umap_shepard_results/pdf/umap_shepard _n50_m0.1_repstr0.01_manhattan.pdf,OK,
5,0.25,10.0,cosine,0.4226086367960944,0.0,99990,umap_shepard_results/pdf/umap_shepard _n5_m0.25_repstr10.0_cosine.pdf,OK,
2,0.0,0.01,manhattan,0.422592567723592,0.0,99990,umap_shepard_results/pdf/umap_shepard _n2_m0.0_repstr0.01_manhattan.pdf,OK,
2,0.1,5.0,cosine,0.42256900806156233,0.0,99990,umap_shepard_results/pdf/umap_shepard _n2_m0.1_repstr5.0_cosine.pdf,OK,
20,0.5,0.01,cosine,0.422563381115823,0.0,99990,umap_shepard_results/pdf/umap_shepard _n20_m0.5_repstr0.01_cosine.pdf,OK,
5,0.8,5.0,cosine,0.42255884091215334,0.0,99990,umap_shepard_results/pdf/umap_shepard _n5_m0.8_repstr5.0_cosine.pdf,OK,
1000,0.8,5.0,manhattan,0.422555381243114,0.0,99990,umap_shepard_results/pdf/umap_shepard _n1000_m0.8_repstr5.0_manhattan.pdf,OK,
20,0.25,5.0,manhattan,0.4225531068434584,0.0,99990,umap_shepard_results/pdf/umap_shepard _n20_m0.25_repstr5.0_manhattan.pdf,OK,
20,0.1,100.0,cosine,0.4225368761120526,0.0,99990,umap_shepard_results/pdf/umap_shepard _n20_m0.1_repstr100.0_cosine.pdf,OK,
50,0.1,0.5,manhattan,0.4225349951603329,0.0,99990,umap_shepard_results/pdf/umap_shepard _n50_m0.1_repstr0.5_manhattan.pdf,OK,
100,0.8,10.0,euclidean,0.422534036130423,0.0,99990,umap_shepard_results/pdf/umap_shepard _n100_m0.8_repstr10.0_euclidean.pdf,OK,
100,0.5,0.5,manhattan,0.42252349493635233,0.0,99990,umap_shepard_results/pdf/umap_shepard _n100_m0.5_repstr0.5_manhattan.pdf,OK,
1000,0.5,100.0,cosine,0.4225139348029427,0.0,99990,umap_shepard_results/pdf/umap_shepard _n1000_m0.5_repstr100.0_cosine.pdf,OK,
200,0.5,0.01,euclidean,0.42251123444509187,0.0,99990,umap_shepard_results/pdf/umap_shepard _n200_m0.5_repstr0.01_euclidean.pdf,OK,
5,0.25,100.0,cosine,0.42250829590120986,0.0,99990,umap_shepard_results/pdf/umap_shepard _n5_m0.25_repstr100.0_cosine.pdf,OK,
100,0.5,100.0,manhattan,0.42249987736674416,0.0,99990,umap_shepard_results/pdf/umap_shepard _n100_m0.5_repstr100.0_manhattan.pdf,OK,
1000,0.0,0.01,manhattan,0.42249949788799723,0.0,99990,umap_shepard_results/pdf/umap_shepard _n1000_m0.0_repstr0.01_manhattan.pdf,OK,
200,0.5,2.0,manhattan,0.4224950703568651,0.0,99990,umap_shepard_results/pdf/umap_shepard _n200_m0.5_repstr2.0_manhattan.pdf,OK,
20,0.0,2.0,manhattan,0.42248291801428106,0.0,99990,umap_shepard_results/pdf/umap_shepard _n20_m0.0_repstr2.0_manhattan.pdf,OK,
5,0.0,10.0,cosine,0.4224768824226552,0.0,99990,umap_shepard_results/pdf/umap_shepard _n5_m0.0_repstr10.0_cosine.pdf,OK,
50,0.25,1.0,euclidean,0.4224647127379396,0.0,99990,umap_shepard_results/pdf/umap_shepard _n50_m0.25_repstr1.0_euclidean.pdf,OK,
50,0.0,1.0,euclidean,0.42245320648290585,0.0,99990,umap_shepard_results/pdf/umap_shepard _n50_m0.0_repstr1.0_euclidean.pdf,OK,
1000,0.5,0.01,cosine,0.42244623918309704,0.0,99990,umap_shepard_results/pdf/umap_shepard _n1000_m0.5_repstr0.01_cosine.pdf,OK,
50,0.99,0.5,manhattan,0.4224413504024867,0.0,99990,umap_shepard_results/pdf/umap_shepard _n50_m0.99_repstr0.5_manhattan.pdf,OK,
100,0.99,1.0,manhattan,0.422438522810296,0.0,99990,umap_shepard_results/pdf/umap_shepard _n100_m0.99_repstr1.0_manhattan.pdf,OK,
200,0.8,2.0,manhattan,0.42243843998925645,0.0,99990,umap_shepard_results/pdf/umap_shepard _n200_m0.8_repstr2.0_manhattan.pdf,OK,
200,0.8,1.0,euclidean,0.4224264014035473,0.0,99990,umap_shepard_results/pdf/umap_shepard _n200_m0.8_repstr1.0_euclidean.pdf,OK,
1000,0.25,5.0,manhattan,0.42241901966378903,0.0,99990,umap_shepard_results/pdf/umap_shepard _n1000_m0.25_repstr5.0_manhattan.pdf,OK,
20,0.8,100.0,euclidean,0.42241176823747056,0.0,99990,umap_shepard_results/pdf/umap_shepard _n20_m0.8_repstr100.0_euclidean.pdf,OK,
50,0.25,0.5,manhattan,0.42240216860731006,0.0,99990,umap_shepard_results/pdf/umap_shepard _n50_m0.25_repstr0.5_manhattan.pdf,OK,
5,0.25,100.0,manhattan,0.4223986454319311,0.0,99990,umap_shepard_results/pdf/umap_shepard _n5_m0.25_repstr100.0_manhattan.pdf,OK,
1000,0.1,0.01,euclidean,0.42239568098104296,0.0,99990,umap_shepard_results/pdf/umap_shepard _n1000_m0.1_repstr0.01_euclidean.pdf,OK,
100,0.25,1.0,cosine,0.4223937517464502,0.0,99990,umap_shepard_results/pdf/umap_shepard _n100_m0.25_repstr1.0_cosine.pdf,OK,
2,0.99,0.5,manhattan,0.4223784243641552,0.0,99990,umap_shepard_results/pdf/umap_shepard _n2_m0.99_repstr0.5_manhattan.pdf,OK,
100,0.8,5.0,cosine,0.4223773079139166,0.0,99990,umap_shepard_results/pdf/umap_shepard _n100_m0.8_repstr5.0_cosine.pdf,OK,
100,0.99,5.0,cosine,0.4223602759782067,0.0,99990,umap_shepard_results/pdf/umap_shepard _n100_m0.99_repstr5.0_cosine.pdf,OK,
50,0.5,2.0,cosine,0.4223579497760038,0.0,99990,umap_shepard_results/pdf/umap_shepard _n50_m0.5_repstr2.0_cosine.pdf,OK,
20,0.5,0.5,cosine,0.4223518219914654,0.0,99990,umap_shepard_results/pdf/umap_shepard _n20_m0.5_repstr0.5_cosine.pdf,OK,
5,0.0,0.01,euclidean,0.4223482367694152,0.0,99990,umap_shepard_results/pdf/umap_shepard _n5_m0.0_repstr0.01_euclidean.pdf,OK,
1000,0.25,10.0,cosine,0.42234490269680125,0.0,99990,umap_shepard_results/pdf/umap_shepard _n1000_m0.25_repstr10.0_cosine.pdf,OK,
50,0.8,100.0,manhattan,0.42233064702278555,0.0,99990,umap_shepard_results/pdf/umap_shepard _n50_m0.8_repstr100.0_manhattan.pdf,OK,
50,0.99,2.0,manhattan,0.4223214796627363,0.0,99990,umap_shepard_results/pdf/umap_shepard _n50_m0.99_repstr2.0_manhattan.pdf,OK,
50,0.0,5.0,cosine,0.4223093057496621,0.0,99990,umap_shepard_results/pdf/umap_shepard _n50_m0.0_repstr5.0_cosine.pdf,OK,
100,0.25,1.0,euclidean,0.422294135778224,0.0,99990,umap_shepard_results/pdf/umap_shepard _n100_m0.25_repstr1.0_euclidean.pdf,OK,
100,0.25,5.0,cosine,0.42226554131970445,0.0,99990,umap_shepard_results/pdf/umap_shepard _n100_m0.25_repstr5.0_cosine.pdf,OK,
50,0.1,10.0,euclidean,0.4222550751056857,0.0,99990,umap_shepard_results/pdf/umap_shepard _n50_m0.1_repstr10.0_euclidean.pdf,OK,
50,0.5,0.5,manhattan,0.42224585442417123,0.0,99990,umap_shepard_results/pdf/umap_shepard _n50_m0.5_repstr0.5_manhattan.pdf,OK,
50,0.0,1.0,manhattan,0.4222406138932383,0.0,99990,umap_shepard_results/pdf/umap_shepard _n50_m0.0_repstr1.0_manhattan.pdf,OK,
100,0.5,0.01,cosine,0.4222404945325666,0.0,99990,umap_shepard_results/pdf/umap_shepard _n100_m0.5_repstr0.01_cosine.pdf,OK,
200,0.1,100.0,euclidean,0.42223992125893856,0.0,99990,umap_shepard_results/pdf/umap_shepard _n200_m0.1_repstr100.0_euclidean.pdf,OK,
100,0.25,5.0,euclidean,0.4222294592612695,0.0,99990,umap_shepard_results/pdf/umap_shepard _n100_m0.25_repstr5.0_euclidean.pdf,OK,
1000,0.99,100.0,cosine,0.4222096587929607,0.0,99990,umap_shepard_results/pdf/umap_shepard _n1000_m0.99_repstr100.0_cosine.pdf,OK,
1000,0.1,1.0,cosine,0.4221991781955619,0.0,99990,umap_shepard_results/pdf/umap_shepard _n1000_m0.1_repstr1.0_cosine.pdf,OK,
1000,0.1,0.5,euclidean,0.4221880901970181,0.0,99990,umap_shepard_results/pdf/umap_shepard _n1000_m0.1_repstr0.5_euclidean.pdf,OK,
1000,0.25,5.0,cosine,0.42218693915882466,0.0,99990,umap_shepard_results/pdf/umap_shepard _n1000_m0.25_repstr5.0_cosine.pdf,OK,
5,0.8,0.5,manhattan,0.4221858683091952,0.0,99990,umap_shepard_results/pdf/umap_shepard _n5_m0.8_repstr0.5_manhattan.pdf,OK,
5,0.25,0.5,euclidean,0.42216360689023513,0.0,99990,umap_shepard_results/pdf/umap_shepard _n5_m0.25_repstr0.5_euclidean.pdf,OK,
200,0.99,100.0,manhattan,0.42215304909253193,0.0,99990,umap_shepard_results/pdf/umap_shepard _n200_m0.99_repstr100.0_manhattan.pdf,OK,
1000,0.0,10.0,cosine,0.42213854154262986,0.0,99990,umap_shepard_results/pdf/umap_shepard _n1000_m0.0_repstr10.0_cosine.pdf,OK,
1000,0.99,0.5,cosine,0.42213581779427073,0.0,99990,umap_shepard_results/pdf/umap_shepard _n1000_m0.99_repstr0.5_cosine.pdf,OK,
50,0.0,0.5,euclidean,0.4221327394331548,0.0,99990,umap_shepard_results/pdf/umap_shepard _n50_m0.0_repstr0.5_euclidean.pdf,OK,
5,0.8,100.0,cosine,0.42213219991891265,0.0,99990,umap_shepard_results/pdf/umap_shepard _n5_m0.8_repstr100.0_cosine.pdf,OK,
200,0.5,0.5,manhattan,0.42212391939556443,0.0,99990,umap_shepard_results/pdf/umap_shepard _n200_m0.5_repstr0.5_manhattan.pdf,OK,
20,0.25,0.01,cosine,0.4221059911927059,0.0,99990,umap_shepard_results/pdf/umap_shepard _n20_m0.25_repstr0.01_cosine.pdf,OK,
1000,0.5,10.0,cosine,0.422101458034587,0.0,99990,umap_shepard_results/pdf/umap_shepard _n1000_m0.5_repstr10.0_cosine.pdf,OK,
200,0.25,1.0,euclidean,0.4220964330779537,0.0,99990,umap_shepard_results/pdf/umap_shepard _n200_m0.25_repstr1.0_euclidean.pdf,OK,
2,0.5,5.0,euclidean,0.4220935520632642,0.0,99990,umap_shepard_results/pdf/umap_shepard _n2_m0.5_repstr5.0_euclidean.pdf,OK,
1000,0.0,10.0,manhattan,0.42208923254287434,0.0,99990,umap_shepard_results/pdf/umap_shepard _n1000_m0.0_repstr10.0_manhattan.pdf,OK,
200,0.99,0.5,manhattan,0.4220487282400101,0.0,99990,umap_shepard_results/pdf/umap_shepard _n200_m0.99_repstr0.5_manhattan.pdf,OK,
2,0.25,2.0,cosine,0.4220438983290558,0.0,99990,umap_shepard_results/pdf/umap_shepard _n2_m0.25_repstr2.0_cosine.pdf,OK,
1000,0.99,0.01,manhattan,0.4220405447909207,0.0,99990,umap_shepard_results/pdf/umap_shepard _n1000_m0.99_repstr0.01_manhattan.pdf,OK,
200,0.25,2.0,cosine,0.42203844956986114,0.0,99990,umap_shepard_results/pdf/umap_shepard _n200_m0.25_repstr2.0_cosine.pdf,OK,
50,0.5,5.0,euclidean,0.4220286659066538,0.0,99990,umap_shepard_results/pdf/umap_shepard _n50_m0.5_repstr5.0_euclidean.pdf,OK,
1000,0.1,0.5,manhattan,0.4220268022260452,0.0,99990,umap_shepard_results/pdf/umap_shepard _n1000_m0.1_repstr0.5_manhattan.pdf,OK,
200,0.0,0.01,manhattan,0.42202607018099936,0.0,99990,umap_shepard_results/pdf/umap_shepard _n200_m0.0_repstr0.01_manhattan.pdf,OK,
100,0.5,10.0,manhattan,0.4220250094618643,0.0,99990,umap_shepard_results/pdf/umap_shepard _n100_m0.5_repstr10.0_manhattan.pdf,OK,
20,0.25,2.0,euclidean,0.4220125544809644,0.0,99990,umap_shepard_results/pdf/umap_shepard _n20_m0.25_repstr2.0_euclidean.pdf,OK,
100,0.5,1.0,manhattan,0.4220072470731189,0.0,99990,umap_shepard_results/pdf/umap_shepard _n100_m0.5_repstr1.0_manhattan.pdf,OK,
2,0.25,100.0,euclidean,0.4220014308270586,0.0,99990,umap_shepard_results/pdf/umap_shepard _n2_m0.25_repstr100.0_euclidean.pdf,OK,
20,0.25,1.0,cosine,0.42200064629110623,0.0,99990,umap_shepard_results/pdf/umap_shepard _n20_m0.25_repstr1.0_cosine.pdf,OK,
200,0.8,0.01,manhattan,0.42199888898414756,0.0,99990,umap_shepard_results/pdf/umap_shepard _n200_m0.8_repstr0.01_manhattan.pdf,OK,
20,0.25,5.0,euclidean,0.4219915620480852,0.0,99990,umap_shepard_results/pdf/umap_shepard _n20_m0.25_repstr5.0_euclidean.pdf,OK,
2,0.8,100.0,cosine,0.42198708136820373,0.0,99990,umap_shepard_results/pdf/umap_shepard _n2_m0.8_repstr100.0_cosine.pdf,OK,
100,0.99,10.0,manhattan,0.4219805401786416,0.0,99990,umap_shepard_results/pdf/umap_shepard _n100_m0.99_repstr10.0_manhattan.pdf,OK,
50,0.0,2.0,manhattan,0.421976633233181,0.0,99990,umap_shepard_results/pdf/umap_shepard _n50_m0.0_repstr2.0_manhattan.pdf,OK,
1000,0.99,0.01,euclidean,0.4219756594135189,0.0,99990,umap_shepard_results/pdf/umap_shepard _n1000_m0.99_repstr0.01_euclidean.pdf,OK,
200,0.5,0.5,cosine,0.4219739375636602,0.0,99990,umap_shepard_results/pdf/umap_shepard _n200_m0.5_repstr0.5_cosine.pdf,OK,
200,0.1,10.0,euclidean,0.42196981795526384,0.0,99990,umap_shepard_results/pdf/umap_shepard _n200_m0.1_repstr10.0_euclidean.pdf,OK,
1000,0.99,2.0,euclidean,0.4219611279559603,0.0,99990,umap_shepard_results/pdf/umap_shepard _n1000_m0.99_repstr2.0_euclidean.pdf,OK,
200,0.5,10.0,euclidean,0.4219542100407971,0.0,99990,umap_shepard_results/pdf/umap_shepard _n200_m0.5_repstr10.0_euclidean.pdf,OK,
100,0.25,10.0,cosine,0.4219420958680023,0.0,99990,umap_shepard_results/pdf/umap_shepard _n100_m0.25_repstr10.0_cosine.pdf,OK,
20,0.5,2.0,euclidean,0.4219373697167457,0.0,99990,umap_shepard_results/pdf/umap_shepard _n20_m0.5_repstr2.0_euclidean.pdf,OK,
2,0.0,10.0,euclidean,0.42193166953487193,0.0,99990,umap_shepard_results/pdf/umap_shepard _n2_m0.0_repstr10.0_euclidean.pdf,OK,
200,0.8,2.0,cosine,0.42192659567484736,0.0,99990,umap_shepard_results/pdf/umap_shepard _n200_m0.8_repstr2.0_cosine.pdf,OK,
2,0.0,5.0,manhattan,0.4219120797909906,0.0,99990,umap_shepard_results/pdf/umap_shepard _n2_m0.0_repstr5.0_manhattan.pdf,OK,
50,0.25,0.01,euclidean,0.42190650291114346,0.0,99990,umap_shepard_results/pdf/umap_shepard _n50_m0.25_repstr0.01_euclidean.pdf,OK,
100,0.99,100.0,manhattan,0.4218680714563887,0.0,99990,umap_shepard_results/pdf/umap_shepard _n100_m0.99_repstr100.0_manhattan.pdf,OK,
100,0.5,10.0,euclidean,0.4218604951984355,0.0,99990,umap_shepard_results/pdf/umap_shepard _n100_m0.5_repstr10.0_euclidean.pdf,OK,
1000,0.5,5.0,cosine,0.42186006602161175,0.0,99990,umap_shepard_results/pdf/umap_shepard _n1000_m0.5_repstr5.0_cosine.pdf,OK,
5,0.0,5.0,cosine,0.4218486013218933,0.0,99990,umap_shepard_results/pdf/umap_shepard _n5_m0.0_repstr5.0_cosine.pdf,OK,
2,0.1,100.0,cosine,0.42183296414537774,0.0,99990,umap_shepard_results/pdf/umap_shepard _n2_m0.1_repstr100.0_cosine.pdf,OK,
20,0.99,2.0,manhattan,0.4217994453193123,0.0,99990,umap_shepard_results/pdf/umap_shepard _n20_m0.99_repstr2.0_manhattan.pdf,OK,
1000,0.99,10.0,euclidean,0.42179190773087605,0.0,99990,umap_shepard_results/pdf/umap_shepard _n1000_m0.99_repstr10.0_euclidean.pdf,OK,
5,0.99,2.0,cosine,0.4217884769795553,0.0,99990,umap_shepard_results/pdf/umap_shepard _n5_m0.99_repstr2.0_cosine.pdf,OK,
5,0.99,10.0,euclidean,0.4217701309084594,0.0,99990,umap_shepard_results/pdf/umap_shepard _n5_m0.99_repstr10.0_euclidean.pdf,OK,
1000,0.0,2.0,cosine,0.42177010717714425,0.0,99990,umap_shepard_results/pdf/umap_shepard _n1000_m0.0_repstr2.0_cosine.pdf,OK,
100,0.1,10.0,cosine,0.4217507710650095,0.0,99990,umap_shepard_results/pdf/umap_shepard _n100_m0.1_repstr10.0_cosine.pdf,OK,
2,0.8,10.0,euclidean,0.421748107222552,0.0,99990,umap_shepard_results/pdf/umap_shepard _n2_m0.8_repstr10.0_euclidean.pdf,OK,
2,0.25,10.0,manhattan,0.4217432376575709,0.0,99990,umap_shepard_results/pdf/umap_shepard _n2_m0.25_repstr10.0_manhattan.pdf,OK,
20,0.99,5.0,cosine,0.42171714160441165,0.0,99990,umap_shepard_results/pdf/umap_shepard _n20_m0.99_repstr5.0_cosine.pdf,OK,
2,0.0,0.01,cosine,0.4217164261706939,0.0,99990,umap_shepard_results/pdf/umap_shepard _n2_m0.0_repstr0.01_cosine.pdf,OK,
1000,0.1,2.0,manhattan,0.42171526141602256,0.0,99990,umap_shepard_results/pdf/umap_shepard _n1000_m0.1_repstr2.0_manhattan.pdf,OK,
20,0.25,2.0,manhattan,0.42168599001347107,0.0,99990,umap_shepard_results/pdf/umap_shepard _n20_m0.25_repstr2.0_manhattan.pdf,OK,
5,0.5,100.0,cosine,0.4216819787384509,0.0,99990,umap_shepard_results/pdf/umap_shepard _n5_m0.5_repstr100.0_cosine.pdf,OK,
5,0.99,0.5,euclidean,0.4216411421743314,0.0,99990,umap_shepard_results/pdf/umap_shepard _n5_m0.99_repstr0.5_euclidean.pdf,OK,
100,0.8,0.5,manhattan,0.4216349388236567,0.0,99990,umap_shepard_results/pdf/umap_shepard _n100_m0.8_repstr0.5_manhattan.pdf,OK,
50,0.8,1.0,manhattan,0.42161273570572805,0.0,99990,umap_shepard_results/pdf/umap_shepard _n50_m0.8_repstr1.0_manhattan.pdf,OK,
20,0.5,5.0,euclidean,0.42158352233358704,0.0,99990,umap_shepard_results/pdf/umap_shepard _n20_m0.5_repstr5.0_euclidean.pdf,OK,
5,0.8,5.0,manhattan,0.4215751431751905,0.0,99990,umap_shepard_results/pdf/umap_shepard _n5_m0.8_repstr5.0_manhattan.pdf,OK,
100,0.25,0.01,manhattan,0.4215716013436193,0.0,99990,umap_shepard_results/pdf/umap_shepard _n100_m0.25_repstr0.01_manhattan.pdf,OK,
20,0.99,100.0,cosine,0.4215636414101954,0.0,99990,umap_shepard_results/pdf/umap_shepard _n20_m0.99_repstr100.0_cosine.pdf,OK,
200,0.99,0.5,cosine,0.4215609610546716,0.0,99990,umap_shepard_results/pdf/umap_shepard _n200_m0.99_repstr0.5_cosine.pdf,OK,
5,0.1,10.0,cosine,0.421536326374927,0.0,99990,umap_shepard_results/pdf/umap_shepard _n5_m0.1_repstr10.0_cosine.pdf,OK,
2,0.99,1.0,euclidean,0.4215113192779151,0.0,99990,umap_shepard_results/pdf/umap_shepard _n2_m0.99_repstr1.0_euclidean.pdf,OK,
200,0.8,2.0,euclidean,0.4215017453764562,0.0,99990,umap_shepard_results/pdf/umap_shepard _n200_m0.8_repstr2.0_euclidean.pdf,OK,
2,0.8,10.0,manhattan,0.4214947661798787,0.0,99990,umap_shepard_results/pdf/umap_shepard _n2_m0.8_repstr10.0_manhattan.pdf,OK,
50,0.8,0.01,cosine,0.4214865697727832,0.0,99990,umap_shepard_results/pdf/umap_shepard _n50_m0.8_repstr0.01_cosine.pdf,OK,
100,0.8,10.0,manhattan,0.42146522976645046,0.0,99990,umap_shepard_results/pdf/umap_shepard _n100_m0.8_repstr10.0_manhattan.pdf,OK,
200,0.25,0.01,cosine,0.4214487904257019,0.0,99990,umap_shepard_results/pdf/umap_shepard _n200_m0.25_repstr0.01_cosine.pdf,OK,
200,0.25,1.0,cosine,0.4214432975626703,0.0,99990,umap_shepard_results/pdf/umap_shepard _n200_m0.25_repstr1.0_cosine.pdf,OK,
200,0.99,0.5,euclidean,0.4214316504241397,0.0,99990,umap_shepard_results/pdf/umap_shepard _n200_m0.99_repstr0.5_euclidean.pdf,OK,
5,0.99,5.0,manhattan,0.4214129212534473,0.0,99990,umap_shepard_results/pdf/umap_shepard _n5_m0.99_repstr5.0_manhattan.pdf,OK,
2,0.99,2.0,euclidean,0.42140926506725546,0.0,99990,umap_shepard_results/pdf/umap_shepard _n2_m0.99_repstr2.0_euclidean.pdf,OK,
100,0.25,0.01,cosine,0.42138815832199555,0.0,99990,umap_shepard_results/pdf/umap_shepard _n100_m0.25_repstr0.01_cosine.pdf,OK,
50,0.1,2.0,euclidean,0.42137494475093834,0.0,99990,umap_shepard_results/pdf/umap_shepard _n50_m0.1_repstr2.0_euclidean.pdf,OK,
20,0.1,1.0,manhattan,0.4213724202783214,0.0,99990,umap_shepard_results/pdf/umap_shepard _n20_m0.1_repstr1.0_manhattan.pdf,OK,
100,0.0,10.0,manhattan,0.42137069182346526,0.0,99990,umap_shepard_results/pdf/umap_shepard _n100_m0.0_repstr10.0_manhattan.pdf,OK,
50,0.1,5.0,euclidean,0.4213264816655573,0.0,99990,umap_shepard_results/pdf/umap_shepard _n50_m0.1_repstr5.0_euclidean.pdf,OK,
2,0.5,0.01,euclidean,0.4213204451523214,0.0,99990,umap_shepard_results/pdf/umap_shepard _n2_m0.5_repstr0.01_euclidean.pdf,OK,
50,0.8,0.5,cosine,0.42130745457394025,0.0,99990,umap_shepard_results/pdf/umap_shepard _n50_m0.8_repstr0.5_cosine.pdf,OK,
200,0.8,0.01,cosine,0.42129713900723487,0.0,99990,umap_shepard_results/pdf/umap_shepard _n200_m0.8_repstr0.01_cosine.pdf,OK,
100,0.99,2.0,cosine,0.4212813377549574,0.0,99990,umap_shepard_results/pdf/umap_shepard _n100_m0.99_repstr2.0_cosine.pdf,OK,
200,0.8,1.0,manhattan,0.42127374139118706,0.0,99990,umap_shepard_results/pdf/umap_shepard _n200_m0.8_repstr1.0_manhattan.pdf,OK,
2,0.1,10.0,manhattan,0.42126287220678554,0.0,99990,umap_shepard_results/pdf/umap_shepard _n2_m0.1_repstr10.0_manhattan.pdf,OK,
20,0.8,2.0,euclidean,0.4212505449833654,0.0,99990,umap_shepard_results/pdf/umap_shepard _n20_m0.8_repstr2.0_euclidean.pdf,OK,
2,0.5,2.0,euclidean,0.42124796582252805,0.0,99990,umap_shepard_results/pdf/umap_shepard _n2_m0.5_repstr2.0_euclidean.pdf,OK,
20,0.0,5.0,manhattan,0.42123474433607033,0.0,99990,umap_shepard_results/pdf/umap_shepard _n20_m0.0_repstr5.0_manhattan.pdf,OK,
100,0.99,10.0,cosine,0.42121508070554375,0.0,99990,umap_shepard_results/pdf/umap_shepard _n100_m0.99_repstr10.0_cosine.pdf,OK,
100,0.8,1.0,cosine,0.42117920461964126,0.0,99990,umap_shepard_results/pdf/umap_shepard _n100_m0.8_repstr1.0_cosine.pdf,OK,
1000,0.1,0.01,cosine,0.42114910529756655,0.0,99990,umap_shepard_results/pdf/umap_shepard _n1000_m0.1_repstr0.01_cosine.pdf,OK,
200,0.0,0.5,cosine,0.4211364239860528,0.0,99990,umap_shepard_results/pdf/umap_shepard _n200_m0.0_repstr0.5_cosine.pdf,OK,
200,0.8,100.0,euclidean,0.4211357082639203,0.0,99990,umap_shepard_results/pdf/umap_shepard _n200_m0.8_repstr100.0_euclidean.pdf,OK,
20,0.5,100.0,cosine,0.42111783099547834,0.0,99990,umap_shepard_results/pdf/umap_shepard _n20_m0.5_repstr100.0_cosine.pdf,OK,
2,0.0,100.0,manhattan,0.42110487071624547,0.0,99990,umap_shepard_results/pdf/umap_shepard _n2_m0.0_repstr100.0_manhattan.pdf,OK,
200,0.99,10.0,cosine,0.4211028416922884,0.0,99990,umap_shepard_results/pdf/umap_shepard _n200_m0.99_repstr10.0_cosine.pdf,OK,
100,0.5,100.0,cosine,0.42109449960118556,0.0,99990,umap_shepard_results/pdf/umap_shepard _n100_m0.5_repstr100.0_cosine.pdf,OK,
20,0.1,5.0,euclidean,0.42108323781702145,0.0,99990,umap_shepard_results/pdf/umap_shepard _n20_m0.1_repstr5.0_euclidean.pdf,OK,
5,0.25,1.0,euclidean,0.4210692269464327,0.0,99990,umap_shepard_results/pdf/umap_shepard _n5_m0.25_repstr1.0_euclidean.pdf,OK,
2,0.5,0.5,cosine,0.421060077088803,0.0,99990,umap_shepard_results/pdf/umap_shepard _n2_m0.5_repstr0.5_cosine.pdf,OK,
200,0.1,0.5,euclidean,0.4210443899010627,0.0,99990,umap_shepard_results/pdf/umap_shepard _n200_m0.1_repstr0.5_euclidean.pdf,OK,
5,0.1,1.0,cosine,0.421040981688705,0.0,99990,umap_shepard_results/pdf/umap_shepard _n5_m0.1_repstr1.0_cosine.pdf,OK,
50,0.25,1.0,cosine,0.42103755685727556,0.0,99990,umap_shepard_results/pdf/umap_shepard _n50_m0.25_repstr1.0_cosine.pdf,OK,
2,0.5,1.0,manhattan,0.42100112764880554,0.0,99990,umap_shepard_results/pdf/umap_shepard _n2_m0.5_repstr1.0_manhattan.pdf,OK,
100,0.8,2.0,manhattan,0.42098819278491306,0.0,99990,umap_shepard_results/pdf/umap_shepard _n100_m0.8_repstr2.0_manhattan.pdf,OK,
200,0.0,1.0,manhattan,0.4209730795937289,0.0,99990,umap_shepard_results/pdf/umap_shepard _n200_m0.0_repstr1.0_manhattan.pdf,OK,
2,0.25,0.01,euclidean,0.42094712206084883,0.0,99990,umap_shepard_results/pdf/umap_shepard _n2_m0.25_repstr0.01_euclidean.pdf,OK,
200,0.0,2.0,manhattan,0.4209211729642799,0.0,99990,umap_shepard_results/pdf/umap_shepard _n200_m0.0_repstr2.0_manhattan.pdf,OK,
200,0.0,1.0,cosine,0.42091429462833646,0.0,99990,umap_shepard_results/pdf/umap_shepard _n200_m0.0_repstr1.0_cosine.pdf,OK,
20,0.5,0.01,euclidean,0.420912805649216,0.0,99990,umap_shepard_results/pdf/umap_shepard _n20_m0.5_repstr0.01_euclidean.pdf,OK,
50,0.0,0.01,euclidean,0.42086437501212925,0.0,99990,umap_shepard_results/pdf/umap_shepard _n50_m0.0_repstr0.01_euclidean.pdf,OK,
2,0.1,2.0,cosine,0.42085481224242366,0.0,99990,umap_shepard_results/pdf/umap_shepard _n2_m0.1_repstr2.0_cosine.pdf,OK,
1000,0.25,100.0,cosine,0.42081355690857336,0.0,99990,umap_shepard_results/pdf/umap_shepard _n1000_m0.25_repstr100.0_cosine.pdf,OK,
50,0.99,100.0,euclidean,0.4207858608123576,0.0,99990,umap_shepard_results/pdf/umap_shepard _n50_m0.99_repstr100.0_euclidean.pdf,OK,
20,0.0,5.0,cosine,0.42076624852270483,0.0,99990,umap_shepard_results/pdf/umap_shepard _n20_m0.0_repstr5.0_cosine.pdf,OK,
1000,0.25,2.0,euclidean,0.4206828398678441,0.0,99990,umap_shepard_results/pdf/umap_shepard _n1000_m0.25_repstr2.0_euclidean.pdf,OK,
5,0.1,10.0,manhattan,0.4206821701894486,0.0,99990,umap_shepard_results/pdf/umap_shepard _n5_m0.1_repstr10.0_manhattan.pdf,OK,
5,0.1,1.0,manhattan,0.42066775616669333,0.0,99990,umap_shepard_results/pdf/umap_shepard _n5_m0.1_repstr1.0_manhattan.pdf,OK,
100,0.8,0.01,manhattan,0.42066701683600255,0.0,99990,umap_shepard_results/pdf/umap_shepard _n100_m0.8_repstr0.01_manhattan.pdf,OK,
20,0.0,100.0,manhattan,0.4206495222948192,0.0,99990,umap_shepard_results/pdf/umap_shepard _n20_m0.0_repstr100.0_manhattan.pdf,OK,
50,0.25,100.0,euclidean,0.42064734398177833,0.0,99990,umap_shepard_results/pdf/umap_shepard _n50_m0.25_repstr100.0_euclidean.pdf,OK,
2,0.1,0.01,euclidean,0.4206412431647391,0.0,99990,umap_shepard_results/pdf/umap_shepard _n2_m0.1_repstr0.01_euclidean.pdf,OK,
100,0.25,0.01,euclidean,0.4206145392275476,0.0,99990,umap_shepard_results/pdf/umap_shepard _n100_m0.25_repstr0.01_euclidean.pdf,OK,
100,0.0,1.0,cosine,0.42059756095969836,0.0,99990,umap_shepard_results/pdf/umap_shepard _n100_m0.0_repstr1.0_cosine.pdf,OK,
1000,0.25,2.0,cosine,0.4205811827265086,0.0,99990,umap_shepard_results/pdf/umap_shepard _n1000_m0.25_repstr2.0_cosine.pdf,OK,
5,0.99,1.0,manhattan,0.4205773057510881,0.0,99990,umap_shepard_results/pdf/umap_shepard _n5_m0.99_repstr1.0_manhattan.pdf,OK,
100,0.8,2.0,cosine,0.4205455220387793,0.0,99990,umap_shepard_results/pdf/umap_shepard _n100_m0.8_repstr2.0_cosine.pdf,OK,
50,0.1,0.5,euclidean,0.4205028219855681,0.0,99990,umap_shepard_results/pdf/umap_shepard _n50_m0.1_repstr0.5_euclidean.pdf,OK,
2,0.5,1.0,euclidean,0.42045394228117966,0.0,99990,umap_shepard_results/pdf/umap_shepard _n2_m0.5_repstr1.0_euclidean.pdf,OK,
2,0.8,5.0,manhattan,0.42044976018002267,0.0,99990,umap_shepard_results/pdf/umap_shepard _n2_m0.8_repstr5.0_manhattan.pdf,OK,
2,0.1,0.01,cosine,0.4204442114213294,0.0,99990,umap_shepard_results/pdf/umap_shepard _n2_m0.1_repstr0.01_cosine.pdf,OK,
1000,0.25,1.0,cosine,0.42039674150555295,0.0,99990,umap_shepard_results/pdf/umap_shepard _n1000_m0.25_repstr1.0_cosine.pdf,OK,
1000,0.1,10.0,manhattan,0.42032776986398035,0.0,99990,umap_shepard_results/pdf/umap_shepard _n1000_m0.1_repstr10.0_manhattan.pdf,OK,
20,0.1,10.0,cosine,0.42020455364736425,0.0,99990,umap_shepard_results/pdf/umap_shepard _n20_m0.1_repstr10.0_cosine.pdf,OK,
200,0.0,2.0,cosine,0.42016961801407793,0.0,99990,umap_shepard_results/pdf/umap_shepard _n200_m0.0_repstr2.0_cosine.pdf,OK,
50,0.8,0.01,euclidean,0.4200590587361621,0.0,99990,umap_shepard_results/pdf/umap_shepard _n50_m0.8_repstr0.01_euclidean.pdf,OK,
20,0.5,10.0,cosine,0.4200337937955068,0.0,99990,umap_shepard_results/pdf/umap_shepard _n20_m0.5_repstr10.0_cosine.pdf,OK,
200,0.0,0.5,euclidean,0.4199818351086966,0.0,99990,umap_shepard_results/pdf/umap_shepard _n200_m0.0_repstr0.5_euclidean.pdf,OK,
2,0.99,2.0,manhattan,0.41994275610680665,0.0,99990,umap_shepard_results/pdf/umap_shepard _n2_m0.99_repstr2.0_manhattan.pdf,OK,
5,0.5,1.0,cosine,0.4199155994178856,0.0,99990,umap_shepard_results/pdf/umap_shepard _n5_m0.5_repstr1.0_cosine.pdf,OK,
100,0.1,1.0,manhattan,0.41982220530090164,0.0,99990,umap_shepard_results/pdf/umap_shepard _n100_m0.1_repstr1.0_manhattan.pdf,OK,
5,0.1,2.0,manhattan,0.41971560477612996,0.0,99990,umap_shepard_results/pdf/umap_shepard _n5_m0.1_repstr2.0_manhattan.pdf,OK,
100,0.99,0.01,manhattan,0.41970968011144855,0.0,99990,umap_shepard_results/pdf/umap_shepard _n100_m0.99_repstr0.01_manhattan.pdf,OK,
100,0.99,0.5,cosine,0.4196152128790097,0.0,99990,umap_shepard_results/pdf/umap_shepard _n100_m0.99_repstr0.5_cosine.pdf,OK,
2,0.8,0.5,manhattan,0.4195685235865311,0.0,99990,umap_shepard_results/pdf/umap_shepard _n2_m0.8_repstr0.5_manhattan.pdf,OK,
5,0.5,0.5,euclidean,0.4193957015037612,0.0,99990,umap_shepard_results/pdf/umap_shepard _n5_m0.5_repstr0.5_euclidean.pdf,OK,
100,0.99,5.0,euclidean,0.41936786180644237,0.0,99990,umap_shepard_results/pdf/umap_shepard _n100_m0.99_repstr5.0_euclidean.pdf,OK,
20,0.8,1.0,cosine,0.41934558022604895,0.0,99990,umap_shepard_results/pdf/umap_shepard _n20_m0.8_repstr1.0_cosine.pdf,OK,
200,0.25,10.0,manhattan,0.41928165912563986,0.0,99990,umap_shepard_results/pdf/umap_shepard _n200_m0.25_repstr10.0_manhattan.pdf,OK,
1000,0.8,1.0,cosine,0.41925696553050545,0.0,99990,umap_shepard_results/pdf/umap_shepard _n1000_m0.8_repstr1.0_cosine.pdf,OK,
1000,0.0,5.0,cosine,0.4191943462773333,0.0,99990,umap_shepard_results/pdf/umap_shepard _n1000_m0.0_repstr5.0_cosine.pdf,OK,
2,0.5,0.01,manhattan,0.41911345123894705,0.0,99990,umap_shepard_results/pdf/umap_shepard _n2_m0.5_repstr0.01_manhattan.pdf,OK,
100,0.1,5.0,euclidean,0.4190041796144519,0.0,99990,umap_shepard_results/pdf/umap_shepard _n100_m0.1_repstr5.0_euclidean.pdf,OK,
200,0.25,100.0,euclidean,0.4189983025947023,0.0,99990,umap_shepard_results/pdf/umap_shepard _n200_m0.25_repstr100.0_euclidean.pdf,OK,
2,0.8,10.0,cosine,0.4186492716791335,0.0,99990,umap_shepard_results/pdf/umap_shepard _n2_m0.8_repstr10.0_cosine.pdf,OK,
1000,0.25,0.01,euclidean,0.41864113732326524,0.0,99990,umap_shepard_results/pdf/umap_shepard _n1000_m0.25_repstr0.01_euclidean.pdf,OK,
2,0.25,0.01,manhattan,0.4186051267482404,0.0,99990,umap_shepard_results/pdf/umap_shepard _n2_m0.25_repstr0.01_manhattan.pdf,OK,
100,0.0,0.5,cosine,0.4185444806242544,0.0,99990,umap_shepard_results/pdf/umap_shepard _n100_m0.0_repstr0.5_cosine.pdf,OK,
100,0.1,2.0,cosine,0.4185386136942421,0.0,99990,umap_shepard_results/pdf/umap_shepard _n100_m0.1_repstr2.0_cosine.pdf,OK,
5,0.25,5.0,manhattan,0.41852211173366305,0.0,99990,umap_shepard_results/pdf/umap_shepard _n5_m0.25_repstr5.0_manhattan.pdf,OK,
2,0.0,2.0,euclidean,0.41842976072544585,0.0,99990,umap_shepard_results/pdf/umap_shepard _n2_m0.0_repstr2.0_euclidean.pdf,OK,
50,0.0,100.0,manhattan,0.4181048653097042,0.0,99990,umap_shepard_results/pdf/umap_shepard _n50_m0.0_repstr100.0_manhattan.pdf,OK,
50,0.25,100.0,manhattan,0.4181001989380331,0.0,99990,umap_shepard_results/pdf/umap_shepard _n50_m0.25_repstr100.0_manhattan.pdf,OK,
100,0.0,1.0,manhattan,0.41805285646881285,0.0,99990,umap_shepard_results/pdf/umap_shepard _n100_m0.0_repstr1.0_manhattan.pdf,OK,
200,0.25,100.0,cosine,0.41793140782226407,0.0,99990,umap_shepard_results/pdf/umap_shepard _n200_m0.25_repstr100.0_cosine.pdf,OK,
1000,0.0,100.0,euclidean,0.4178599811911655,0.0,99990,umap_shepard_results/pdf/umap_shepard _n1000_m0.0_repstr100.0_euclidean.pdf,OK,
200,0.25,5.0,euclidean,0.41779551514113705,0.0,99990,umap_shepard_results/pdf/umap_shepard _n200_m0.25_repstr5.0_euclidean.pdf,OK,
200,0.8,0.01,euclidean,0.417704657597475,0.0,99990,umap_shepard_results/pdf/umap_shepard _n200_m0.8_repstr0.01_euclidean.pdf,OK,
1000,0.5,2.0,manhattan,0.41720377738728054,0.0,99990,umap_shepard_results/pdf/umap_shepard _n1000_m0.5_repstr2.0_manhattan.pdf,OK,
100,0.99,5.0,manhattan,0.41668247467072295,0.0,99990,umap_shepard_results/pdf/umap_shepard _n100_m0.99_repstr5.0_manhattan.pdf,OK,
50,0.0,5.0,manhattan,0.4164192443684484,0.0,99990,umap_shepard_results/pdf/umap_shepard _n50_m0.0_repstr5.0_manhattan.pdf,OK,
20,0.0,10.0,euclidean,0.4161574602808358,0.0,99990,umap_shepard_results/pdf/umap_shepard _n20_m0.0_repstr10.0_euclidean.pdf,OK,
5,0.1,5.0,manhattan,0.41597343255945474,0.0,99990,umap_shepard_results/pdf/umap_shepard _n5_m0.1_repstr5.0_manhattan.pdf,OK,
1000,0.5,1.0,manhattan,0.4157798330512398,0.0,99990,umap_shepard_results/pdf/umap_shepard _n1000_m0.5_repstr1.0_manhattan.pdf,OK,
2,0.1,10.0,cosine,0.4157601108372543,0.0,99990,umap_shepard_results/pdf/umap_shepard _n2_m0.1_repstr10.0_cosine.pdf,OK,
2,0.99,0.01,cosine,0.415525397262328,0.0,99990,umap_shepard_results/pdf/umap_shepard _n2_m0.99_repstr0.01_cosine.pdf,OK,
1000,0.99,2.0,cosine,0.41533662375356056,0.0,99990,umap_shepard_results/pdf/umap_shepard _n1000_m0.99_repstr2.0_cosine.pdf,OK,
1000,0.8,10.0,manhattan,0.41484185197131024,0.0,99990,umap_shepard_results/pdf/umap_shepard _n1000_m0.8_repstr10.0_manhattan.pdf,OK,
5,0.99,0.5,manhattan,0.41471116569260497,0.0,99990,umap_shepard_results/pdf/umap_shepard _n5_m0.99_repstr0.5_manhattan.pdf,OK,
20,0.99,0.01,manhattan,0.4134438622212637,0.0,99990,umap_shepard_results/pdf/umap_shepard _n20_m0.99_repstr0.01_manhattan.pdf,OK,
20,0.25,0.01,manhattan,0.41338239477527977,0.0,99990,umap_shepard_results/pdf/umap_shepard _n20_m0.25_repstr0.01_manhattan.pdf,OK,
50,0.8,5.0,manhattan,0.41298647646871905,0.0,99990,umap_shepard_results/pdf/umap_shepard _n50_m0.8_repstr5.0_manhattan.pdf,OK,
5,0.25,10.0,euclidean,0.41202845770482016,0.0,99990,umap_shepard_results/pdf/umap_shepard _n5_m0.25_repstr10.0_euclidean.pdf,OK,
20,0.8,5.0,manhattan,0.4111367103550529,0.0,99990,umap_shepard_results/pdf/umap_shepard _n20_m0.8_repstr5.0_manhattan.pdf,OK,
2,0.5,5.0,manhattan,0.40942933079274424,0.0,99990,umap_shepard_results/pdf/umap_shepard _n2_m0.5_repstr5.0_manhattan.pdf,OK,
100,0.25,100.0,cosine,0.4092325183357229,0.0,99990,umap_shepard_results/pdf/umap_shepard _n100_m0.25_repstr100.0_cosine.pdf,OK,
2,0.1,100.0,euclidean,0.4092071589267863,0.0,99990,umap_shepard_results/pdf/umap_shepard _n2_m0.1_repstr100.0_euclidean.pdf,OK,
50,0.99,1.0,manhattan,0.40877962791069333,0.0,99990,umap_shepard_results/pdf/umap_shepard _n50_m0.99_repstr1.0_manhattan.pdf,OK,
1000,0.8,5.0,euclidean,0.40868193236877426,0.0,99990,umap_shepard_results/pdf/umap_shepard _n1000_m0.8_repstr5.0_euclidean.pdf,OK,
50,0.0,2.0,cosine,0.40856066205431113,0.0,99990,umap_shepard_results/pdf/umap_shepard _n50_m0.0_repstr2.0_cosine.pdf,OK,
200,0.99,10.0,manhattan,0.4079741958655227,0.0,99990,umap_shepard_results/pdf/umap_shepard _n200_m0.99_repstr10.0_manhattan.pdf,OK,
20,0.1,2.0,cosine,0.4075798030077228,0.0,99990,umap_shepard_results/pdf/umap_shepard _n20_m0.1_repstr2.0_cosine.pdf,OK,
1000,0.99,1.0,manhattan,0.40723857306070965,0.0,99990,umap_shepard_results/pdf/umap_shepard _n1000_m0.99_repstr1.0_manhattan.pdf,OK,
5,0.1,0.5,cosine,0.40710737683291537,0.0,99990,umap_shepard_results/pdf/umap_shepard _n5_m0.1_repstr0.5_cosine.pdf,OK,
50,0.5,10.0,cosine,0.40682544884871097,0.0,99990,umap_shepard_results/pdf/umap_shepard _n50_m0.5_repstr10.0_cosine.pdf,OK,
20,0.99,0.5,euclidean,0.4065983773642178,0.0,99990,umap_shepard_results/pdf/umap_shepard _n20_m0.99_repstr0.5_euclidean.pdf,OK,
20,0.25,10.0,euclidean,0.40635790072893796,0.0,99990,umap_shepard_results/pdf/umap_shepard _n20_m0.25_repstr10.0_euclidean.pdf,OK,
50,0.8,0.5,manhattan,0.40603134060406787,0.0,99990,umap_shepard_results/pdf/umap_shepard _n50_m0.8_repstr0.5_manhattan.pdf,OK,
50,0.1,2.0,cosine,0.4057824100182724,0.0,99990,umap_shepard_results/pdf/umap_shepard _n50_m0.1_repstr2.0_cosine.pdf,OK,
200,0.5,0.01,cosine,0.4056144666596978,0.0,99990,umap_shepard_results/pdf/umap_shepard _n200_m0.5_repstr0.01_cosine.pdf,OK,
5,0.0,0.5,cosine,0.4049206872756083,0.0,99990,umap_shepard_results/pdf/umap_shepard _n5_m0.0_repstr0.5_cosine.pdf,OK,
50,0.8,0.5,euclidean,0.40316588004968495,0.0,99990,umap_shepard_results/pdf/umap_shepard _n50_m0.8_repstr0.5_euclidean.pdf,OK,
5,0.25,2.0,euclidean,0.4030837581379633,0.0,99990,umap_shepard_results/pdf/umap_shepard _n5_m0.25_repstr2.0_euclidean.pdf,OK,
200,0.99,100.0,cosine,0.4024676159726234,0.0,99990,umap_shepard_results/pdf/umap_shepard _n200_m0.99_repstr100.0_cosine.pdf,OK,
200,0.1,5.0,euclidean,0.40217893306449803,0.0,99990,umap_shepard_results/pdf/umap_shepard _n200_m0.1_repstr5.0_euclidean.pdf,OK,
5,0.1,2.0,euclidean,0.402050229122742,0.0,99990,umap_shepard_results/pdf/umap_shepard _n5_m0.1_repstr2.0_euclidean.pdf,OK,
2,0.8,1.0,manhattan,0.4011988159385126,0.0,99990,umap_shepard_results/pdf/umap_shepard _n2_m0.8_repstr1.0_manhattan.pdf,OK,
100,0.25,10.0,manhattan,0.4010438693543658,0.0,99990,umap_shepard_results/pdf/umap_shepard _n100_m0.25_repstr10.0_manhattan.pdf,OK,
20,0.1,0.5,cosine,0.4009939950109745,0.0,99990,umap_shepard_results/pdf/umap_shepard _n20_m0.1_repstr0.5_cosine.pdf,OK,
20,0.5,100.0,euclidean,0.4007408477938131,0.0,99990,umap_shepard_results/pdf/umap_shepard _n20_m0.5_repstr100.0_euclidean.pdf,OK,
200,0.5,5.0,manhattan,0.4004177292520937,0.0,99990,umap_shepard_results/pdf/umap_shepard _n200_m0.5_repstr5.0_manhattan.pdf,OK,
200,0.1,2.0,euclidean,0.4003125880970164,0.0,99990,umap_shepard_results/pdf/umap_shepard _n200_m0.1_repstr2.0_euclidean.pdf,OK,
20,0.99,5.0,euclidean,0.4001624611561975,0.0,99990,umap_shepard_results/pdf/umap_shepard _n20_m0.99_repstr5.0_euclidean.pdf,OK,
1000,0.25,100.0,manhattan,0.4001450730058587,0.0,99990,umap_shepard_results/pdf/umap_shepard _n1000_m0.25_repstr100.0_manhattan.pdf,OK,
2,0.99,100.0,euclidean,0.40010814919483856,0.0,99990,umap_shepard_results/pdf/umap_shepard _n2_m0.99_repstr100.0_euclidean.pdf,OK,
50,0.8,10.0,manhattan,0.3999739357027169,0.0,99990,umap_shepard_results/pdf/umap_shepard _n50_m0.8_repstr10.0_manhattan.pdf,OK,
1000,0.8,2.0,manhattan,0.39994126595611407,0.0,99990,umap_shepard_results/pdf/umap_shepard _n1000_m0.8_repstr2.0_manhattan.pdf,OK,
50,0.25,1.0,manhattan,0.3999005179769954,0.0,99990,umap_shepard_results/pdf/umap_shepard _n50_m0.25_repstr1.0_manhattan.pdf,OK,
100,0.1,100.0,manhattan,0.3998343677762605,0.0,99990,umap_shepard_results/pdf/umap_shepard _n100_m0.1_repstr100.0_manhattan.pdf,OK,
100,0.1,1.0,euclidean,0.399755479677276,0.0,99990,umap_shepard_results/pdf/umap_shepard _n100_m0.1_repstr1.0_euclidean.pdf,OK,
5,0.5,1.0,euclidean,0.39973485490079,0.0,99990,umap_shepard_results/pdf/umap_shepard _n5_m0.5_repstr1.0_euclidean.pdf,OK,
2,0.8,2.0,euclidean,0.39971226307020946,0.0,99990,umap_shepard_results/pdf/umap_shepard _n2_m0.8_repstr2.0_euclidean.pdf,OK,
1000,0.1,2.0,cosine,0.39967403016297687,0.0,99990,umap_shepard_results/pdf/umap_shepard _n1000_m0.1_repstr2.0_cosine.pdf,OK,
200,0.8,0.5,manhattan,0.39952405695560095,0.0,99990,umap_shepard_results/pdf/umap_shepard _n200_m0.8_repstr0.5_manhattan.pdf,OK,
20,0.0,1.0,cosine,0.3993262345387813,0.0,99990,umap_shepard_results/pdf/umap_shepard _n20_m0.0_repstr1.0_cosine.pdf,OK,
1000,0.8,1.0,manhattan,0.39931673447129384,0.0,99990,umap_shepard_results/pdf/umap_shepard _n1000_m0.8_repstr1.0_manhattan.pdf,OK,
1000,0.5,0.01,euclidean,0.39914318114555114,0.0,99990,umap_shepard_results/pdf/umap_shepard _n1000_m0.5_repstr0.01_euclidean.pdf,OK,
1000,0.5,0.5,euclidean,0.3991419108610382,0.0,99990,umap_shepard_results/pdf/umap_shepard _n1000_m0.5_repstr0.5_euclidean.pdf,OK,
1000,0.0,100.0,cosine,0.39889546904706225,0.0,99990,umap_shepard_results/pdf/umap_shepard _n1000_m0.0_repstr100.0_cosine.pdf,OK,
5,0.5,10.0,cosine,0.39889490051768,0.0,99990,umap_shepard_results/pdf/umap_shepard _n5_m0.5_repstr10.0_cosine.pdf,OK,
5,0.99,100.0,manhattan,0.3987858698007311,0.0,99990,umap_shepard_results/pdf/umap_shepard _n5_m0.99_repstr100.0_manhattan.pdf,OK,
1000,0.0,1.0,manhattan,0.39874383116469275,0.0,99990,umap_shepard_results/pdf/umap_shepard _n1000_m0.0_repstr1.0_manhattan.pdf,OK,
50,0.1,1.0,cosine,0.3984733114204168,0.0,99990,umap_shepard_results/pdf/umap_shepard _n50_m0.1_repstr1.0_cosine.pdf,OK,
20,0.5,0.5,manhattan,0.39842908469015725,0.0,99990,umap_shepard_results/pdf/umap_shepard _n20_m0.5_repstr0.5_manhattan.pdf,OK,
1000,0.25,5.0,euclidean,0.39841139385047214,0.0,99990,umap_shepard_results/pdf/umap_shepard _n1000_m0.25_repstr5.0_euclidean.pdf,OK,
20,0.5,1.0,cosine,0.3982399875786589,0.0,99990,umap_shepard_results/pdf/umap_shepard _n20_m0.5_repstr1.0_cosine.pdf,OK,
50,0.99,2.0,cosine,0.3981858262907263,0.0,99990,umap_shepard_results/pdf/umap_shepard _n50_m0.99_repstr2.0_cosine.pdf,OK,
200,0.5,1.0,cosine,0.3981791497504235,0.0,99990,umap_shepard_results/pdf/umap_shepard _n200_m0.5_repstr1.0_cosine.pdf,OK,
50,0.99,1.0,euclidean,0.3980371575682334,0.0,99990,umap_shepard_results/pdf/umap_shepard _n50_m0.99_repstr1.0_euclidean.pdf,OK,
200,0.0,5.0,manhattan,0.3978422459945785,0.0,99990,umap_shepard_results/pdf/umap_shepard _n200_m0.0_repstr5.0_manhattan.pdf,OK,
200,0.0,100.0,cosine,0.39782145655576706,0.0,99990,umap_shepard_results/pdf/umap_shepard _n200_m0.0_repstr100.0_cosine.pdf,OK,
2,0.5,0.5,euclidean,0.39777028971893497,0.0,99990,umap_shepard_results/pdf/umap_shepard _n2_m0.5_repstr0.5_euclidean.pdf,OK,
100,0.0,0.01,euclidean,0.3976903522135611,0.0,99990,umap_shepard_results/pdf/umap_shepard _n100_m0.0_repstr0.01_euclidean.pdf,OK,
100,0.8,5.0,euclidean,0.39767987012217076,0.0,99990,umap_shepard_results/pdf/umap_shepard _n100_m0.8_repstr5.0_euclidean.pdf,OK,
200,0.99,2.0,manhattan,0.3975930616213561,0.0,99990,umap_shepard_results/pdf/umap_shepard _n200_m0.99_repstr2.0_manhattan.pdf,OK,
20,0.0,0.5,manhattan,0.3973325937097413,0.0,99990,umap_shepard_results/pdf/umap_shepard _n20_m0.0_repstr0.5_manhattan.pdf,OK,
50,0.1,5.0,manhattan,0.39726998078109377,0.0,99990,umap_shepard_results/pdf/umap_shepard _n50_m0.1_repstr5.0_manhattan.pdf,OK,
50,0.1,100.0,euclidean,0.3971788636868357,0.0,99990,umap_shepard_results/pdf/umap_shepard _n50_m0.1_repstr100.0_euclidean.pdf,OK,
200,0.25,2.0,manhattan,0.39714635372079565,0.0,99990,umap_shepard_results/pdf/umap_shepard _n200_m0.25_repstr2.0_manhattan.pdf,OK,
100,0.8,0.5,euclidean,0.39707722793072364,0.0,99990,umap_shepard_results/pdf/umap_shepard _n100_m0.8_repstr0.5_euclidean.pdf,OK,
5,0.25,0.01,manhattan,0.39688153845899926,0.0,99990,umap_shepard_results/pdf/umap_shepard _n5_m0.25_repstr0.01_manhattan.pdf,OK,
20,0.99,0.01,cosine,0.39687672530631857,0.0,99990,umap_shepard_results/pdf/umap_shepard _n20_m0.99_repstr0.01_cosine.pdf,OK,
50,0.25,2.0,euclidean,0.3968381299040727,0.0,99990,umap_shepard_results/pdf/umap_shepard _n50_m0.25_repstr2.0_euclidean.pdf,OK,
2,0.99,1.0,cosine,0.396669614635909,0.0,99990,umap_shepard_results/pdf/umap_shepard _n2_m0.99_repstr1.0_cosine.pdf,OK,
100,0.25,2.0,manhattan,0.39666560517635485,0.0,99990,umap_shepard_results/pdf/umap_shepard _n100_m0.25_repstr2.0_manhattan.pdf,OK,
2,0.25,5.0,cosine,0.3966478150598557,0.0,99990,umap_shepard_results/pdf/umap_shepard _n2_m0.25_repstr5.0_cosine.pdf,OK,
20,0.5,2.0,manhattan,0.3966063901369567,0.0,99990,umap_shepard_results/pdf/umap_shepard _n20_m0.5_repstr2.0_manhattan.pdf,OK,
200,0.8,10.0,euclidean,0.39646173670447343,0.0,99990,umap_shepard_results/pdf/umap_shepard _n200_m0.8_repstr10.0_euclidean.pdf,OK,
5,0.25,1.0,manhattan,0.39628902697958274,0.0,99990,umap_shepard_results/pdf/umap_shepard _n5_m0.25_repstr1.0_manhattan.pdf,OK,
1000,0.99,100.0,euclidean,0.3961883886285344,0.0,99990,umap_shepard_results/pdf/umap_shepard _n1000_m0.99_repstr100.0_euclidean.pdf,OK,
1000,0.8,100.0,euclidean,0.3960719330031816,0.0,99990,umap_shepard_results/pdf/umap_shepard _n1000_m0.8_repstr100.0_euclidean.pdf,OK,
5,0.8,1.0,euclidean,0.3960417151460047,0.0,99990,umap_shepard_results/pdf/umap_shepard _n5_m0.8_repstr1.0_euclidean.pdf,OK,
100,0.99,1.0,euclidean,0.39601708215019815,0.0,99990,umap_shepard_results/pdf/umap_shepard _n100_m0.99_repstr1.0_euclidean.pdf,OK,
100,0.25,5.0,manhattan,0.39596758154328715,0.0,99990,umap_shepard_results/pdf/umap_shepard _n100_m0.25_repstr5.0_manhattan.pdf,OK,
2,0.0,0.5,manhattan,0.39593686989054255,0.0,99990,umap_shepard_results/pdf/umap_shepard _n2_m0.0_repstr0.5_manhattan.pdf,OK,
50,0.1,100.0,manhattan,0.39592611594295657,0.0,99990,umap_shepard_results/pdf/umap_shepard _n50_m0.1_repstr100.0_manhattan.pdf,OK,
100,0.8,2.0,euclidean,0.39584600972648015,0.0,99990,umap_shepard_results/pdf/umap_shepard _n100_m0.8_repstr2.0_euclidean.pdf,OK,
1000,0.25,2.0,manhattan,0.3958269504329078,0.0,99990,umap_shepard_results/pdf/umap_shepard _n1000_m0.25_repstr2.0_manhattan.pdf,OK,
5,0.1,100.0,manhattan,0.39554075761393187,0.0,99990,umap_shepard_results/pdf/umap_shepard _n5_m0.1_repstr100.0_manhattan.pdf,OK,
50,0.25,0.5,euclidean,0.39552714848704146,0.0,99990,umap_shepard_results/pdf/umap_shepard _n50_m0.25_repstr0.5_euclidean.pdf,OK,
2,0.99,2.0,cosine,0.3954632192789701,0.0,99990,umap_shepard_results/pdf/umap_shepard _n2_m0.99_repstr2.0_cosine.pdf,OK,
1000,0.1,10.0,cosine,0.3953318083387901,0.0,99990,umap_shepard_results/pdf/umap_shepard _n1000_m0.1_repstr10.0_cosine.pdf,OK,
1000,0.99,0.01,cosine,0.3950986385079758,0.0,99990,umap_shepard_results/pdf/umap_shepard _n1000_m0.99_repstr0.01_cosine.pdf,OK,
20,0.1,10.0,euclidean,0.3950301423294758,0.0,99990,umap_shepard_results/pdf/umap_shepard _n20_m0.1_repstr10.0_euclidean.pdf,OK,
50,0.5,100.0,euclidean,0.3945757722554594,0.0,99990,umap_shepard_results/pdf/umap_shepard _n50_m0.5_repstr100.0_euclidean.pdf,OK,
2,0.1,5.0,euclidean,0.3944563511727651,0.0,99990,umap_shepard_results/pdf/umap_shepard _n2_m0.1_repstr5.0_euclidean.pdf,OK,
2,0.5,10.0,euclidean,0.394454944552116,0.0,99990,umap_shepard_results/pdf/umap_shepard _n2_m0.5_repstr10.0_euclidean.pdf,OK,
5,0.0,1.0,cosine,0.39428645133897244,0.0,99990,umap_shepard_results/pdf/umap_shepard _n5_m0.0_repstr1.0_cosine.pdf,OK,
200,0.8,100.0,cosine,0.3942861422622127,0.0,99990,umap_shepard_results/pdf/umap_shepard _n200_m0.8_repstr100.0_cosine.pdf,OK,
1000,0.8,2.0,cosine,0.39401397653460873,0.0,99990,umap_shepard_results/pdf/umap_shepard _n1000_m0.8_repstr2.0_cosine.pdf,OK,
100,0.8,0.01,cosine,0.39367766814539334,0.0,99990,umap_shepard_results/pdf/umap_shepard _n100_m0.8_repstr0.01_cosine.pdf,OK,
200,0.8,10.0,cosine,0.39367668089572255,0.0,99990,umap_shepard_results/pdf/umap_shepard _n200_m0.8_repstr10.0_cosine.pdf,OK,
1000,0.5,100.0,manhattan,0.3934797336363536,0.0,99990,umap_shepard_results/pdf/umap_shepard _n1000_m0.5_repstr100.0_manhattan.pdf,OK,
200,0.1,1.0,manhattan,0.39243673137436164,0.0,99990,umap_shepard_results/pdf/umap_shepard _n200_m0.1_repstr1.0_manhattan.pdf,OK,
5,0.0,2.0,manhattan,0.39222784158974555,0.0,99990,umap_shepard_results/pdf/umap_shepard _n5_m0.0_repstr2.0_manhattan.pdf,OK,
5,0.0,1.0,euclidean,0.3922216292870306,0.0,99990,umap_shepard_results/pdf/umap_shepard _n5_m0.0_repstr1.0_euclidean.pdf,OK,
2,0.1,1.0,euclidean,0.3920803430093893,0.0,99990,umap_shepard_results/pdf/umap_shepard _n2_m0.1_repstr1.0_euclidean.pdf,OK,
200,0.0,2.0,euclidean,0.39158704815742157,0.0,99990,umap_shepard_results/pdf/umap_shepard _n200_m0.0_repstr2.0_euclidean.pdf,OK,
100,0.8,1.0,euclidean,0.39106167510862555,0.0,99990,umap_shepard_results/pdf/umap_shepard _n100_m0.8_repstr1.0_euclidean.pdf,OK,
1000,0.25,100.0,euclidean,0.3910564097041296,0.0,99990,umap_shepard_results/pdf/umap_shepard _n1000_m0.25_repstr100.0_euclidean.pdf,OK,
5,0.5,0.01,euclidean,0.3910274502652606,0.0,99990,umap_shepard_results/pdf/umap_shepard _n5_m0.5_repstr0.01_euclidean.pdf,OK,
5,0.25,0.5,manhattan,0.3909271503563465,0.0,99990,umap_shepard_results/pdf/umap_shepard _n5_m0.25_repstr0.5_manhattan.pdf,OK,
1000,0.0,0.01,euclidean,0.39058177810494155,0.0,99990,umap_shepard_results/pdf/umap_shepard _n1000_m0.0_repstr0.01_euclidean.pdf,OK,
1000,0.0,5.0,euclidean,0.3903553320006059,0.0,99990,umap_shepard_results/pdf/umap_shepard _n1000_m0.0_repstr5.0_euclidean.pdf,OK,
50,0.99,0.01,euclidean,0.3900450539840158,0.0,99990,umap_shepard_results/pdf/umap_shepard _n50_m0.99_repstr0.01_euclidean.pdf,OK,
50,0.5,100.0,manhattan,0.38894100507996754,0.0,99990,umap_shepard_results/pdf/umap_shepard _n50_m0.5_repstr100.0_manhattan.pdf,OK,
2,0.25,2.0,manhattan,0.3872019102768532,0.0,99990,umap_shepard_results/pdf/umap_shepard _n2_m0.25_repstr2.0_manhattan.pdf,OK,
5,0.5,0.5,cosine,0.3865781800831706,0.0,99990,umap_shepard_results/pdf/umap_shepard _n5_m0.5_repstr0.5_cosine.pdf,OK,
1000,0.25,0.01,cosine,0.3863306984510912,0.0,99990,umap_shepard_results/pdf/umap_shepard _n1000_m0.25_repstr0.01_cosine.pdf,OK,
100,0.0,100.0,cosine,0.3851668824635385,0.0,99990,umap_shepard_results/pdf/umap_shepard _n100_m0.0_repstr100.0_cosine.pdf,OK,
20,0.0,0.01,cosine,0.3849917164723459,0.0,99990,umap_shepard_results/pdf/umap_shepard _n20_m0.0_repstr0.01_cosine.pdf,OK,
2,0.1,0.5,euclidean,0.38436198335852334,0.0,99990,umap_shepard_results/pdf/umap_shepard _n2_m0.1_repstr0.5_euclidean.pdf,OK,
1000,0.5,5.0,manhattan,0.3841785706610202,0.0,99990,umap_shepard_results/pdf/umap_shepard _n1000_m0.5_repstr5.0_manhattan.pdf,OK,
100,0.1,100.0,cosine,0.3824667367057048,0.0,99990,umap_shepard_results/pdf/umap_shepard _n100_m0.1_repstr100.0_cosine.pdf,OK,
200,0.5,1.0,euclidean,0.38245078959145906,0.0,99990,umap_shepard_results/pdf/umap_shepard _n200_m0.5_repstr1.0_euclidean.pdf,OK,
100,0.5,5.0,manhattan,0.3815542197091512,0.0,99990,umap_shepard_results/pdf/umap_shepard _n100_m0.5_repstr5.0_manhattan.pdf,OK,
1000,0.5,1.0,cosine,0.38140688624197944,0.0,99990,umap_shepard_results/pdf/umap_shepard _n1000_m0.5_repstr1.0_cosine.pdf,OK,
200,0.5,5.0,euclidean,0.3811256782286768,0.0,99990,umap_shepard_results/pdf/umap_shepard _n200_m0.5_repstr5.0_euclidean.pdf,OK,
200,0.0,10.0,cosine,0.3805336351823131,0.0,99990,umap_shepard_results/pdf/umap_shepard _n200_m0.0_repstr10.0_cosine.pdf,OK,
5,0.99,2.0,manhattan,0.3789473554555691,0.0,99990,umap_shepard_results/pdf/umap_shepard _n5_m0.99_repstr2.0_manhattan.pdf,OK,
100,0.1,100.0,euclidean,0.3788233547591059,0.0,99990,umap_shepard_results/pdf/umap_shepard _n100_m0.1_repstr100.0_euclidean.pdf,OK,
5,0.1,10.0,euclidean,0.37859387306126435,0.0,99990,umap_shepard_results/pdf/umap_shepard _n5_m0.1_repstr10.0_euclidean.pdf,OK,
5,0.0,1.0,manhattan,0.3777041068277644,0.0,99990,umap_shepard_results/pdf/umap_shepard _n5_m0.0_repstr1.0_manhattan.pdf,OK,
20,0.8,1.0,euclidean,0.37760684764881386,0.0,99990,umap_shepard_results/pdf/umap_shepard _n20_m0.8_repstr1.0_euclidean.pdf,OK,
50,0.8,100.0,euclidean,0.3774640845971524,0.0,99990,umap_shepard_results/pdf/umap_shepard _n50_m0.8_repstr100.0_euclidean.pdf,OK,
20,0.0,0.5,euclidean,0.3770708030420878,0.0,99990,umap_shepard_results/pdf/umap_shepard _n20_m0.0_repstr0.5_euclidean.pdf,OK,
1000,0.8,0.01,cosine,0.3764081008134248,0.0,99990,umap_shepard_results/pdf/umap_shepard _n1000_m0.8_repstr0.01_cosine.pdf,OK,
200,0.1,2.0,cosine,0.3743757890852458,0.0,99990,umap_shepard_results/pdf/umap_shepard _n200_m0.1_repstr2.0_cosine.pdf,OK,
50,0.5,1.0,euclidean,0.37378082000112295,0.0,99990,umap_shepard_results/pdf/umap_shepard _n50_m0.5_repstr1.0_euclidean.pdf,OK,
5,0.1,100.0,euclidean,0.3729375228710316,0.0,99990,umap_shepard_results/pdf/umap_shepard _n5_m0.1_repstr100.0_euclidean.pdf,OK,
5,0.8,2.0,cosine,0.37284570684854107,0.0,99990,umap_shepard_results/pdf/umap_shepard _n5_m0.8_repstr2.0_cosine.pdf,OK,
200,0.25,10.0,cosine,0.37281579457045094,0.0,99990,umap_shepard_results/pdf/umap_shepard _n200_m0.25_repstr10.0_cosine.pdf,OK,
20,0.25,10.0,cosine,0.37279583700959673,0.0,99990,umap_shepard_results/pdf/umap_shepard _n20_m0.25_repstr10.0_cosine.pdf,OK,
200,0.0,5.0,euclidean,0.37266587793929856,0.0,99990,umap_shepard_results/pdf/umap_shepard _n200_m0.0_repstr5.0_euclidean.pdf,OK,
200,0.8,1.0,cosine,0.3721439919244868,0.0,99990,umap_shepard_results/pdf/umap_shepard _n200_m0.8_repstr1.0_cosine.pdf,OK,
100,0.25,2.0,cosine,0.3715130784366003,0.0,99990,umap_shepard_results/pdf/umap_shepard _n100_m0.25_repstr2.0_cosine.pdf,OK,
100,0.25,10.0,euclidean,0.37140320469780624,0.0,99990,umap_shepard_results/pdf/umap_shepard _n100_m0.25_repstr10.0_euclidean.pdf,OK,
200,0.99,1.0,manhattan,0.37139923252858026,0.0,99990,umap_shepard_results/pdf/umap_shepard _n200_m0.99_repstr1.0_manhattan.pdf,OK,
100,0.0,2.0,euclidean,0.3710695443318682,0.0,99990,umap_shepard_results/pdf/umap_shepard _n100_m0.0_repstr2.0_euclidean.pdf,OK,
100,0.99,2.0,manhattan,0.37099339669190323,0.0,99990,umap_shepard_results/pdf/umap_shepard _n100_m0.99_repstr2.0_manhattan.pdf,OK,
50,0.8,100.0,cosine,0.37087780111221,0.0,99990,umap_shepard_results/pdf/umap_shepard _n50_m0.8_repstr100.0_cosine.pdf,OK,
5,0.8,0.01,cosine,0.3700177641392958,0.0,99990,umap_shepard_results/pdf/umap_shepard _n5_m0.8_repstr0.01_cosine.pdf,OK,
20,0.1,10.0,manhattan,0.36963147517314243,0.0,99990,umap_shepard_results/pdf/umap_shepard _n20_m0.1_repstr10.0_manhattan.pdf,OK,
5,0.5,5.0,cosine,0.36955366503647635,0.0,99990,umap_shepard_results/pdf/umap_shepard _n5_m0.5_repstr5.0_cosine.pdf,OK,
1000,0.0,1.0,euclidean,0.369528817998342,0.0,99990,umap_shepard_results/pdf/umap_shepard _n1000_m0.0_repstr1.0_euclidean.pdf,OK,
1000,0.8,100.0,manhattan,0.3692912197627459,0.0,99990,umap_shepard_results/pdf/umap_shepard _n1000_m0.8_repstr100.0_manhattan.pdf,OK,
1000,0.1,5.0,cosine,0.36855681551082,0.0,99990,umap_shepard_results/pdf/umap_shepard _n1000_m0.1_repstr5.0_cosine.pdf,OK,
50,0.5,0.01,cosine,0.3682155104430573,0.0,99990,umap_shepard_results/pdf/umap_shepard _n50_m0.5_repstr0.01_cosine.pdf,OK,
1000,0.5,0.01,manhattan,0.3681811535359524,0.0,99990,umap_shepard_results/pdf/umap_shepard _n1000_m0.5_repstr0.01_manhattan.pdf,OK,
